order_id,customer_id,order_date,product_category,product_name,quantity,unit_price,discount_percent,subtotal,shipping_cost,tax_amount,total_amount,payment_method,order_status,shipping_method,sales_channel,coupon_code,warehouse_region,delivery_days
10004142,618864,12-10-2025,Fashion,Denim Jeans,1,2642.73,16,2642.73,38.3,266.39,2524.58,UPI,Delivered,Pickup Point,Website,,West,5
10027082,949856,21-10-2024,Sports & Fitness,Cricket Bat,2,4253.46,6,8506.93,0,1439.37,9435.88,Net Banking,Shipped,Pickup Point,Mobile App,,North,
10062138,542719,17-05-2025,Books,Personal Finance Guide,5,731.04,10,3655.19,44.56,164.48,3498.71,UPI,Delivered,Express,Website,,South,3
10091772,288257,24-02-2024,Fashion,Sunglasses,2,1199.88,25,2399.76,29.17,215.98,2044.97,UPI,Delivered,Standard,Mobile App,,East,5
10092267,495243,28-10-2025,Home & Kitchen,Non-Stick Cookware Set,3,5614.36,1,16843.08,15.93,3001.44,19692.02,Cash on Delivery,Delivered,Pickup Point,Website,SAVE20,East,5
10104123,531162,01-08-2025,Books,Fiction Bestseller,2,579.41,1,1158.83,32.17,57.36,1236.77,UPI,Delivered,Standard,Marketplace,FESTIVE15,South,5
10117800,473722,04-04-2025,Grocery,Olive Oil 1L,3,929.11,15,2787.32,64.76,118.46,2552.44,Debit Card,Delivered,Standard,Marketplace,LOYALTY5,South,5
10123565,698644,07-03-2025,Electronics,USB-C Hub,3,2237.81,21,6713.44,7.48,954.65,6265.75,UPI,Delivered,Standard,Mobile App,FESTIVE15,West,5
10152493,680558,30-05-2024,Home & Kitchen,Mixer Grinder,2,5165.93,15,10331.86,19.62,1580.77,10382.47,Credit Card,Shipped,Standard,Website,,Central,
10167994,924729,17-02-2024,Home & Kitchen,Mixer Grinder,2,5159.73,0,10319.47,38.34,1857.5,12215.31,UPI,Delivered,Standard,Website,,South,6
10198898,989045,28-11-2024,Grocery,Green Tea,4,468.43,16,1873.73,100.22,78.7,1752.85,Credit Card,Delivered,Next Day,Website,LOYALTY5,East,2
10251810,281384,11-12-2025,Home & Kitchen,Storage Organizer,2,846.49,13,1692.99,49.4,265.12,1787.42,Net Banking,Processin,Standard,Website,,Central,
10264115,648746,28-10-2025,Sports & Fitness,Cricket Bat,2,4455.25,12,8910.49,21.56,1411.42,9274.21,Debit Card,Delivered,Standard,Website,SAVE20,West,5
10288072,457808,03-05-2025,Home & Kitchen,Air Fryer,1,7272.68,15,7272.68,0,1112.72,7294.5,Debit Card,Delivered,Standard,Mobile App,LOYALTY5,South,6
10306705,479554,10-11-2024,Beauty & Personal Care,Shampoo,4,736.93,22,2947.71,78.46,413.86,2791.53,Debit Card,Delivered,Standard,Website,FREESHIP,South,5
10308585,811520,04-08-2025,Fashion,Casual Shirt,3,1899.08,16,5697.24,30.1,574.28,5390.06,Credit Card,Delivered,Standard,Marketplace,,West,6
10334985,949856,16-03-2025,Electronics,Wireless Earbuds,1,2486.57,26,2486.57,156.38,331.21,2327.65,UPI,Delivered,Express,Marketplace,,South,4
10356901,568630,07-10-2024,Beauty & Personal Care,Moisturizer,7,801.77,6,5612.37,39.97,949.61,6265.21,UPI,Delivered,Standard,Website,,East,5
10370796,870085,15-02-2025,Books,Cookbook,2,828.01,12,1656.01,77.36,72.86,1607.51,UPI,Delivered,Standard,Marketplace,FREESHIP,North,5
10375106,517375,11-12-2024,Sports & Fitness,Gym Bag,1,1766.83,7,1766.83,118.01,295.77,2056.93,UPI,Delivered,Express,Website,,South,3
10393396,930111,01-07-2024,Electronics,Mechanical Keyboard,2,4196.53,15,8393.06,0,1284.14,8418.24,UPI,Delivered,Standard,Mobile App,FREESHIP,West,5
10443573,403318,29-05-2024,Electronics,Power Bank,1,1553.95,1,1553.95,139.27,276.91,1954.59,Net Banking,Delivered,Express,Website,FREESHIP,South,3
10449198,304920,01-09-2025,Books,Data Analytics Handbook,3,886.73,21,2660.19,62.29,105.08,2268.92,Debit Card,Delivered,Standard,Website,,West,5
10461069,288257,16-07-2024,Beauty & Personal Care,Shampoo,2,649.37,5,1298.75,50.11,222.09,1506.01,Wallet,Confirmed,Standard,Website,LOYALTY5,West,
10477509,156356,12-07-2024,Books,Personal Finance Guide,3,798.58,11,2395.74,59.14,106.61,2297.96,Credit Card,Delivered,Standard,Website,,South,5
10489308,224962,27-07-2024,Home & Kitchen,Air Fryer,3,6945.92,11,20837.77,9.2,3338.21,21893.03,Debit Card,Returned,Standard,Marketplace,SAVE20,West,
10492120,742541,19-09-2024,Grocery,Snack Assortment,2,478.25,16,956.5,65.38,40.17,909.01,Debit Card,Delivered,Standard,Mobile App,,South,5
10510730,900979,24-12-2025,Sports & Fitness,Sports Shoes,2,3429.73,21,6859.45,0,975.41,6394.38,UPI,Delivered,Standard,Mobile App,,North,6
10583126,820962,11-03-2024,Beauty & Personal Care,Shampoo,3,701.05,6,2103.15,68.74,355.85,2401.55,Credit Card,Delivered,Standard,Website,SAVE20,East,5
10595931,569778,05-01-2025,Electronics,1080p Webcam,3,4013.03,16,12039.1,0,1820.31,11933.15,UPI,Delivered,Standard,Website,,West,5
10621226,504871,24-04-2025,Books,Cookbook,1,812.55,0,812.55,153.14,40.63,1006.32,Credit Card,Delivered,Express,Website,,South,3
10625966,695125,20-06-2025,Fashion,Hoodie,2,2365.84,15,4731.69,2.33,482.63,4506.9,UPI,Delivered,Standard,Mobile App,,South,5
10638975,644428,19-11-2025,Books,Data Analytics Handbook,1,892.16,13,892.16,50.95,38.81,865.94,UPI,Delivered,Pickup Point,Website,,East,5
10639401,315856,26-03-2024,Home & Kitchen,Non-Stick Cookware Set,1,6236.43,10,6236.43,39.44,1010.3,6662.53,Debit Card,Delivered,Express,Mobile App,WELCOME10,Central,3
10671302,542719,24-11-2024,Electronics,Bluetooth Speaker,3,3237.78,17,9713.35,12.6,1451.17,9525.85,Credit Card,Delivered,Pickup Point,Mobile App,FREESHIP,North,5
10682829,726894,05-03-2025,Electronics,Wireless Earbuds,1,2546.08,16,2546.08,42.92,384.97,2566.6,UPI,Delivered,Pickup Point,Mobile App,APPONLY10,West,5
10684772,178738,16-07-2025,Electronics,Wireless Earbuds,4,2525.75,21,10103,0,1436.65,9418.02,Debit Card,Delivered,Standard,Mobile App,FESTIVE15,North,5
10698270,611808,06-08-2024,Books,Business Strategy Book,2,654.21,10,1308.42,73.29,58.88,1309.75,UPI,Delivered,Standard,Mobile App,,South,5
10706878,216247,08-02-2025,Grocery,Green Tea,2,450.49,1,900.99,162.88,44.6,1099.46,UPI,Returned,Next Day,Website,,North,
10720742,698839,06-08-2024,Electronics,Bluetooth Speaker,1,3527.33,5,3527.33,0,603.17,3954.13,Wallet,Delivered,Pickup Point,Website,APPONLY10,South,7
10726285,506330,02-05-2024,Grocery,Dry Fruits 500g,1,799.67,6,799.67,73.38,37.58,862.65,Credit Card,Delivered,Express,Website,LOYALTY5,East,3
10767970,368895,03-06-2024,Electronics,Power Bank,3,1551.39,0,4654.18,59.65,837.75,5551.58,UPI,Delivered,Standard,Mobile App,,East,5
10781998,479818,07-12-2024,Fashion,Hoodie,3,2115.49,13,6346.48,26.34,662.57,6210.35,Credit Card,Returned,Standard,Mobile App,,West,
10782782,114374,27-05-2025,Beauty & Personal Care,Hair Dryer,3,2985.24,25,8955.72,35.19,1209.02,7961,Credit Card,Delivered,Standard,Website,,South,5
10784505,267818,04-08-2025,Home & Kitchen,Non-Stick Cookware Set,2,5769.05,0,11538.09,17.03,2076.86,13631.98,Debit Card,Delivered,Standard,Website,FREESHIP,East,5
10790343,206493,15-07-2024,Beauty & Personal Care,Sunscreen SPF 50,4,998.33,11,3993.33,30.22,639.73,4224.01,Credit Card,Shipped,Standard,Website,FESTIVE15,West,
10801826,663897,26-07-2024,Fashion,Hoodie,3,2380.67,25,7142,28.13,642.78,6027.41,UPI,Delivered,Pickup Point,Website,,North,5
10824940,832532,21-03-2025,Electronics,Smartwatch,1,5697.28,21,5697.28,21.84,810.15,5332.84,UPI,Delivered,Pickup Point,Website,,Central,5
10864501,273966,21-05-2024,Fashion,Sunglasses,1,1343.98,5,1343.98,153.32,153.21,1583.31,Credit Card,Returned,Express,Mobile App,FREESHIP,Central,
10871539,966122,19-11-2024,Books,Cookbook,1,733.59,13,733.59,56.52,31.91,726.65,Debit Card,Shipped,Standard,Website,,South,
10876070,153016,25-12-2025,Books,Exam Preparation Book,3,985,12,2955,157.52,130.02,2887.94,Debit Card,Delivered,Express,Mobile App,FESTIVE15,West,3
10891294,844808,12-03-2024,Home & Kitchen,Air Fryer,1,7183.46,1,7183.46,29.75,1280.09,8421.47,Credit Card,Delivered,Standard,Mobile App,,West,5
10896898,768068,15-07-2024,Electronics,Power Bank,1,1561.57,11,1561.57,54.87,250.16,1694.83,Debit Card,Delivered,Express,Mobile App,,North,5
10913866,212225,23-03-2025,Electronics,Bluetooth Speaker,2,3406,10,6812,0,1103.54,7234.34,UPI,Delivered,Standard,Mobile App,,West,5
10920102,815904,03-11-2024,Home & Kitchen,Mixer Grinder,1,4880.02,12,4880.02,48.48,773,5115.9,Cash on Delivery,Delivered,Express,Website,WELCOME10,Central,3
10922174,199346,07-11-2025,Home & Kitchen,Electric Kettle,1,2041.73,15,2041.73,41.75,312.38,2089.6,UPI,Delivered,Pickup Point,Mobile App,,East,5
10949688,106421,28-10-2024,Fashion,Sunglasses,2,1149.35,5,2298.7,74.16,262.05,2519.97,Credit Card,Returned,Standard,Website,FESTIVE15,West,
10957374,891579,01-07-2024,Electronics,Power Bank,1,1612.4,0,1612.4,144.62,290.23,2047.25,Debit Card,Shipped,Next Day,Website,,West,
10959016,117620,13-04-2024,Grocery,Olive Oil 1L,2,867.43,25,1734.85,50.99,65.06,1417.19,UPI,Delivered,Pickup Point,Website,FESTIVE15,South,7
11003457,686303,26-05-2025,Home & Kitchen,Storage Organizer,1,947.35,6,947.35,49.89,160.29,1100.69,UPI,Delivered,Standard,Mobile App,,South,5
11007454,953964,20-11-2024,Electronics,Noise Cancelling Headphones,1,9028.85,11,9028.85,18.18,1446.42,9500.28,Net Banking,Shipped,Standard,Website,APPONLY10,West,
11040534,836940,04-11-2025,Electronics,Mechanical Keyboard,3,4437.42,15,13312.27,17.03,2036.78,13369.24,Debit Card,Delivered,Standard,Mobile App,,East,5
11102448,901714,06-09-2024,Home & Kitchen,Table Lamp,1,1603.55,11,1603.55,91.19,256.89,1775.24,Cash on Delivery,Delivered,Express,Mobile App,FESTIVE15,South,3
11104013,633839,06-02-2025,Home & Kitchen,Mixer Grinder,1,5005.79,21,5005.79,65.93,711.82,4732.32,Credit Card,Delivered,Express,Mobile App,SAVE20,North,3
11108282,319368,24-03-2025,Beauty & Personal Care,Lipstick,3,753.86,15,2261.57,99.31,346.02,2367.66,Credit Card,Shipped,Express,Website,SAVE20,Central,
11118599,806817,20-03-2024,Beauty & Personal Care,Perfume,2,2566.56,6,5133.12,29.54,868.52,5723.19,UPI,Delivered,Standard,Mobile App,LOYALTY5,South,5
11136109,361664,25-10-2024,Home & Kitchen,Air Fryer,1,7618.9,6,7618.9,0,1289.12,8450.89,UPI,Delivered,Pickup Point,Marketplace,,West,5
11150221,706543,13-03-2025,Electronics,Mechanical Keyboard,2,4812.98,16,9625.95,71.21,1455.44,9612.45,Debit Card,Delivered,Express,Mobile App,,West,3
11164203,956740,24-04-2024,Books,Exam Preparation Book,2,942.55,6,1885.09,89.58,88.6,1950.16,Cash on Delivery,Delivered,Standard,Website,FESTIVE15,West,5
11178680,402445,14-04-2024,Home & Kitchen,Storage Organizer,2,919.19,6,1838.38,128.53,311.05,2167.66,UPI,Delivered,Express,Mobile App,,South,3
11179729,784248,10-10-2025,Grocery,Snack Assortment,5,484.21,27,2421.06,72,88.37,1927.74,UPI,Delivered,Standard,Mobile App,FREESHIP,South,7
11187547,424902,27-03-2024,Electronics,Smartwatch,2,5512.15,16,11024.29,89.3,1666.87,11016.57,UPI,Delivered,Express,Marketplace,LOYALTY5,Central,3
11212063,754071,18-06-2025,Electronics,Mechanical Keyboard,3,4417.08,11,13251.25,0,2122.85,13916.46,Credit Card,Delivered,Standard,Mobile App,FREESHIP,Central,5
11237272,446432,28-05-2024,Electronics,1080p Webcam,1,3637.56,11,3637.56,21.21,582.74,3841.38,Cash on Delivery,Delivered,Standard,Marketplace,FESTIVE15,West,5
11240565,497429,28-05-2024,Fashion,Women’s Kurta,2,1612.12,2,3224.24,84.88,379.17,3623.81,Wallet,Confirmed,Next Day,Mobile App,,West,
11242100,950849,21-11-2024,Electronics,Noise Cancelling Headphones,3,9480.64,6,28441.91,0,4812.37,31547.77,Credit Card,Delivered,Pickup Point,Mobile App,,South,7
11258047,295077,23-05-2024,Beauty & Personal Care,Perfume,1,2543.65,0,2543.65,103.63,457.86,3105.14,Debit Card,Delivered,Standard,Website,FREESHIP,North,5
11259206,338179,19-03-2025,Home & Kitchen,Mixer Grinder,1,5138.07,2,5138.07,40.63,906.36,5982.3,Debit Card,Delivered,Express,Mobile App,,South,3
11272244,360097,12-04-2024,Electronics,Bluetooth Speaker,4,2991.77,1,11967.07,0,2132.53,13979.93,Credit Card,Delivered,Pickup Point,Website,WELCOME10,South,5
11273125,181485,16-07-2024,Fashion,Cotton T-Shirt,3,846.35,5,2539.04,138.13,289.45,2839.67,UPI,Delivered,Express,Website,SAVE20,East,3
11273980,754071,22-04-2025,Beauty & Personal Care,Moisturizer,2,769.82,11,1539.65,126.83,246.65,1743.77,Credit Card,Shipped,Express,Mobile App,APPONLY10,West,
11284682,156356,25-12-2024,Beauty & Personal Care,Hair Dryer,3,2707.07,11,8121.21,22.52,1301.02,8551.42,Credit Card,Shipped,Standard,Website,,South,
11320881,682946,12-01-2024,Electronics,Smartwatch,2,6207.29,12,12414.58,200.76,1966.47,13092.06,UPI,Delivered,Same Day,Website,,South,1
11349367,857238,11-07-2025,Fashion,Backpack,1,2477.87,1,2477.87,85.67,294.37,2833.13,UPI,Confirmed,Express,Mobile App,FREESHIP,West,
11367906,982086,31-12-2024,Home & Kitchen,Mixer Grinder,4,5137.19,8,20548.76,67.68,3402.87,22375.41,UPI,Shipped,Express,Website,,South,
11421348,186360,14-12-2024,Beauty & Personal Care,Sunscreen SPF 50,2,945.79,10,1891.58,93.92,306.44,2102.78,Cash on Delivery,Cancelled,Standard,Mobile App,,West,
11443670,754071,16-02-2024,Electronics,USB-C Hub,4,2269.48,16,9077.92,0,1372.58,8998.03,Credit Card,Delivered,Standard,Website,,South,5
11455487,985670,19-11-2025,Beauty & Personal Care,Face Serum,3,1279.61,13,3838.84,239.88,601.16,4180.83,UPI,Delivered,Same Day,Website,,North,1
11458086,754071,29-11-2024,Sports & Fitness,Fitness Resistance Bands,3,1070.27,3,3210.8,20.16,560.61,3695.25,Cash on Delivery,Delivered,Standard,Mobile App,,West,5
11461102,477682,17-10-2025,Grocery,Green Tea,3,447.8,18,1343.39,94.32,55.08,1250.98,Net Banking,Returned,Standard,Mobile App,FESTIVE15,Central,
11477143,689987,21-10-2024,Home & Kitchen,Table Lamp,3,1550.43,8,4651.28,4.76,770.25,5054.19,Wallet,Delivered,Standard,Mobile App,,Central,5
11481271,108961,01-12-2025,Sports & Fitness,Sports Shoes,3,3634.73,2,10904.19,99.55,1923.5,12709.16,Credit Card,Delivered,Next Day,Website,SAVE20,West,2
11544507,774026,06-11-2025,Home & Kitchen,Table Lamp,1,1440.35,7,1440.35,66.95,241.12,1647.6,UPI,Shipped,Standard,Mobile App,,West,
11565415,270432,22-11-2024,Home & Kitchen,Mixer Grinder,3,5011.62,16,15034.86,0,2273.27,14902.55,Net Banking,Delivered,Standard,Mobile App,SAVE20,Central,6
11573057,392962,25-01-2025,Grocery,Dry Fruits 500g,3,839.16,17,2517.47,40.4,104.48,2234.38,Debit Card,Delivered,Standard,Website,FREESHIP,South,6
11600649,121617,03-08-2025,Grocery,Organic Rice 5kg,4,709.36,0,2837.44,121.68,141.87,3100.99,UPI,Delivered,Express,Mobile App,FESTIVE15,South,3
11664636,684939,15-12-2025,Fashion,Cotton T-Shirt,1,954.01,15,954.01,68.98,97.31,977.2,Cash on Delivery,Cancelled,Standard,Mobile App,,West,
11692206,388158,18-10-2025,Fashion,Sunglasses,1,1299.33,8,1299.33,71.49,143.45,1410.32,UPI,Delivered,Standard,Website,FREESHIP,North,5
11714698,260355,23-01-2025,Grocery,Premium Coffee,3,629.14,5,1887.41,42.65,89.65,1925.34,UPI,Shipped,Standard,Marketplace,APPONLY10,West,
11715304,572377,23-11-2024,Grocery,Olive Oil 1L,2,861.91,10,1723.81,54.18,77.57,1683.18,Credit Card,Processin,Standard,Mobile App,,West,
11723984,421462,16-04-2025,Fashion,Sunglasses,2,1277.16,0,2554.32,28.47,306.52,2889.31,Debit Card,Delivered,Pickup Point,Mobile App,FESTIVE15,North,5
11750655,350814,21-10-2024,Sports & Fitness,Dumbbell Set,1,3505.65,13,3505.65,16.61,548.99,3615.52,Debit Card,Delivered,Standard,Website,WELCOME10,West,5
11778382,939766,22-12-2025,Home & Kitchen,Table Lamp,1,1626.43,1,1626.43,117.91,289.83,2017.91,UPI,Delivered,Express,Mobile App,,East,3
11789277,594362,07-11-2024,Books,Personal Finance Guide,5,720.89,15,3604.47,74.21,153.19,3291.2,Credit Card,Delivered,Express,Website,SAVE20,West,3
11790701,291368,07-10-2025,Electronics,Bluetooth Speaker,1,2991.66,5,2991.66,79.85,511.57,3433.5,Cash on Delivery,Delivered,Standard,Marketplace,,West,5
11823852,495243,30-05-2025,Grocery,Dry Fruits 500g,2,780.95,1,1561.9,56.57,77.31,1680.16,Credit Card,Delivered,Standard,Mobile App,,Central,5
11839385,333453,24-05-2025,Home & Kitchen,Air Fryer,1,6150.93,12,6150.93,0,974.31,6387.13,Credit Card,Shipped,Standard,Website,,South,
11870448,477682,30-12-2024,Electronics,1080p Webcam,2,3594.93,16,7189.85,17.92,1087.1,7144.49,Wallet,Processin,Standard,Marketplace,,Central,
11872487,468547,01-09-2025,Home & Kitchen,Electric Kettle,1,1849.27,5,1849.27,129.17,316.23,2202.21,Credit Card,Shipped,Express,Mobile App,,South,
11874658,989045,10-10-2024,Electronics,USB-C Hub,2,2374.58,18,4749.16,51.9,700.98,4647.19,Credit Card,Delivered,Standard,Website,FESTIVE15,South,7
11886327,946244,10-12-2025,Fashion,Denim Jeans,1,2363.38,5,2363.38,86.75,269.43,2601.39,Wallet,Delivered,Standard,Mobile App,,West,5
11907035,101742,24-06-2024,Home & Kitchen,Table Lamp,3,1458.62,15,4375.87,58.7,669.51,4447.7,Credit Card,Delivered,Express,Website,FREESHIP,Central,3
11935645,453000,09-11-2025,Electronics,Smartwatch,2,5178.53,30,10357.05,0,1304.99,8554.92,Credit Card,Delivered,Pickup Point,Website,,South,5
11940356,754071,16-10-2025,Sports & Fitness,Cricket Bat,1,4679.6,3,4679.6,0,817.06,5356.27,Debit Card,Delivered,Pickup Point,Website,,North,5
11971445,315856,31-10-2025,Beauty & Personal Care,Lipstick,1,778.77,12,778.77,258.27,123.36,1066.95,Net Banking,Delivered,Same Day,Website,LOYALTY5,West,1
11987318,273966,27-06-2025,Home & Kitchen,Electric Kettle,2,2082.07,10,4164.14,118.6,674.59,4540.92,Net Banking,Delivered,Express,Website,LOYALTY5,West,3
11989546,930111,04-10-2025,Sports & Fitness,Gym Bag,2,1687.25,0,3374.5,4.34,607.41,3986.25,UPI,Delivered,Standard,Mobile App,,South,7
11996595,817095,18-11-2024,Beauty & Personal Care,Shampoo,2,659.88,10,1319.77,68.64,213.8,1470.23,Credit Card,Delivered,Express,Mobile App,,North,3
12012780,215726,07-07-2025,Electronics,Noise Cancelling Headphones,3,9359.32,7,28077.97,94.9,4700.25,30907.66,Debit Card,Delivered,Next Day,Mobile App,SAVE20,South,2
12025685,753025,16-02-2024,Electronics,Power Bank,2,1636.78,26,3273.57,51.73,436.04,2910.21,UPI,Delivered,Standard,Website,,North,5
12034675,850062,22-02-2024,Fashion,Casual Shirt,6,1790.77,6,10744.61,6.39,1211.99,11318.31,Credit Card,Delivered,Standard,Website,FESTIVE15,South,5
12038710,333453,06-07-2025,Electronics,1080p Webcam,2,3591.96,12,7183.93,0,1137.93,7459.79,Credit Card,Delivered,Standard,Website,WELCOME10,South,5
12042521,934458,29-05-2024,Beauty & Personal Care,Shampoo,3,713.9,26,2141.7,69.6,285.27,1939.73,UPI,Delivered,Standard,Marketplace,FREESHIP,West,5
12056520,192285,09-02-2024,Beauty & Personal Care,Moisturizer,2,773.35,10,1546.7,64.57,250.57,1707.17,Net Banking,Delivered,Standard,Mobile App,,West,5
12068359,361664,05-05-2025,Grocery,Green Tea,1,435.52,16,435.52,123.35,18.29,507.48,UPI,Delivered,Standard,Website,FREESHIP,North,5
12068934,468547,06-12-2025,Grocery,Snack Assortment,7,492.47,20,3447.27,34,137.89,2929.71,Credit Card,Delivered,Standard,Mobile App,,North,5
12069644,776421,24-11-2025,Electronics,1080p Webcam,3,3897.64,0,11692.93,52.86,2104.73,13850.52,Credit Card,Delivered,Express,Mobile App,,West,3
12092326,404470,02-02-2025,Grocery,Protein Cereal,6,620.91,17,3725.44,249.78,154.61,3496.51,UPI,Delivered,Same Day,Mobile App,,Central,1
12110518,859409,02-05-2024,Grocery,Snack Assortment,1,509.99,16,509.99,107,21.42,556.81,Credit Card,Delivered,Express,Marketplace,,South,5
12112812,453000,13-11-2024,Electronics,1080p Webcam,3,3787.15,13,11361.45,0,1779.2,11663.66,UPI,Returned,Pickup Point,Mobile App,,South,
12124476,754071,27-05-2024,Fashion,Casual Shirt,3,1741.1,21,5223.29,33.28,495.17,4654.85,Net Banking,Shipped,Express,Website,LOYALTY5,South,
12126098,750198,30-11-2024,Electronics,1080p Webcam,1,3442.96,23,3442.96,60.62,477.19,3188.89,Debit Card,Delivered,Standard,Marketplace,,South,5
12139613,290732,10-10-2025,Beauty & Personal Care,Hair Dryer,5,2713.81,20,13569.04,54.25,1953.94,12863.42,UPI,Delivered,Standard,Website,,South,6
12150115,671644,31-01-2024,Books,Business Strategy Book,1,722.82,2,722.82,66.55,35.42,810.33,UPI,Delivered,Standard,Website,FREESHIP,West,5
12188549,947579,25-10-2024,Fashion,Hoodie,1,2308.85,6,2308.85,48.72,260.44,2479.48,Credit Card,Delivered,Standard,Marketplace,SAVE20,West,6
12189448,538513,18-08-2025,Home & Kitchen,Storage Organizer,1,850.87,21,850.87,97.91,120.99,891.09,Debit Card,Delivered,Standard,Mobile App,LOYALTY5,East,5
12196364,388158,25-09-2024,Grocery,Dry Fruits 500g,3,716.71,21,2150.14,45.09,84.93,1828.63,Net Banking,Cancelled,Standard,Mobile App,,North,
12196529,560576,16-06-2024,Home & Kitchen,Water Bottle,1,981.79,16,981.79,40.35,148.45,1013.5,Wallet,Delivered,Standard,Website,,Central,5
12199981,915964,17-03-2025,Grocery,Olive Oil 1L,2,894.76,0,1789.52,20.81,89.48,1899.81,Credit Card,Delivered,Standard,Website,,West,5
12221524,453000,20-09-2024,Electronics,Mechanical Keyboard,2,4744.39,16,9488.79,50.29,1434.7,9455.57,UPI,Delivered,Express,Website,SAVE20,South,5
12222293,786341,12-10-2025,Beauty & Personal Care,Shampoo,4,743.5,16,2974,28.35,449.67,2976.18,UPI,Delivered,Pickup Point,Marketplace,,North,5
12228984,289404,30-05-2025,Fashion,Denim Jeans,1,2706,16,2706,105.95,272.76,2651.75,UPI,Shipped,Express,Mobile App,,South,
12243151,682946,27-11-2024,Home & Kitchen,Non-Stick Cookware Set,2,6065.74,2,12131.47,123.67,2139.99,14152.5,Credit Card,Shipped,Next Day,Mobile App,WELCOME10,West,
12254009,125726,19-11-2024,Electronics,Smartwatch,1,5711.6,7,5711.6,67.3,956.12,6335.21,Credit Card,Delivered,Standard,Marketplace,,North,7
12307978,125726,14-05-2025,Grocery,Premium Coffee,4,632.98,20,2531.91,80.33,101.28,2207.14,Credit Card,Delivered,Express,Website,APPONLY10,Central,3
12336918,248381,19-08-2024,Grocery,Olive Oil 1L,2,921.22,11,1842.44,30.28,81.99,1752.04,Debit Card,Cancelled,Pickup Point,Marketplace,,East,
12370617,218174,09-12-2024,Beauty & Personal Care,Face Serum,1,1217.86,3,1217.86,66.47,212.64,1460.43,Wallet,Delivered,Standard,Mobile App,FESTIVE15,West,5
12380770,644492,10-10-2024,Electronics,Mechanical Keyboard,3,4576.92,11,13730.76,0,2199.67,14420.05,Credit Card,Delivered,Standard,Mobile App,APPONLY10,North,5
12394665,753025,13-11-2025,Home & Kitchen,Non-Stick Cookware Set,2,5910.05,13,11820.11,13.61,1851.03,12148.14,Cash on Delivery,Delivered,Standard,Website,LOYALTY5,North,5
12458047,701726,31-10-2025,Books,Personal Finance Guide,2,788.24,21,1576.47,189.12,62.27,1496.8,Credit Card,Delivered,Next Day,Website,,South,2
12467098,106421,17-10-2024,Beauty & Personal Care,Sunscreen SPF 50,4,840.91,7,3363.65,15.37,563.07,3706.63,UPI,Delivered,Standard,Mobile App,,North,5
12480007,648746,28-01-2024,Books,Fiction Bestseller,5,640.86,2,3204.32,25.21,157.01,3322.45,Debit Card,Delivered,Standard,Website,,West,5
12489597,469900,01-10-2025,Sports & Fitness,Yoga Mat,3,1242.23,6,3726.69,34.01,630.56,4167.66,UPI,Delivered,Standard,Mobile App,FREESHIP,South,5
12500432,844808,24-06-2024,Fashion,Cotton T-Shirt,2,872.33,1,1744.66,88.84,207.27,2023.32,Cash on Delivery,Delivered,Standard,Mobile App,LOYALTY5,Central,5
12509734,316865,28-12-2024,Home & Kitchen,Storage Organizer,1,818.69,0,818.69,48.63,147.36,1014.68,UPI,Delivered,Standard,Website,,East,5
12519490,170738,22-06-2024,Electronics,Smartwatch,2,5734.18,10,11468.36,36.85,1857.87,12216.24,UPI,Delivered,Express,Mobile App,,East,3
12542273,950712,01-08-2025,Electronics,USB-C Hub,1,2304.23,11,2304.23,127.5,369.14,2547.4,Credit Card,Delivered,Express,Website,,North,3
12544678,610306,18-11-2025,Grocery,Protein Cereal,2,580.3,6,1160.6,54.08,54.55,1199.59,Cash on Delivery,Delivered,Standard,Mobile App,FESTIVE15,West,5
12578843,361664,05-12-2025,Home & Kitchen,Non-Stick Cookware Set,2,6130.85,8,12261.7,58.98,2030.54,13370.28,Wallet,Delivered,Express,Mobile App,FESTIVE15,North,3
12587061,382444,30-11-2025,Electronics,Noise Cancelling Headphones,1,8525.28,6,8525.28,47.52,1442.48,9503.76,Debit Card,Delivered,Standard,Website,,Central,6
12606850,905420,27-06-2025,Home & Kitchen,Electric Kettle,2,2311.03,11,4622.06,71.66,740.45,4925.74,UPI,Delivered,Standard,Website,SAVE20,South,5
12610770,721822,05-07-2024,Electronics,1080p Webcam,3,3695.92,1,11087.77,46.05,1975.84,12998.78,UPI,Shipped,Standard,Mobile App,FESTIVE15,West,
12627361,732254,19-01-2024,Fashion,Women’s Kurta,2,1645.48,10,3290.96,49.79,355.42,3367.07,Wallet,Shipped,Standard,Mobile App,,West,
12627706,706543,27-09-2024,Grocery,Olive Oil 1L,2,952.61,16,1905.22,54.93,80.02,1735.33,UPI,Shipped,Standard,Mobile App,LOYALTY5,Central,
12629105,304416,11-10-2025,Beauty & Personal Care,Lipstick,3,889.22,20,2667.67,33.71,384.15,2552,Credit Card,Delivered,Pickup Point,Mobile App,FESTIVE15,West,5
12719739,962264,15-12-2025,Home & Kitchen,Water Bottle,3,1065.77,8,3197.31,177.47,529.48,3648.48,UPI,Delivered,Next Day,Website,LOYALTY5,South,2
12727782,982086,11-12-2025,Beauty & Personal Care,Face Serum,3,1222.25,23,3666.74,64.52,508.21,3396.12,UPI,Delivered,Standard,Website,,East,5
12732172,647542,10-10-2025,Fashion,Running Shoes,2,4083.95,5,8167.91,0,931.14,8690.65,UPI,Shipped,Pickup Point,Mobile App,WELCOME10,Central,
12753978,900979,16-11-2025,Grocery,Protein Cereal,6,636,3,3815.99,129.72,185.08,4016.31,Credit Card,Cancelled,Express,Website,,South,
12763099,772852,13-07-2024,Electronics,Noise Cancelling Headphones,1,9647.19,5,9647.19,4.89,1649.67,10819.39,UPI,Delivered,Standard,Marketplace,,North,5
12805922,477682,27-12-2025,Fashion,Casual Shirt,2,1932.44,11,3864.89,149.48,412.77,4002,UPI,Delivered,Next Day,Marketplace,FREESHIP,West,2
12809460,333453,14-09-2025,Home & Kitchen,Water Bottle,1,1030.97,12,1030.97,134.8,163.3,1205.35,Net Banking,Delivered,Express,Mobile App,,East,3
12834428,589919,16-05-2024,Grocery,Olive Oil 1L,2,869.86,10,1739.71,127.14,78.29,1771.17,Credit Card,Delivered,Express,Website,SAVE20,South,3
12859018,742401,11-10-2025,Home & Kitchen,Bedsheet Set,1,2050.96,12,2050.96,100.53,324.87,2230.24,Wallet,Cancelled,Express,Mobile App,FESTIVE15,North,
12871784,102684,21-04-2024,Home & Kitchen,Water Bottle,2,1038.55,0,2077.11,51,373.88,2501.99,Cash on Delivery,Delivered,Standard,Mobile App,,North,5
12887672,284849,28-10-2025,Fashion,Cotton T-Shirt,5,933.65,10,4668.23,33.34,504.17,4738.92,Cash on Delivery,Delivered,Standard,Mobile App,,North,5
12911886,224962,23-01-2025,Electronics,USB-C Hub,1,2164.49,11,2164.49,229.84,346.75,2502.99,Cash on Delivery,Delivered,Next Day,Website,SAVE20,South,2
12917214,661104,12-12-2024,Home & Kitchen,Bedsheet Set,1,1947.11,22,1947.11,104.81,273.38,1896.94,Credit Card,Delivered,Express,Website,APPONLY10,South,3
12934116,840084,21-09-2024,Home & Kitchen,Mixer Grinder,1,5188.47,11,5188.47,81.58,831.19,5530.51,UPI,Delivered,Standard,Mobile App,FESTIVE15,West,5
12941205,754071,13-12-2024,Electronics,Wireless Earbuds,1,2578.38,6,2578.38,67.08,436.26,2927.02,Credit Card,Delivered,Standard,Website,,East,5
13015859,174402,28-09-2025,Books,Data Analytics Handbook,1,929.52,0,929.52,130.39,46.48,1106.39,Debit Card,Delivered,Express,Website,FESTIVE15,South,3
13078426,717362,22-02-2024,Electronics,Power Bank,2,1647.12,10,3294.23,49.44,533.67,3547.92,Debit Card,Returned,Standard,Marketplace,,South,
13080894,365654,27-05-2025,Home & Kitchen,Table Lamp,3,1490.21,26,4470.62,52.85,595.49,3956.6,Credit Card,Delivered,Express,Mobile App,,East,3
13081501,939874,15-06-2025,Grocery,Olive Oil 1L,5,886.21,10,4431.07,0,199.4,4187.36,UPI,Delivered,Standard,Website,,West,5
13103284,717362,02-03-2024,Grocery,Protein Cereal,5,568.69,10,2843.46,69.83,127.96,2756.9,Credit Card,Delivered,Standard,Marketplace,,South,5
13129176,989045,21-08-2024,Electronics,1080p Webcam,1,3647.82,1,3647.82,0,650.04,4261.38,Credit Card,Delivered,Standard,Mobile App,FREESHIP,West,5
13160996,717362,05-12-2025,Home & Kitchen,Mixer Grinder,2,5069.96,25,10139.93,0,1368.89,8973.84,UPI,Delivered,Standard,Mobile App,WELCOME10,West,5
13169133,636319,26-02-2024,Books,Data Analytics Handbook,2,944.12,1,1888.23,118.67,93.47,2081.49,Debit Card,Delivered,Express,Marketplace,FESTIVE15,East,3
13203215,388158,20-09-2025,Home & Kitchen,Table Lamp,1,1514.33,1,1514.33,62.35,269.85,1831.39,Net Banking,Delivered,Standard,Mobile App,,South,5
13236086,473494,10-04-2024,Electronics,USB-C Hub,2,2330.97,15,4661.93,29.87,713.28,4705.79,Credit Card,Delivered,Standard,Mobile App,FESTIVE15,Central,5
13238415,196350,22-10-2024,Electronics,Wireless Earbuds,2,2550.11,14,5100.22,69.45,789.51,5245.15,Wallet,Delivered,Express,Mobile App,FESTIVE15,South,3
13285264,694959,13-01-2024,Beauty & Personal Care,Shampoo,1,657.12,16,657.12,108.72,99.36,760.06,Net Banking,Delivered,Express,Mobile App,,West,4
13293334,754071,08-11-2025,Grocery,Olive Oil 1L,4,918.67,6,3674.7,73.23,172.71,3700.16,UPI,Delivered,Next Day,Marketplace,,North,2
13316848,468547,18-10-2025,Sports & Fitness,Fitness Resistance Bands,1,940.1,5,940.1,24.91,160.76,1078.77,UPI,Delivered,Pickup Point,Mobile App,,West,5
13339882,124644,03-07-2025,Electronics,Wireless Earbuds,1,2550.52,5,2550.52,106.43,436.14,2965.56,UPI,Returned,Express,Mobile App,WELCOME10,South,
13366389,590308,11-08-2024,Electronics,Smartwatch,2,6413.71,0,12827.43,0,2308.94,15136.37,Credit Card,Delivered,Express,Mobile App,,West,3
13436371,511294,14-09-2024,Sports & Fitness,Fitness Resistance Bands,1,968.18,5,968.18,39.89,165.56,1125.22,Credit Card,Delivered,Pickup Point,Website,,South,5
13438593,879723,16-08-2025,Grocery,Green Tea,2,457.25,10,914.49,72.6,41.15,936.79,Wallet,Delivered,Standard,Website,,South,5
13451491,468547,01-12-2025,Fashion,Running Shoes,2,4280,2,8560,0,1006.66,9395.46,Net Banking,Delivered,Pickup Point,Mobile App,APPONLY10,West,5
13457277,192967,25-08-2025,Books,Cookbook,2,821.38,5,1642.77,135.27,78.03,1773.93,UPI,Delivered,Express,Mobile App,,West,3
13461380,368474,10-08-2025,Fashion,Running Shoes,1,3810.89,11,3810.89,126.48,407,3925.17,Debit Card,Delivered,Express,Mobile App,,East,5
13503399,198102,11-07-2025,Electronics,Mechanical Keyboard,2,4582.44,10,9164.88,91.03,1484.71,9824.13,Debit Card,Delivered,Express,Marketplace,FESTIVE15,Central,4
13505590,361664,19-12-2025,Electronics,Mechanical Keyboard,1,4298.59,16,4298.59,70.17,649.95,4330.94,Net Banking,Returned,Express,Marketplace,LOYALTY5,South,
13506859,698644,06-08-2025,Fashion,Women’s Kurta,1,1646.94,1,1646.94,97.43,195.66,1923.56,Net Banking,Delivered,Express,Website,WELCOME10,South,3
13529913,453000,09-12-2024,Beauty & Personal Care,Hair Dryer,1,2809.97,13,2809.97,153.65,440.04,3038.36,UPI,Confirmed,Same Day,Website,,West,
13546137,377152,19-11-2024,Home & Kitchen,Non-Stick Cookware Set,3,5844.85,10,17534.54,0,2840.6,18621.69,Credit Card,Delivered,Pickup Point,Website,FESTIVE15,Central,5
13551776,602650,17-03-2025,Fashion,Backpack,2,2509.3,26,5018.59,100.74,445.65,4260.15,UPI,Shipped,Express,Website,APPONLY10,South,
13556331,934458,14-12-2025,Electronics,1080p Webcam,5,3920.51,8,19602.53,1.55,3246.18,21282.06,UPI,Delivered,Standard,Website,,South,5
13580699,692311,21-11-2024,Fashion,Hoodie,1,2349.23,27,2349.23,98.77,205.79,2019.5,Wallet,Delivered,Express,Website,WELCOME10,South,3
13588183,848256,24-04-2025,Home & Kitchen,Air Fryer,3,7260.02,0,21780.06,0,3920.41,25700.47,Credit Card,Shipped,Pickup Point,Website,WELCOME10,South,
13643915,830954,20-12-2024,Electronics,1080p Webcam,1,3890.92,10,3890.92,46.88,630.33,4179.04,Net Banking,Cancelled,Standard,Website,FESTIVE15,Central,
13649264,680558,28-12-2024,Grocery,Green Tea,3,427.28,10,1281.83,42.36,57.68,1253.69,UPI,Delivered,Pickup Point,Mobile App,,West,5
13690050,377531,23-11-2025,Home & Kitchen,Water Bottle,2,1053.15,18,2106.31,59.85,310.89,2097.91,Cash on Delivery,Delivered,Standard,Website,FREESHIP,West,5
13701515,949262,15-08-2025,Books,Data Analytics Handbook,3,928,15,2784,58.92,118.32,2543.64,Debit Card,Delivered,Standard,Website,SAVE20,South,5
13716642,784248,23-09-2024,Grocery,Dry Fruits 500g,7,739.7,7,5177.91,21.55,240.77,5077.78,Debit Card,Delivered,Standard,Mobile App,SAVE20,Central,5
13733248,590308,06-02-2024,Electronics,Mechanical Keyboard,3,5024.99,10,15074.97,1.41,2442.14,16011.02,UPI,Delivered,Standard,Mobile App,,South,5
13733542,167529,11-10-2024,Beauty & Personal Care,Sunscreen SPF 50,1,926.88,15,926.88,38.71,141.81,968.37,Debit Card,Delivered,Pickup Point,Website,,West,5
13748084,634593,23-08-2025,Fashion,Women’s Kurta,3,1554.48,10,4663.43,11.57,503.65,4712.31,UPI,Delivered,Standard,Mobile App,LOYALTY5,West,5
13763683,507481,06-10-2024,Electronics,Power Bank,1,1648.05,26,1648.05,60.29,219.52,1499.37,UPI,Delivered,Standard,Mobile App,,West,5
13764763,457808,28-06-2024,Home & Kitchen,Table Lamp,1,1496.72,15,1496.72,88.86,229,1590.07,Credit Card,Confirmed,Express,Website,,East,
13776939,874750,27-12-2025,Fashion,Sunglasses,4,1197.89,11,4791.56,58.53,511.74,4834.76,Wallet,Delivered,Express,Mobile App,LOYALTY5,Central,3
13791877,292070,26-12-2025,Books,Exam Preparation Book,3,944.97,13,2834.91,111.03,123.32,2700.72,Cash on Delivery,Cancelled,Express,Mobile App,,Central,
13804046,917605,08-03-2024,Electronics,Bluetooth Speaker,3,3392.57,25,10177.71,89.36,1373.99,9096.63,Credit Card,Cancelled,Express,Mobile App,,East,
13863073,586782,07-11-2025,Electronics,Bluetooth Speaker,2,3403.28,15,6806.57,130.21,1041.4,6957.19,Cash on Delivery,Delivered,Next Day,Mobile App,,South,2
13964254,891712,28-11-2025,Fashion,Casual Shirt,4,1791.99,12,7167.95,35.13,756.94,7099.87,Net Banking,Shipped,Express,Website,FESTIVE15,West,
14004944,832532,29-08-2024,Books,Data Analytics Handbook,3,877.34,6,2632.03,116.11,123.71,2713.93,Wallet,Delivered,Express,Marketplace,,West,3
14012859,704565,20-06-2024,Home & Kitchen,Air Fryer,1,7350.18,10,7350.18,9.49,1190.73,7815.38,Credit Card,Delivered,Standard,Mobile App,,South,6
14057965,361664,12-09-2024,Electronics,1080p Webcam,3,3932.77,6,11798.31,33.29,1996.27,13119.97,Debit Card,Delivered,Express,Website,LOYALTY5,East,3
14063271,721822,06-03-2025,Home & Kitchen,Water Bottle,1,1031.08,1,1031.08,42.68,183.74,1247.19,Debit Card,Delivered,Standard,Website,,North,5
14090149,949521,10-02-2024,Fashion,Backpack,1,2377.74,1,2377.74,58.31,282.48,2694.75,UPI,Delivered,Standard,Website,,North,5
14110495,289404,14-04-2025,Electronics,Power Bank,3,1580.17,1,4740.52,197.03,844.76,5734.9,Credit Card,Delivered,Same Day,Website,,East,1
14115948,890771,27-06-2025,Beauty & Personal Care,Sunscreen SPF 50,2,848.05,5,1696.11,58.63,290.03,1959.96,Debit Card,Delivered,Standard,Website,,East,5
14118597,453000,25-04-2024,Books,Business Strategy Book,1,720.65,11,720.65,74.35,32.07,747.8,Credit Card,Shipped,Standard,Mobile App,SAVE20,South,
14122640,848924,05-10-2024,Books,Personal Finance Guide,1,729.76,3,729.76,237.7,35.39,980.96,Wallet,Delivered,Same Day,Website,,West,1
14155995,436379,07-11-2025,Electronics,Bluetooth Speaker,1,3385.45,11,3385.45,0,542.35,3555.4,Debit Card,Delivered,Standard,Mobile App,FREESHIP,North,5
14162136,468547,07-02-2024,Fashion,Denim Jeans,3,2365.29,20,7095.86,13.94,681.2,6371.83,UPI,Confirmed,Standard,Mobile App,,West,
14167943,360910,10-05-2025,Electronics,Mechanical Keyboard,2,4455.42,20,8910.84,11.32,1283.16,8423.15,Net Banking,Shipped,Pickup Point,Website,APPONLY10,East,
14168490,459466,17-08-2024,Electronics,USB-C Hub,1,2072.48,21,2072.48,193.55,294.71,2125.52,UPI,Shipped,Next Day,Mobile App,SAVE20,North,
14170359,990734,17-12-2025,Fashion,Running Shoes,3,3952.23,12,11856.68,128.93,1252.07,11814.88,UPI,Shipped,Next Day,Website,LOYALTY5,West,
14203132,817095,04-11-2025,Electronics,Power Bank,3,1597,17,4791.01,35.58,715.78,4727.9,Credit Card,Delivered,Standard,Website,,West,5
14252142,327245,17-05-2025,Grocery,Organic Rice 5kg,2,749.25,1,1498.51,93.25,74.18,1650.95,Wallet,Delivered,Express,Website,,North,3
14264925,453000,26-10-2024,Fashion,Casual Shirt,2,1783.42,11,3566.84,203.13,380.94,3758.56,UPI,Delivered,Next Day,Mobile App,,North,3
14295647,495243,03-09-2025,Home & Kitchen,Air Fryer,2,8245.43,16,16490.87,18.92,2493.42,16364.67,UPI,Delivered,Standard,Mobile App,APPONLY10,South,5
14317279,491942,10-09-2024,Grocery,Olive Oil 1L,4,971.67,11,3886.68,33.42,172.96,3665.53,Net Banking,Delivered,Standard,Website,APPONLY10,East,5
14335247,392962,09-05-2024,Beauty & Personal Care,Lipstick,5,812.63,12,4063.17,0,643.61,4219.2,Debit Card,Delivered,Pickup Point,Website,FESTIVE15,South,5
14365681,172816,02-11-2024,Sports & Fitness,Dumbbell Set,2,3727.72,12,7455.43,42.32,1180.94,7784.04,Wallet,Shipped,Standard,Website,FESTIVE15,East,
14365787,810253,06-10-2024,Home & Kitchen,Water Bottle,2,1032.81,7,2065.63,86.59,345.79,2353.42,Credit Card,Delivered,Express,Mobile App,,East,3
14412421,183520,28-11-2025,Home & Kitchen,Table Lamp,2,1481.99,26,2963.98,57.8,394.8,2645.95,UPI,Delivered,Standard,Website,FREESHIP,South,5
14453329,170875,11-12-2025,Electronics,Mechanical Keyboard,1,4385.41,9,4385.41,174.52,718.33,4883.57,Net Banking,Delivered,Next Day,Mobile App,,North,2
14507246,151852,08-07-2024,Beauty & Personal Care,Lipstick,3,773.4,0,2320.2,37.71,417.64,2775.55,Credit Card,Confirmed,Standard,Mobile App,,Central,
14507611,882469,07-05-2024,Electronics,Smartwatch,1,5950.82,16,5950.82,0,899.76,5898.45,Net Banking,Delivered,Standard,Website,,South,5
14511473,921050,20-11-2024,Sports & Fitness,Sports Shoes,2,3239.87,28,6479.75,33.04,839.78,5538.24,UPI,Delivered,Standard,Marketplace,LOYALTY5,Central,5
14522858,784248,19-11-2024,Grocery,Premium Coffee,4,666.16,4,2664.63,58.16,127.9,2744.1,Credit Card,Cancelled,Standard,Marketplace,,South,
14555128,198102,04-07-2024,Books,Cookbook,1,824,20,824,262.28,32.96,954.44,Credit Card,Delivered,Same Day,Website,,West,1
14562961,606265,30-03-2025,Beauty & Personal Care,Hair Dryer,4,2814.02,10,11256.07,52.35,1823.48,12006.29,Credit Card,Delivered,Standard,Mobile App,,Central,5
14567611,311051,06-04-2024,Home & Kitchen,Bedsheet Set,2,1849.82,17,3699.64,12.86,552.73,3636.29,Debit Card,Delivered,Standard,Mobile App,,East,7
14590186,694959,29-06-2025,Books,Exam Preparation Book,4,1069.9,1,4279.58,0,211.84,4448.62,Credit Card,Delivered,Standard,Marketplace,,North,5
14594760,218174,28-10-2024,Grocery,Green Tea,3,481.14,11,1443.41,32.12,64.23,1380.98,UPI,Cancelled,Standard,Website,,South,
14618150,360097,18-11-2025,Fashion,Denim Jeans,2,2534.41,3,5068.83,21.33,590.01,5528.11,Debit Card,Delivered,Standard,Website,FREESHIP,East,5
14657476,735875,05-12-2024,Fashion,Women’s Kurta,3,1673.64,15,5020.92,180.84,512.13,4960.75,UPI,Delivered,Same Day,Mobile App,,East,1
14657578,985217,28-11-2024,Grocery,Organic Rice 5kg,2,779.9,5,1559.8,76.18,74.09,1632.08,UPI,Delivered,Standard,Marketplace,FESTIVE15,South,5
14697565,985217,21-11-2025,Electronics,USB-C Hub,1,2397.87,17,2397.87,94.98,358.24,2443.45,Debit Card,Returned,Express,Website,,West,
14718724,717362,30-05-2025,Fashion,Denim Jeans,1,2600.18,15,2600.18,53.54,265.22,2528.91,Debit Card,Delivered,Standard,Mobile App,SAVE20,South,5
14723686,371899,20-07-2024,Beauty & Personal Care,Lipstick,3,741.94,0,2225.82,25.5,400.65,2651.97,Credit Card,Delivered,Standard,Website,WELCOME10,North,5
14732482,382444,21-09-2024,Home & Kitchen,Storage Organizer,4,957.8,1,3831.22,0.25,682.72,4475.88,Credit Card,Delivered,Standard,Mobile App,,South,5
14798396,972762,23-11-2025,Home & Kitchen,Bedsheet Set,1,1842.35,7,1842.35,205.82,308.41,2227.62,UPI,Shipped,Next Day,Mobile App,SAVE20,North,
14826575,453000,01-12-2025,Fashion,Backpack,2,2351.04,8,4702.08,23.17,519.11,4868.19,Cash on Delivery,Shipped,Standard,Mobile App,SAVE20,South,
14829595,870085,29-11-2024,Fashion,Sunglasses,1,1228.57,4,1228.57,31.89,141.53,1352.85,Credit Card,Delivered,Pickup Point,Website,SAVE20,West,7
14830390,850500,27-04-2024,Fashion,Cotton T-Shirt,3,982.45,20,2947.35,21.45,282.95,2662.28,Cash on Delivery,Shipped,Pickup Point,Website,FESTIVE15,West,
14844790,170738,02-02-2024,Beauty & Personal Care,Sunscreen SPF 50,1,917.3,5,917.3,118.1,156.86,1146.4,Debit Card,Delivered,Express,Mobile App,,North,3
14847665,682946,05-10-2024,Fashion,Denim Jeans,1,2219.49,2,2219.49,109.99,261.01,2546.1,Credit Card,Delivered,Standard,Marketplace,,North,5
14859285,577095,16-03-2024,Fashion,Casual Shirt,1,2029.04,11,2029.04,238.1,216.7,2260.65,Credit Card,Delivered,Same Day,Website,,East,3
14867330,621502,01-12-2024,Fashion,Denim Jeans,3,2515.86,1,7547.58,9.76,896.65,8378.51,UPI,Delivered,Standard,Website,APPONLY10,West,5
14890970,726894,22-09-2025,Sports & Fitness,Sports Shoes,2,3383.89,11,6767.78,112.34,1084.2,7219.86,UPI,Delivered,Next Day,Website,,North,2
14895088,145887,01-07-2025,Sports & Fitness,Sports Shoes,2,3468.28,11,6936.57,21.24,1111.24,7306.03,Debit Card,Returned,Standard,Mobile App,APPONLY10,South,
14897243,533590,06-12-2024,Grocery,Dry Fruits 500g,4,807.8,0,3231.19,38.19,161.56,3430.94,UPI,Delivered,Standard,Marketplace,APPONLY10,West,5
14908022,735116,17-12-2025,Grocery,Green Tea,2,457.87,21,915.74,62.92,36.17,822.52,UPI,Shipped,Standard,Mobile App,LOYALTY5,South,
14921273,850062,06-04-2024,Beauty & Personal Care,Moisturizer,3,723.17,6,2169.5,76.78,367.08,2483.19,Cash on Delivery,Processin,Standard,Website,,Central,
14925655,741413,22-12-2025,Fashion,Casual Shirt,2,1661.18,5,3322.36,40.79,378.75,3575.78,Wallet,Confirmed,Standard,Mobile App,,South,
14931793,901714,06-12-2024,Books,Exam Preparation Book,2,911.55,18,1823.09,67.17,74.75,1636.85,Credit Card,Delivered,Standard,Website,FESTIVE15,East,5
14964716,104998,22-09-2024,Home & Kitchen,Storage Organizer,1,902.17,1,902.17,23.64,160.77,1077.56,Wallet,Delivered,Standard,Mobile App,,West,5
14968530,529594,05-10-2024,Books,Cookbook,1,822.13,2,822.13,54.51,40.28,900.48,UPI,Delivered,Standard,Mobile App,,Central,5
14978101,950712,01-07-2024,Grocery,Premium Coffee,4,601.59,11,2406.38,102.18,107.08,2350.94,Debit Card,Delivered,Express,Marketplace,,Central,3
14989686,836021,25-03-2024,Fashion,Backpack,2,2362.41,11,4724.82,94.55,504.61,4804.25,UPI,Delivered,Express,Mobile App,,West,3
14993815,599639,12-03-2025,Electronics,Noise Cancelling Headphones,2,9028.86,16,18057.72,109.47,2730.33,18008.28,UPI,Delivered,Express,Website,,Central,3
15025509,833858,20-08-2024,Electronics,USB-C Hub,2,2182.35,20,4364.71,18.34,628.52,4138.63,Wallet,Delivered,Standard,Website,,West,5
15028687,623103,29-05-2024,Books,Fiction Bestseller,1,607.63,15,607.63,137.43,25.82,679.74,UPI,Shipped,Express,Website,,West,
15056729,859409,06-10-2024,Fashion,Denim Jeans,1,2819.17,8,2819.17,34.94,311.24,2939.82,Cash on Delivery,Delivered,Standard,Website,FESTIVE15,West,5
15068056,717362,11-01-2025,Home & Kitchen,Water Bottle,2,1041.52,5,2083.03,64.58,356.2,2399.66,Credit Card,Returned,Standard,Marketplace,SAVE20,West,
15072285,753025,11-11-2024,Home & Kitchen,Mixer Grinder,1,4920.46,6,4920.46,29.42,832.54,5487.19,UPI,Shipped,Standard,Website,,South,
15077991,953964,28-10-2024,Sports & Fitness,Cricket Bat,2,4586.2,6,9172.4,16.96,1551.97,10190.99,Credit Card,Delivered,Standard,Website,,West,5
15091958,458160,11-02-2025,Grocery,Olive Oil 1L,4,881.76,11,3527.04,28.05,156.95,3324.07,UPI,Delivered,Standard,Website,,East,5
15131043,353080,22-10-2024,Home & Kitchen,Table Lamp,1,1636.82,25,1636.82,119.15,220.97,1567.74,Wallet,Delivered,Express,Website,,East,3
15135423,982501,06-05-2024,Home & Kitchen,Mixer Grinder,1,5438.17,0,5438.17,40.1,978.87,6457.14,UPI,Delivered,Standard,Marketplace,FREESHIP,West,6
15137804,786341,09-02-2024,Fashion,Women’s Kurta,2,1634.5,6,3268.99,0,368.74,3441.59,Credit Card,Delivered,Standard,Mobile App,,South,5
15139752,949521,14-12-2025,Home & Kitchen,Water Bottle,1,999.88,6,999.88,30.88,169.18,1139.95,Credit Card,Delivered,Pickup Point,Website,FESTIVE15,West,6
15148822,713977,18-12-2025,Home & Kitchen,Bedsheet Set,1,2132.24,7,2132.24,98.39,356.94,2438.31,UPI,Delivered,Express,Mobile App,,Central,3
15151229,382444,12-05-2025,Beauty & Personal Care,Shampoo,1,759.81,6,759.81,97.86,128.56,940.64,Cash on Delivery,Processin,Express,Mobile App,,West,
15166461,311051,09-12-2025,Sports & Fitness,Sports Shoes,2,3455.8,24,6911.6,159.89,945.51,6358.22,UPI,Delivered,Next Day,Marketplace,SAVE20,West,2
15172260,732254,19-10-2024,Sports & Fitness,Cricket Bat,1,4794.22,7,4794.22,85.56,802.55,5346.73,UPI,Shipped,Next Day,Mobile App,,West,
15176766,545331,14-11-2024,Sports & Fitness,Cricket Bat,2,4172.14,6,8344.29,17.14,1411.85,9272.62,Wallet,Delivered,Express,Website,,South,3
15214073,690505,30-07-2025,Electronics,1080p Webcam,1,3875.46,1,3875.46,51.06,690.61,4578.38,Credit Card,Delivered,Express,Marketplace,APPONLY10,South,3
15237306,682946,02-12-2024,Home & Kitchen,Storage Organizer,2,950.62,17,1901.25,215.48,284.05,2077.57,Net Banking,Delivered,Next Day,Mobile App,,South,2
15293662,261020,21-03-2024,Electronics,1080p Webcam,2,3641.63,21,7283.26,213.32,1035.68,7002.78,UPI,Shipped,Same Day,Mobile App,,South,
15310762,315098,01-01-2025,Books,Business Strategy Book,3,682.32,20,2046.95,91.51,81.88,1810.95,Net Banking,Processin,Standard,Mobile App,WELCOME10,South,
15311779,490782,03-08-2024,Beauty & Personal Care,Hair Dryer,3,2650.43,15,7951.3,16.33,1216.55,7991.48,UPI,Returned,Standard,Website,,West,
15318974,289404,04-05-2024,Fashion,Running Shoes,2,3668.19,6,7336.39,4.81,827.55,7728.57,Debit Card,Delivered,Standard,Website,,West,5
15328165,285918,26-08-2024,Grocery,Snack Assortment,4,506.58,10,2026.32,62.2,91.18,1977.07,UPI,Delivered,Express,Mobile App,,North,3
15346004,227208,06-09-2025,Home & Kitchen,Air Fryer,5,7592,15,37960,0,5807.88,38073.88,Debit Card,Processin,Standard,Mobile App,,Central,
15371189,571310,07-10-2024,Grocery,Premium Coffee,3,627.8,17,1883.4,94.78,78.16,1736.16,UPI,Delivered,Standard,Mobile App,LOYALTY5,East,6
15384811,352296,01-07-2024,Home & Kitchen,Bedsheet Set,1,1781.42,15,1781.42,216.03,272.56,2002.8,Credit Card,Delivered,Same Day,Marketplace,SAVE20,Central,1
15389941,533192,10-01-2025,Electronics,USB-C Hub,2,2293.2,0,4586.4,9.55,825.55,5421.5,Wallet,Returned,Pickup Point,Website,WELCOME10,South,
15420565,338179,22-07-2025,Electronics,1080p Webcam,1,3841.32,2,3841.32,13.19,677.61,4455.29,UPI,Delivered,Standard,Mobile App,LOYALTY5,West,5
15451319,950712,11-07-2025,Beauty & Personal Care,Lipstick,1,758.74,6,758.74,187.28,128.38,1028.88,Debit Card,Delivered,Next Day,Marketplace,,South,2
15458719,950712,12-04-2024,Fashion,Cotton T-Shirt,4,964.06,6,3856.24,50.15,434.98,4110,Debit Card,Delivered,Express,Website,,East,3
15468969,191926,25-08-2025,Electronics,Wireless Earbuds,3,2162.59,15,6487.77,38.72,992.63,6545.95,Credit Card,Delivered,Standard,Website,,North,6
15491831,698839,17-05-2024,Beauty & Personal Care,Perfume,3,2400.7,0,7202.1,6.25,1296.38,8504.73,Credit Card,Delivered,Standard,Website,,Central,5
15504934,644492,03-08-2025,Grocery,Olive Oil 1L,3,911.16,6,2733.48,145.74,128.47,2843.68,Debit Card,Confirmed,Express,Website,,East,
15512275,982501,27-09-2024,Grocery,Snack Assortment,2,484.56,25,969.12,76.75,36.34,839.93,UPI,Delivered,Express,Website,,Central,4
15520919,850062,02-09-2025,Sports & Fitness,Cricket Bat,2,4437.84,11,8875.67,26.41,1421.88,9347.64,Debit Card,Delivered,Standard,Marketplace,,Central,6
15542609,506330,30-03-2024,Sports & Fitness,Dumbbell Set,3,3381.14,1,10143.43,0,1807.56,11849.56,Cash on Delivery,Processin,Standard,Website,,West,
15548934,160754,31-01-2024,Electronics,Wireless Earbuds,2,2432.79,5,4865.58,34.88,832.01,5489.19,Credit Card,Delivered,Standard,Mobile App,LOYALTY5,South,5
15560150,707921,22-02-2024,Grocery,Dry Fruits 500g,2,820.03,25,1640.06,33.37,61.5,1324.91,Credit Card,Delivered,Pickup Point,Marketplace,WELCOME10,North,5
15576380,967182,07-12-2025,Fashion,Backpack,2,2072.18,6,4144.36,46.46,467.48,4409.64,UPI,Delivered,Express,Mobile App,WELCOME10,South,3
15590147,901714,22-05-2025,Electronics,Bluetooth Speaker,2,3438.5,6,6877.01,153.39,1163.59,7781.37,Debit Card,Delivered,Next Day,Website,FESTIVE15,West,3
15623661,647542,07-02-2024,Grocery,Organic Rice 5kg,3,690.84,5,2072.52,57.63,98.44,2124.96,Debit Card,Delivered,Express,Mobile App,,West,3
15650888,324969,05-05-2024,Home & Kitchen,Mixer Grinder,1,4887.53,1,4887.53,37.25,870.96,5746.86,UPI,Delivered,Standard,Mobile App,,West,5
15671448,261413,19-06-2025,Sports & Fitness,Fitness Resistance Bands,2,1005.34,5,2010.68,82.44,343.83,2336.42,Cash on Delivery,Delivered,Express,Mobile App,,Central,3
15696860,517340,16-08-2025,Sports & Fitness,Cricket Bat,2,4141.26,15,8282.53,0,1267.23,8307.38,Credit Card,Delivered,Pickup Point,Website,,South,5
15702009,453000,01-04-2025,Grocery,Organic Rice 5kg,3,781.2,1,2343.61,77.22,116.01,2513.4,Net Banking,Delivered,Express,Website,LOYALTY5,Central,3
15718337,371899,13-03-2025,Grocery,Olive Oil 1L,5,883.94,0,4419.68,12.25,220.98,4652.91,Debit Card,Delivered,Standard,Website,WELCOME10,South,5
15754175,250415,04-12-2025,Books,Data Analytics Handbook,2,949.12,2,1898.25,85.22,93.01,2038.51,UPI,Processin,Standard,Website,APPONLY10,South,
15758026,654376,19-05-2024,Home & Kitchen,Air Fryer,2,7802.85,25,15605.69,0,2106.77,13811.04,Net Banking,Delivered,Standard,Website,FESTIVE15,West,5
15776783,610143,05-09-2025,Books,Fiction Bestseller,6,594.72,0,3568.3,11.31,178.42,3758.03,UPI,Delivered,Standard,Mobile App,,West,5
15786636,114374,04-05-2025,Fashion,Running Shoes,3,3895.24,5,11685.71,103.37,1332.17,12536.96,UPI,Delivered,Express,Website,,Central,3
15797581,453000,24-07-2024,Electronics,Bluetooth Speaker,2,3348.71,21,6697.42,44.39,952.37,6287.72,Cash on Delivery,Cancelled,Express,Website,FESTIVE15,North,
15846033,289404,10-01-2024,Sports & Fitness,Fitness Resistance Bands,3,967.21,11,2901.64,64.98,464.84,3112.28,Credit Card,Delivered,Standard,Website,FESTIVE15,South,5
15859115,555489,22-10-2024,Beauty & Personal Care,Hair Dryer,2,2677.97,26,5355.93,47.25,713.41,4724.05,Debit Card,Delivered,Standard,Website,,South,6
15888071,935007,15-03-2025,Fashion,Women’s Kurta,4,1573.25,6,6292.99,84.96,709.85,6710.22,Cash on Delivery,Delivered,Express,Marketplace,,West,4
15908435,806671,19-11-2024,Home & Kitchen,Air Fryer,2,6608.33,10,13216.67,19.45,2141.1,14055.55,Credit Card,Delivered,Standard,Marketplace,,South,5
15914481,861740,03-06-2025,Fashion,Casual Shirt,1,1732.94,17,1732.94,60.97,172.6,1671.91,UPI,Delivered,Standard,Website,,West,5
15916793,595261,18-05-2025,Fashion,Casual Shirt,2,1727.09,12,3454.18,59.06,364.76,3463.5,UPI,Delivered,Standard,Mobile App,LOYALTY5,South,5
15930748,506330,14-12-2024,Fashion,Hoodie,1,2283.13,16,2283.13,80.66,230.14,2228.63,Net Banking,Processin,Standard,Mobile App,FESTIVE15,South,
15961167,212225,07-02-2025,Home & Kitchen,Bedsheet Set,2,1865.85,20,3731.69,28.66,537.36,3551.37,Wallet,Delivered,Pickup Point,Mobile App,,West,5
15972768,457808,09-12-2024,Grocery,Protein Cereal,3,651.73,10,1955.18,161.83,87.98,2009.47,Cash on Delivery,Delivered,Next Day,Website,,Central,2
15975218,691791,13-08-2024,Home & Kitchen,Non-Stick Cookware Set,3,5667.45,6,17002.35,100.18,2876.8,18959.19,Credit Card,Returned,Express,Mobile App,LOYALTY5,North,
15982316,918817,17-11-2024,Home & Kitchen,Electric Kettle,1,1897.01,11,1897.01,64.99,303.9,2057.23,UPI,Shipped,Standard,Website,,Central,
15983361,491942,27-08-2024,Home & Kitchen,Air Fryer,2,6847.94,16,13695.88,95.61,2070.82,13670.97,Credit Card,Delivered,Express,Mobile App,WELCOME10,West,4
15985509,210014,21-10-2024,Beauty & Personal Care,Lipstick,3,839.72,15,2519.15,239.59,385.43,2766.3,UPI,Delivered,Same Day,Mobile App,LOYALTY5,West,2
15995051,484328,15-12-2024,Fashion,Women’s Kurta,2,1532.23,1,3064.47,52.82,364.06,3450.71,Wallet,Delivered,Express,Mobile App,,Central,3
16026634,181485,16-11-2025,Electronics,Wireless Earbuds,1,2337.62,12,2337.62,39.76,370.28,2467.15,Debit Card,Delivered,Standard,Marketplace,FESTIVE15,South,5
16033153,689987,03-06-2024,Electronics,Bluetooth Speaker,1,3410.45,11,3410.45,0,546.35,3581.65,UPI,Delivered,Pickup Point,Mobile App,FREESHIP,South,6
16045506,644492,20-02-2024,Beauty & Personal Care,Sunscreen SPF 50,1,827.92,1,827.92,39.91,147.54,1007.09,Debit Card,Delivered,Standard,Website,,Central,6
16064869,615369,07-04-2024,Beauty & Personal Care,Sunscreen SPF 50,1,947.46,10,947.46,81.01,153.49,1087.21,Credit Card,Shipped,Standard,Website,FREESHIP,South,
16075795,750637,15-09-2024,Beauty & Personal Care,Hair Dryer,1,2881.52,11,2881.52,26.49,461.62,3052.66,UPI,Delivered,Pickup Point,Website,FESTIVE15,South,5
16083595,212225,26-10-2025,Home & Kitchen,Non-Stick Cookware Set,2,5999.08,2,11998.15,0,2116.47,13874.66,UPI,Delivered,Pickup Point,Marketplace,WELCOME10,North,5
16086967,816237,29-08-2025,Fashion,Casual Shirt,2,1919.88,5,3839.77,94.95,437.73,4180.46,UPI,Delivered,Express,Marketplace,,West,3
16119597,676003,14-07-2024,Grocery,Snack Assortment,5,489.62,0,2448.11,98.48,122.41,2669,Credit Card,Delivered,Express,Website,,South,3
16124657,985217,17-06-2024,Fashion,Sunglasses,1,1152.19,5,1152.19,119.37,131.35,1345.3,UPI,Delivered,Express,Mobile App,,South,3
16127360,611013,10-02-2025,Fashion,Sunglasses,1,1324.98,15,1324.98,78.35,135.15,1339.73,Cash on Delivery,Delivered,Standard,Website,,West,5
16148215,900979,25-02-2024,Books,Fiction Bestseller,3,653.24,6,1959.71,144.19,92.11,2078.43,Debit Card,Delivered,Next Day,Mobile App,,South,2
16170128,602650,06-04-2025,Home & Kitchen,Table Lamp,2,1509.89,21,3019.79,99.74,429.41,2914.78,Wallet,Delivered,Express,Website,,East,3
16171261,810253,05-07-2024,Beauty & Personal Care,Shampoo,2,694.24,15,1388.49,171.49,212.44,1564.15,Cash on Delivery,Delivered,Next Day,Mobile App,LOYALTY5,Central,2
16199848,484201,05-10-2025,Sports & Fitness,Cricket Bat,3,4549.78,2,13649.35,0,2407.74,15784.1,Net Banking,Delivered,Standard,Mobile App,,South,5
16212026,594362,20-03-2025,Grocery,Dry Fruits 500g,6,850.08,5,5100.47,26.95,242.27,5114.67,UPI,Delivered,Standard,Website,,East,5
16219335,495243,27-08-2025,Fashion,Denim Jeans,4,2434.88,1,9739.54,33.64,1157.06,10832.84,Wallet,Shipped,Standard,Mobile App,FESTIVE15,South,
16224428,754071,28-09-2025,Fashion,Denim Jeans,1,2339.71,1,2339.71,78.16,277.96,2672.43,Credit Card,Delivered,Express,Mobile App,,East,3
16225361,870085,30-06-2024,Books,Cookbook,3,851.48,7,2554.44,58.69,118.78,2553.1,Wallet,Processin,Standard,Mobile App,,South,
16254407,402445,01-07-2025,Books,Cookbook,3,726.15,1,2178.44,65.72,107.83,2330.21,Credit Card,Delivered,Standard,Website,FESTIVE15,East,5
16261943,349717,10-05-2024,Electronics,Bluetooth Speaker,2,3012.64,10,6025.29,29.2,976.1,6428.06,Credit Card,Delivered,Express,Website,,West,3
16265749,990734,20-07-2024,Home & Kitchen,Water Bottle,3,990.68,10,2972.04,54.21,481.47,3210.52,Net Banking,Returned,Standard,Website,,West,
16266638,869164,08-11-2025,Sports & Fitness,Yoga Mat,2,1212.75,22,2425.49,17.83,340.54,2250.25,Net Banking,Shipped,Standard,Website,,West,
16317152,834277,17-04-2024,Sports & Fitness,Yoga Mat,3,1342.66,0,4027.98,0,725.04,4753.02,Net Banking,Returned,Pickup Point,Mobile App,,East,
16337419,707921,12-01-2025,Fashion,Women’s Kurta,4,1453.63,20,5814.5,21.96,558.19,5231.75,Wallet,Delivered,Standard,Mobile App,FESTIVE15,East,5
16351678,416598,12-10-2025,Grocery,Olive Oil 1L,3,921.34,18,2764.03,272.36,113.32,2652.18,Credit Card,Delivered,Same Day,Marketplace,,West,1
16352076,726894,17-03-2025,Grocery,Dry Fruits 500g,3,820.21,11,2460.62,64.49,109.5,2363.94,UPI,Delivered,Standard,Mobile App,,West,5
16358330,670862,11-11-2025,Beauty & Personal Care,Sunscreen SPF 50,1,867.02,3,867.02,43.97,151.38,1036.36,Credit Card,Delivered,Standard,Marketplace,,South,5
16371289,615369,15-08-2024,Beauty & Personal Care,Lipstick,3,829.86,0,2489.58,177.87,448.12,3115.57,Wallet,Shipped,Next Day,Website,FESTIVE15,North,
16416353,216247,31-07-2024,Fashion,Cotton T-Shirt,4,868.98,16,3475.9,174.65,350.37,3444.78,UPI,Delivered,Next Day,Marketplace,LOYALTY5,Central,2
16423066,594362,14-01-2024,Home & Kitchen,Water Bottle,2,965.37,10,1930.73,31.99,312.78,2082.43,UPI,Delivered,Standard,Marketplace,FREESHIP,South,5
16450131,170738,23-01-2024,Electronics,Power Bank,3,1682.34,10,5047.03,29.36,817.62,5389.31,UPI,Delivered,Standard,Website,,East,5
16468436,726894,28-11-2024,Grocery,Premium Coffee,5,655.19,11,3275.97,38.36,145.78,3099.75,Credit Card,Delivered,Pickup Point,Website,SAVE20,North,5
16487311,924729,23-07-2024,Grocery,Premium Coffee,2,658.59,20,1317.18,22.65,52.69,1129.08,UPI,Shipped,Pickup Point,Mobile App,,West,
16488476,453000,07-08-2024,Sports & Fitness,Sports Shoes,1,2695.27,1,2695.27,92.48,480.3,3241.1,UPI,Shipped,Standard,Website,,North,
16537608,636319,24-11-2025,Fashion,Casual Shirt,6,1770.14,28,10620.82,19.52,917.64,8584.15,Credit Card,Delivered,Standard,Mobile App,FESTIVE15,Central,6
16539355,930111,04-11-2024,Home & Kitchen,Air Fryer,2,6926.39,17,13852.77,133.87,2069.6,13701.27,Credit Card,Delivered,Next Day,Website,FREESHIP,East,2
16540371,315856,20-06-2024,Beauty & Personal Care,Sunscreen SPF 50,1,958.75,5,958.75,89.75,163.95,1164.51,UPI,Delivered,Standard,Website,,North,6
16560434,726894,11-05-2024,Fashion,Sunglasses,2,1281.97,21,2563.94,72.46,243.06,2341.03,Debit Card,Returned,Standard,Marketplace,,West,
16597912,654045,17-04-2024,Electronics,USB-C Hub,2,2492.97,0,4985.93,23.79,897.47,5907.19,UPI,Shipped,Standard,Website,,West,
16617324,754071,08-04-2024,Fashion,Backpack,1,2313.64,1,2313.64,168.68,274.86,2734.04,Debit Card,Delivered,Express,Website,,North,3
16643575,444916,26-04-2024,Home & Kitchen,Electric Kettle,1,2057.14,11,2057.14,70.28,329.55,2230.68,UPI,Shipped,Standard,Mobile App,,West,
16646551,455847,27-06-2025,Sports & Fitness,Yoga Mat,2,1288.83,10,2577.66,23.37,417.58,2760.84,Debit Card,Delivered,Pickup Point,Marketplace,FESTIVE15,East,5
16655947,870085,07-09-2025,Home & Kitchen,Air Fryer,1,6499.37,2,6499.37,90.53,1146.49,7606.4,Credit Card,Shipped,Next Day,Mobile App,,West,
16672233,590308,16-10-2025,Fashion,Cotton T-Shirt,1,942.09,0,942.09,103.12,113.05,1158.26,Credit Card,Delivered,Express,Mobile App,SAVE20,Central,3
16681922,111331,27-03-2025,Electronics,Smartwatch,2,6160,1,12319.99,31.04,2195.42,14423.25,Net Banking,Delivered,Express,Website,SAVE20,Central,3
16685699,590308,31-12-2024,Home & Kitchen,Table Lamp,2,1500.76,17,3001.52,136.33,448.43,3076.02,UPI,Delivered,Express,Website,,South,3
16686913,181485,15-11-2024,Home & Kitchen,Electric Kettle,1,2050.03,17,2050.03,77,306.27,2084.79,Credit Card,Processin,Standard,Marketplace,SAVE20,Central,
16744806,956740,05-05-2024,Home & Kitchen,Non-Stick Cookware Set,2,5282.53,11,10565.07,0,1692.52,11095.43,Credit Card,Delivered,Standard,Mobile App,,South,6
16750612,447552,09-12-2025,Books,Fiction Bestseller,2,585.34,23,1170.67,126.87,45.07,1073.36,UPI,Delivered,Express,Mobile App,LOYALTY5,South,3
16762289,360097,11-11-2024,Fashion,Women’s Kurta,2,1575.54,6,3151.09,80.8,355.44,3398.26,UPI,Delivered,Express,Mobile App,,East,3
16781567,141597,23-07-2024,Books,Data Analytics Handbook,4,862.54,1,3450.18,38.99,170.78,3625.45,Debit Card,Shipped,Standard,Website,,South,
16782166,315327,26-08-2025,Home & Kitchen,Non-Stick Cookware Set,2,5693.94,20,11387.88,82.78,1639.85,10832.93,Credit Card,Delivered,Express,Marketplace,,East,3
16829497,971454,24-09-2024,Grocery,Dry Fruits 500g,1,838.05,10,838.05,58.28,37.71,850.24,UPI,Delivered,Standard,Website,LOYALTY5,South,5
16834746,572666,16-09-2024,Electronics,Wireless Earbuds,3,2564.84,25,7694.51,3.09,1038.76,6812.73,Cash on Delivery,Cancelled,Pickup Point,Website,,North,
16843089,732254,04-07-2025,Sports & Fitness,Gym Bag,3,1869.08,5,5607.24,0,958.84,6285.72,UPI,Delivered,Standard,Website,,South,7
16856986,108961,10-11-2025,Home & Kitchen,Bedsheet Set,1,1943.88,22,1943.88,26.03,272.92,1815.18,UPI,Shipped,Pickup Point,Website,,South,
16881531,830954,27-04-2025,Electronics,Power Bank,1,1448.87,5,1448.87,36.84,247.76,1661.03,Debit Card,Cancelled,Pickup Point,Website,SAVE20,South,
16909097,577095,01-07-2024,Grocery,Premium Coffee,6,665.07,16,3990.39,45.95,167.6,3565.48,Credit Card,Delivered,Express,Mobile App,LOYALTY5,East,3
16916944,507481,19-09-2024,Electronics,Noise Cancelling Headphones,3,8370.79,21,25112.38,79.27,3570.98,23489.03,Credit Card,Returned,Standard,Marketplace,FESTIVE15,West,
16936870,460686,30-06-2024,Fashion,Running Shoes,1,3948.75,10,3948.75,56.35,426.46,4036.68,Debit Card,Shipped,Express,Mobile App,FESTIVE15,West,
17000165,423853,08-09-2024,Home & Kitchen,Water Bottle,1,939.01,10,939.01,67.69,152.12,1064.92,Credit Card,Processin,Standard,Website,,West,
17017679,398690,21-10-2025,Beauty & Personal Care,Lipstick,4,805.19,18,3220.76,86.2,475.38,3202.6,Credit Card,Delivered,Express,Mobile App,LOYALTY5,North,3
17033743,453000,18-01-2024,Grocery,Snack Assortment,1,507.65,6,507.65,73.24,23.86,574.29,Credit Card,Delivered,Standard,Mobile App,,Central,5
17055172,953964,10-05-2024,Electronics,Bluetooth Speaker,3,3445.68,21,10337.05,5.72,1469.93,9641.92,Credit Card,Delivered,Standard,Mobile App,,West,5
17061429,838282,12-07-2025,Fashion,Women’s Kurta,1,1687.75,10,1687.75,133.06,182.28,1834.31,Credit Card,Delivered,Next Day,Website,,South,2
17100348,731007,30-05-2025,Home & Kitchen,Bedsheet Set,2,2031.93,16,4063.86,54.04,614.46,4082.14,Credit Card,Cancelled,Standard,Website,,South,
17100889,507481,11-06-2025,Grocery,Dry Fruits 500g,2,803.44,11,1606.89,30.18,71.51,1531.82,UPI,Delivered,Standard,Website,FESTIVE15,West,5
17105640,513429,08-05-2025,Beauty & Personal Care,Perfume,3,2543.31,16,7629.93,72.49,1153.65,7635.28,UPI,Delivered,Express,Mobile App,,East,3
17106947,847417,07-07-2024,Beauty & Personal Care,Lipstick,4,732.73,17,2930.93,69.7,437.88,2940.25,Credit Card,Delivered,Standard,Website,,West,7
17124231,333453,01-11-2024,Beauty & Personal Care,Sunscreen SPF 50,2,873.06,17,1746.12,91.85,260.87,1802,Debit Card,Delivered,Standard,Website,WELCOME10,Central,7
17132906,137807,26-10-2025,Electronics,Bluetooth Speaker,4,3422.78,2,13691.14,31.4,2415.12,15863.84,Cash on Delivery,Delivered,Standard,Mobile App,,West,5
17139624,212225,09-12-2025,Home & Kitchen,Non-Stick Cookware Set,3,5513.95,20,16541.84,41.19,2382.02,15656.68,Debit Card,Delivered,Standard,Mobile App,,East,5
17144971,232711,09-06-2025,Electronics,Bluetooth Speaker,2,3387.71,16,6775.42,44.8,1024.44,6760.59,UPI,Delivered,Standard,Mobile App,,North,5
17158291,784248,16-07-2025,Books,Business Strategy Book,2,702.95,2,1405.89,63.61,68.89,1510.27,Wallet,Delivered,Standard,Mobile App,,South,5
17160056,504612,14-01-2024,Electronics,Mechanical Keyboard,1,4441.2,5,4441.2,0,759.45,4978.59,Wallet,Delivered,Pickup Point,Marketplace,LOYALTY5,West,5
17170563,170875,16-10-2024,Grocery,Olive Oil 1L,5,884.01,14,4420.03,35.73,190.06,4027.02,UPI,Delivered,Express,Website,APPONLY10,West,3
17221245,882469,13-11-2025,Fashion,Hoodie,2,2265.08,23,4530.17,21.63,418.59,3928.45,Net Banking,Delivered,Standard,Marketplace,,North,5
17222261,289404,03-04-2025,Electronics,Noise Cancelling Headphones,2,8977.94,21,17955.88,146.9,2553.33,16885.38,Cash on Delivery,Cancelled,Same Day,Mobile App,,North,
17250298,685812,30-05-2024,Fashion,Backpack,3,2331.23,16,6993.7,51.51,704.97,6631.19,Debit Card,Delivered,Express,Marketplace,,West,3
17301558,930111,19-12-2024,Home & Kitchen,Electric Kettle,2,2040.09,27,4080.18,109,536.14,3623.67,Cash on Delivery,Returned,Express,Marketplace,,East,
17309145,218174,20-02-2025,Fashion,Cotton T-Shirt,3,908.01,16,2724.02,46.68,274.58,2609.44,Credit Card,Returned,Standard,Marketplace,,South,
17319324,870085,28-05-2024,Beauty & Personal Care,Hair Dryer,2,2730.47,2,5460.93,1.31,963.31,6316.33,Debit Card,Delivered,Standard,Website,,North,5
17332179,870085,01-04-2024,Electronics,Wireless Earbuds,2,2390.65,17,4781.31,46.57,714.33,4729.39,UPI,Delivered,Standard,Website,,West,5
17361865,811520,01-11-2025,Fashion,Backpack,4,2369.96,16,9479.82,45.86,955.57,8964.48,UPI,Delivered,Standard,Marketplace,APPONLY10,West,5
17379451,732254,13-07-2024,Electronics,Bluetooth Speaker,1,2866.52,5,2866.52,201.18,490.17,3414.54,Debit Card,Delivered,Next Day,Website,,Central,2
17394294,224377,19-03-2024,Fashion,Hoodie,3,2423.38,16,7270.15,19.1,732.83,6858.86,UPI,Delivered,Standard,Mobile App,,West,5
17403910,470478,08-11-2025,Beauty & Personal Care,Lipstick,3,844.59,3,2533.76,64.3,442.4,2964.45,Credit Card,Shipped,Standard,Website,LOYALTY5,North,
17441633,950712,01-11-2025,Home & Kitchen,Storage Organizer,1,828.16,8,828.16,229.44,137.14,1128.49,Cash on Delivery,Cancelled,Next Day,Website,FESTIVE15,West,
17445079,761740,22-10-2024,Electronics,Noise Cancelling Headphones,2,8956.49,3,17912.98,39.31,3127.61,20542.51,UPI,Delivered,Standard,Mobile App,,East,5
17520848,784248,31-07-2024,Fashion,Sunglasses,2,1359.77,22,2719.55,160.73,254.55,2536.53,Credit Card,Delivered,Express,Website,,South,3
17535597,183520,09-12-2025,Books,Cookbook,2,849.85,18,1699.7,130.6,69.69,1594.04,Credit Card,Delivered,Next Day,Website,FESTIVE15,West,2
17547587,311051,31-10-2025,Sports & Fitness,Yoga Mat,2,1363.18,27,2726.36,53.24,358.24,2401.72,Credit Card,Shipped,Standard,Website,,North,
17559117,945783,02-09-2025,Books,Fiction Bestseller,2,625.01,5,1250.02,35.47,59.38,1282.37,UPI,Delivered,Standard,Mobile App,,North,5
17576203,626829,13-06-2025,Fashion,Denim Jeans,1,2645.06,10,2645.06,77.29,285.67,2743.51,UPI,Delivered,Standard,Website,,South,5
17577779,554476,12-07-2024,Books,Personal Finance Guide,3,745.12,6,2235.37,51.34,105.06,2257.65,UPI,Confirmed,Standard,Website,,Central,
17581665,216247,24-09-2025,Fashion,Backpack,3,2161.8,11,6485.4,6.78,692.64,6471.43,Debit Card,Shipped,Standard,Website,,South,
17582345,981217,07-11-2025,Sports & Fitness,Dumbbell Set,3,3435.95,28,10307.85,0,1335.9,8757.55,Net Banking,Delivered,Pickup Point,Marketplace,,South,5
17589816,231491,06-11-2024,Grocery,Green Tea,2,474.98,20,949.95,64.76,38,862.72,UPI,Shipped,Standard,Website,,South,
17614068,549736,15-03-2024,Home & Kitchen,Bedsheet Set,1,1874.25,10,1874.25,81.89,303.63,2072.35,Credit Card,Delivered,Standard,Website,WELCOME10,South,5
17618822,695125,15-07-2025,Sports & Fitness,Dumbbell Set,2,3886.38,15,7772.76,0,1189.23,7796.08,UPI,Delivered,Standard,Mobile App,LOYALTY5,East,5
17622447,870085,20-07-2025,Beauty & Personal Care,Sunscreen SPF 50,2,905.36,17,1810.72,43.27,270.52,1816.69,UPI,Shipped,Standard,Marketplace,,South,
17650179,108459,08-11-2025,Fashion,Backpack,2,2222.99,3,4445.99,11.89,517.51,4842.01,UPI,Delivered,Standard,Website,SAVE20,Central,5
17690402,371143,10-02-2025,Books,Business Strategy Book,1,674.56,10,674.56,84.47,30.36,721.93,UPI,Returned,Standard,Website,LOYALTY5,South,
17710093,388158,23-09-2024,Beauty & Personal Care,Perfume,4,2317.38,26,9269.53,7.14,1234.7,8101.29,UPI,Delivered,Standard,Marketplace,,Central,5
17713035,644492,30-07-2024,Fashion,Women’s Kurta,1,1570.8,6,1570.8,68.68,177.19,1722.42,Cash on Delivery,Delivered,Standard,Website,SAVE20,North,5
17735470,810253,16-07-2025,Beauty & Personal Care,Perfume,2,2507.85,5,5015.7,0,857.69,5622.61,UPI,Delivered,Standard,Marketplace,APPONLY10,South,5
17739922,453000,08-09-2025,Sports & Fitness,Dumbbell Set,1,3438.62,1,3438.62,99.63,612.76,4116.62,UPI,Delivered,Express,Website,,West,3
17748721,284839,02-05-2025,Fashion,Casual Shirt,2,1886.99,20,3773.98,68.55,362.3,3450.03,Net Banking,Delivered,Express,Website,,North,3
17752751,726894,20-02-2025,Fashion,Running Shoes,5,3734.05,6,18670.23,20.14,2106,19676.16,UPI,Delivered,Express,Mobile App,,South,4
17782343,523351,19-07-2024,Fashion,Women’s Kurta,4,1556.52,11,6226.08,9.81,664.95,6215.97,UPI,Processin,Standard,Mobile App,,West,
17800533,495243,27-03-2025,Grocery,Olive Oil 1L,4,937.3,11,3749.21,72.94,166.84,3576.58,Debit Card,Delivered,Express,Mobile App,APPONLY10,North,3
17804344,436379,16-02-2024,Fashion,Sunglasses,1,1228.05,6,1228.05,51.06,138.52,1343.95,UPI,Delivered,Pickup Point,Website,,Central,5
17806866,210014,01-07-2024,Fashion,Women’s Kurta,2,1598.18,10,3196.37,63.34,345.21,3285.28,UPI,Delivered,Standard,Mobile App,FREESHIP,Central,5
17820141,281384,26-05-2025,Fashion,Running Shoes,3,3425.87,11,10277.62,18.84,1097.65,10263.57,Wallet,Delivered,Express,Website,,West,3
17848436,377152,30-12-2024,Sports & Fitness,Yoga Mat,1,1277.44,15,1277.44,119.35,195.45,1400.62,Credit Card,Delivered,Express,Marketplace,FREESHIP,West,3
17872555,284839,20-05-2024,Fashion,Cotton T-Shirt,1,900.29,25,900.29,113.41,81.03,869.66,UPI,Delivered,Express,Website,WELCOME10,West,3
17908046,827198,20-11-2025,Electronics,USB-C Hub,2,2389.44,8,4778.88,14.45,791.38,5202.4,Credit Card,Delivered,Standard,Mobile App,WELCOME10,North,5
17908628,682946,09-03-2024,Fashion,Running Shoes,1,3759.63,2,3759.63,110.58,442.13,4237.15,Credit Card,Delivered,Express,Mobile App,,Central,4
17914158,350080,23-11-2025,Fashion,Denim Jeans,1,2486.46,21,2486.46,49.87,235.72,2249.89,Wallet,Delivered,Pickup Point,Website,,South,5
17919780,966795,07-05-2025,Sports & Fitness,Fitness Resistance Bands,4,920.93,15,3683.71,0,563.61,3694.76,Credit Card,Delivered,Standard,Website,,West,5
17955997,671644,01-12-2025,Books,Business Strategy Book,2,763.56,2,1527.13,78.25,74.83,1649.67,Debit Card,Processin,Standard,Mobile App,,Central,
17976213,210506,14-06-2024,Grocery,Premium Coffee,2,667.25,10,1334.5,76.02,60.05,1337.12,UPI,Delivered,Standard,Marketplace,,Central,5
17992649,606265,26-06-2024,Sports & Fitness,Gym Bag,2,1872.08,20,3744.15,47.46,539.16,3581.94,Credit Card,Delivered,Pickup Point,Marketplace,,West,5
18029369,542719,30-05-2025,Books,Business Strategy Book,2,761.65,25,1523.3,46.66,57.12,1246.26,Cash on Delivery,Delivered,Standard,Mobile App,,West,5
18030794,388158,19-02-2025,Fashion,Women’s Kurta,2,1655.76,26,3311.52,244.26,294.06,2988.84,UPI,Cancelled,Next Day,Mobile App,,West,
18058808,333453,26-09-2024,Home & Kitchen,Water Bottle,1,927.03,12,927.03,79.18,146.84,1041.81,UPI,Delivered,Standard,Website,LOYALTY5,West,5
18096681,744677,07-05-2024,Books,Exam Preparation Book,3,994.89,6,2984.68,259.65,140.28,3205.53,Wallet,Delivered,Same Day,Website,FESTIVE15,Central,1
18144913,178738,07-11-2024,Fashion,Running Shoes,1,4291.82,28,4291.82,66.85,370.81,3527.77,Cash on Delivery,Delivered,Express,Website,,South,3
18150109,918157,06-11-2025,Books,Business Strategy Book,4,689.39,1,2757.58,123.4,136.5,2989.9,Credit Card,Delivered,Express,Website,WELCOME10,North,3
18158324,710236,21-08-2025,Beauty & Personal Care,Face Serum,2,1340.38,15,2680.76,81.13,410.16,2769.94,UPI,Delivered,Standard,Mobile App,LOYALTY5,North,5
18161692,347406,08-07-2024,Grocery,Premium Coffee,3,692.74,10,2078.22,51.01,93.52,2014.93,Cash on Delivery,Delivered,Standard,Mobile App,,West,5
18171542,934458,27-11-2025,Electronics,Bluetooth Speaker,1,3227.76,11,3227.76,40.9,517.09,3430.7,Credit Card,Delivered,Pickup Point,Website,WELCOME10,South,5
18184419,615369,17-08-2025,Grocery,Dry Fruits 500g,3,862.62,10,2587.86,195.17,116.45,2640.69,Credit Card,Delivered,Next Day,Mobile App,WELCOME10,North,2
18193640,159779,13-11-2024,Electronics,1080p Webcam,5,3700.45,5,18502.25,130.83,3163.89,20871.86,Wallet,Delivered,Next Day,Website,,North,2
18214351,250203,12-10-2024,Beauty & Personal Care,Hair Dryer,1,2894.14,16,2894.14,106.49,437.59,2975.16,Cash on Delivery,Delivered,Express,Mobile App,SAVE20,South,3
18221228,830954,21-09-2024,Grocery,Green Tea,3,442.13,10,1326.38,82.24,59.69,1335.67,UPI,Delivered,Standard,Mobile App,,Central,5
18248330,216247,07-12-2024,Beauty & Personal Care,Shampoo,4,752.01,11,3008.02,35.47,481.89,3194.5,Debit Card,Delivered,Standard,Website,,South,6
18250434,268660,30-04-2024,Books,Personal Finance Guide,3,696.4,15,2089.2,85.55,88.79,1950.16,Credit Card,Shipped,Express,Mobile App,LOYALTY5,North,
18369780,204535,22-12-2025,Home & Kitchen,Storage Organizer,1,1070.32,8,1070.32,40.13,177.24,1202.06,Credit Card,Returned,Standard,Mobile App,FESTIVE15,North,
18381693,306269,29-06-2024,Fashion,Backpack,1,2469.96,10,2469.96,68.94,266.76,2558.66,Cash on Delivery,Delivered,Express,Website,SAVE20,West,3
18387511,857238,30-12-2024,Electronics,Bluetooth Speaker,4,3027.73,8,12110.93,0,2005.57,13147.63,Credit Card,Delivered,Pickup Point,Mobile App,FESTIVE15,West,5
18391795,347406,08-07-2025,Books,Business Strategy Book,1,727.35,15,727.35,98.47,30.91,747.63,UPI,Delivered,Standard,Marketplace,,West,5
18399481,575415,28-09-2024,Sports & Fitness,Cricket Bat,3,4046.61,10,12139.83,20.73,1966.65,12913.23,Credit Card,Shipped,Standard,Mobile App,,North,
18418300,670862,08-11-2025,Sports & Fitness,Cricket Bat,1,4878.09,8,4878.09,97.02,807.81,5392.67,Debit Card,Delivered,Next Day,Website,FREESHIP,South,3
18460362,590308,27-07-2024,Sports & Fitness,Cricket Bat,2,4753.98,0,9507.97,258.43,1711.43,11477.83,Net Banking,Shipped,Next Day,Mobile App,,West,
18482152,967182,18-07-2025,Fashion,Cotton T-Shirt,3,818.47,1,2455.4,98.16,291.7,2820.71,Debit Card,Delivered,Standard,Mobile App,APPONLY10,South,5
18505818,501794,04-03-2025,Home & Kitchen,Non-Stick Cookware Set,2,5648.4,10,11296.8,184.18,1830.08,12181.38,Cash on Delivery,Delivered,Same Day,Mobile App,FESTIVE15,West,1
18508311,937798,01-12-2024,Sports & Fitness,Sports Shoes,1,3176.8,28,3176.8,58.15,411.71,2757.16,Wallet,Delivered,Standard,Mobile App,,North,5
18545147,192903,21-08-2024,Beauty & Personal Care,Sunscreen SPF 50,1,873.56,16,873.56,80.43,132.08,946.3,UPI,Delivered,Standard,Marketplace,SAVE20,Central,5
18551105,689987,21-07-2024,Electronics,Noise Cancelling Headphones,1,9331.99,11,9331.99,122.91,1494.98,9923.36,UPI,Delivered,Express,Website,,West,3
18566002,315098,18-09-2025,Home & Kitchen,Electric Kettle,4,2090.38,20,8361.52,6.09,1204.06,7899.37,Credit Card,Delivered,Standard,Website,,South,5
18566507,674785,13-02-2025,Fashion,Sunglasses,1,1317.75,6,1317.75,69.65,148.64,1456.98,Wallet,Delivered,Express,Mobile App,FESTIVE15,Central,3
18579763,810253,09-02-2025,Sports & Fitness,Dumbbell Set,1,3638.73,5,3638.73,55.49,622.22,4134.5,Cash on Delivery,Cancelled,Express,Mobile App,FREESHIP,North,
18598149,108961,08-10-2024,Electronics,1080p Webcam,4,3901.52,5,15606.06,103.03,2668.64,17597.43,UPI,Shipped,Express,Marketplace,WELCOME10,Central,
18602727,731007,20-12-2025,Home & Kitchen,Water Bottle,2,1021.97,26,2043.95,81.27,272.25,1866.04,UPI,Returned,Standard,Marketplace,FESTIVE15,South,
18609082,197501,27-01-2024,Home & Kitchen,Non-Stick Cookware Set,1,5468.6,5,5468.6,48.82,935.13,6179.12,Credit Card,Delivered,Express,Mobile App,,South,3
18610894,682946,29-03-2025,Sports & Fitness,Cricket Bat,3,4540.9,2,13622.7,118.46,2403.04,15871.75,UPI,Delivered,Next Day,Website,FREESHIP,South,2
18631860,505099,08-09-2024,Beauty & Personal Care,Face Serum,2,1182.17,11,2364.34,36.47,378.77,2519.5,Debit Card,Delivered,Standard,Mobile App,,North,5
18641378,569791,15-05-2025,Home & Kitchen,Table Lamp,1,1403.33,11,1403.33,100.8,224.81,1574.57,Credit Card,Shipped,Express,Mobile App,FESTIVE15,West,
18646002,196350,25-06-2024,Fashion,Denim Jeans,4,2709.64,2,10838.57,23.98,1274.62,11920.4,UPI,Shipped,Standard,Mobile App,,East,
18673131,495243,16-11-2025,Electronics,USB-C Hub,1,2223.91,3,2223.91,63.76,388.29,2609.24,UPI,Delivered,Standard,Website,,North,5
18676704,250415,17-12-2025,Electronics,USB-C Hub,1,2088.96,10,2088.96,69.62,338.41,2288.09,Credit Card,Delivered,Standard,Marketplace,,North,5
18682669,918157,25-03-2025,Fashion,Hoodie,3,2008.4,11,6025.2,45.22,643.49,6051.14,Debit Card,Confirmed,Standard,Mobile App,FESTIVE15,South,
18717988,783827,24-07-2025,Home & Kitchen,Water Bottle,3,1067.3,6,3201.9,7.58,541.76,3559.13,Credit Card,Delivered,Standard,Marketplace,LOYALTY5,West,5
18721979,694959,02-11-2024,Fashion,Women’s Kurta,3,1604.61,13,4813.83,0,502.56,4690.59,UPI,Delivered,Standard,Mobile App,,North,5
18728814,694959,21-11-2025,Grocery,Organic Rice 5kg,3,711.53,13,2134.58,283.03,92.85,2232.96,UPI,Returned,Same Day,Website,LOYALTY5,Central,
18748166,615369,10-03-2024,Sports & Fitness,Sports Shoes,4,3412.68,20,13650.74,25.38,1965.71,12911.68,Credit Card,Cancelled,Standard,Mobile App,,Central,
18754454,861740,22-12-2024,Grocery,Dry Fruits 500g,5,798.32,19,3991.6,49.09,161.66,3443.95,UPI,Delivered,Standard,Website,,South,5
18807751,446115,31-08-2025,Home & Kitchen,Mixer Grinder,1,4716.37,15,4716.37,2.58,721.6,4733.09,Net Banking,Returned,Standard,Marketplace,,West,
18825634,917605,15-12-2025,Electronics,Wireless Earbuds,1,2512.52,10,2512.52,83.42,407.03,2751.72,Cash on Delivery,Delivered,Standard,Website,,South,6
18826300,682946,21-10-2024,Fashion,Hoodie,3,2253.45,22,6760.36,176.79,632.77,6082.64,Net Banking,Delivered,Same Day,Marketplace,,Central,1
18846184,216247,29-01-2024,Electronics,Wireless Earbuds,2,2625.41,16,5250.82,6.46,793.92,5211.07,Credit Card,Delivered,Standard,Mobile App,,Central,5
18880583,701235,23-11-2025,Fashion,Casual Shirt,1,1707.6,7,1707.6,174.15,190.57,1952.79,UPI,Delivered,Next Day,Website,SAVE20,South,2
18923494,181485,15-05-2025,Fashion,Denim Jeans,2,2479.72,15,4959.44,20.78,505.86,4742.16,Wallet,Confirmed,Standard,Website,WELCOME10,East,
18923560,398690,25-09-2025,Electronics,Noise Cancelling Headphones,2,9136.78,21,18273.57,0,2598.5,17034.62,UPI,Delivered,Standard,Mobile App,FESTIVE15,South,5
18931781,333453,01-11-2024,Home & Kitchen,Electric Kettle,3,1949.28,14,5847.84,17.22,905.25,5951.61,Debit Card,Delivered,Standard,Website,WELCOME10,South,5
18960090,590308,30-11-2025,Grocery,Green Tea,3,477.76,10,1433.27,266.72,64.5,1621.16,UPI,Delivered,Same Day,Mobile App,,North,2
18962675,735116,28-01-2024,Fashion,Casual Shirt,2,1978.85,1,3957.7,27.29,470.17,4415.58,Credit Card,Returned,Standard,Mobile App,LOYALTY5,North,
18976749,786341,09-10-2025,Electronics,Power Bank,1,1400.05,11,1400.05,105,224.29,1575.33,Credit Card,Returned,Express,Marketplace,,West,
18992246,121516,26-10-2024,Sports & Fitness,Gym Bag,1,1871.93,30,1871.93,45.6,235.86,1591.81,Credit Card,Processin,Standard,Website,,East,
18993319,453000,27-02-2025,Home & Kitchen,Air Fryer,2,7158.22,26,14316.44,0,1906.95,12501.12,UPI,Delivered,Pickup Point,Website,FESTIVE15,South,6
19009042,847417,17-11-2024,Fashion,Women’s Kurta,2,1675.44,14,3350.88,124.16,345.81,3351.73,UPI,Delivered,Express,Mobile App,LOYALTY5,Central,3
19019803,325495,05-04-2024,Electronics,Bluetooth Speaker,2,3452.47,15,6904.93,113.77,1056.45,7039.41,Debit Card,Delivered,Express,Website,,East,3
19035360,840084,31-07-2024,Grocery,Premium Coffee,5,607.96,6,3039.81,73.63,142.87,3073.92,Debit Card,Delivered,Standard,Marketplace,,South,5
19052736,360097,13-09-2025,Grocery,Organic Rice 5kg,3,635.27,16,1905.81,75.74,80.04,1756.66,UPI,Delivered,Standard,Website,FREESHIP,Central,5
19055986,870085,31-07-2024,Books,Cookbook,1,792.52,2,792.52,95.03,38.83,910.53,UPI,Delivered,Express,Mobile App,FESTIVE15,West,3
19060466,510338,25-01-2024,Home & Kitchen,Storage Organizer,4,813.71,15,3254.85,334.48,497.99,3599.09,Debit Card,Delivered,Same Day,Website,FREESHIP,West,1
19065180,966122,14-10-2025,Books,Data Analytics Handbook,2,883.25,11,1766.5,81.21,78.61,1732,Credit Card,Delivered,Standard,Website,,Central,5
19074408,900979,21-06-2025,Grocery,Organic Rice 5kg,1,673.09,11,673.09,70.33,29.95,699.33,Cash on Delivery,Delivered,Standard,Website,SAVE20,East,5
19077575,707613,06-08-2024,Electronics,USB-C Hub,2,2145.87,1,4291.74,134.82,764.79,5148.43,Debit Card,Delivered,Next Day,Website,,Central,2
19104730,308812,03-05-2024,Books,Fiction Bestseller,8,559.82,11,4478.58,16.66,199.3,4201.9,Net Banking,Delivered,Standard,Website,FESTIVE15,South,5
19108826,872600,12-10-2024,Electronics,Mechanical Keyboard,1,4464.91,25,4464.91,225.21,602.76,4176.65,Credit Card,Delivered,Same Day,Website,SAVE20,Central,1
19140675,304920,03-06-2024,Sports & Fitness,Sports Shoes,1,3110.6,6,3110.6,94.84,526.31,3545.11,Credit Card,Delivered,Standard,Mobile App,,West,5
19167657,982086,03-02-2024,Home & Kitchen,Air Fryer,3,6794.81,11,20384.44,82.77,3265.59,21490.51,UPI,Delivered,Express,Marketplace,,South,3
19169321,248381,06-08-2025,Fashion,Backpack,2,2152.61,16,4305.23,128.01,433.97,4178.37,UPI,Delivered,Next Day,Mobile App,,West,2
19178677,689987,06-01-2024,Home & Kitchen,Water Bottle,2,1035.59,1,2071.18,37.82,369.08,2457.37,UPI,Delivered,Standard,Marketplace,,North,5
19192990,671302,15-02-2025,Fashion,Backpack,2,2678.65,0,5357.3,49.77,642.88,6049.95,UPI,Delivered,Express,Website,,South,3
19229847,457808,22-12-2024,Home & Kitchen,Non-Stick Cookware Set,1,5833.57,5,5833.57,178.59,997.54,6718.02,Debit Card,Delivered,Next Day,Mobile App,WELCOME10,West,4
19281301,820962,23-04-2024,Beauty & Personal Care,Moisturizer,1,772.23,6,772.23,162.63,130.66,1019.19,UPI,Delivered,Next Day,Website,,Central,2
19289311,850062,17-07-2024,Fashion,Casual Shirt,2,1699.61,1,3399.22,25.31,403.83,3794.37,Debit Card,Delivered,Standard,Website,FESTIVE15,East,7
19297604,754071,07-11-2025,Electronics,Wireless Earbuds,2,2334.5,8,4669,27.56,773.19,5096.23,Net Banking,Delivered,Standard,Mobile App,WELCOME10,West,7
19356482,885365,08-11-2025,Beauty & Personal Care,Hair Dryer,2,2978.45,18,5956.91,16.79,879.24,5780.7,UPI,Confirmed,Pickup Point,Mobile App,APPONLY10,Central,
19391744,966122,09-09-2025,Home & Kitchen,Water Bottle,1,929.41,6,929.41,36.85,157.26,1067.76,Wallet,Delivered,Standard,Website,FESTIVE15,South,5
19393437,228445,15-11-2025,Fashion,Cotton T-Shirt,2,899.21,0,1798.43,72.99,215.81,2087.23,UPI,Delivered,Standard,Website,,East,5
19421483,968559,29-06-2025,Home & Kitchen,Bedsheet Set,3,1879.15,15,5637.46,39.79,862.53,5694.16,Debit Card,Delivered,Standard,Website,FESTIVE15,North,5
19457588,754071,10-08-2024,Books,Business Strategy Book,1,800.69,6,800.69,12.82,37.63,803.1,Net Banking,Delivered,Standard,Mobile App,WELCOME10,North,5
19497468,572156,15-02-2024,Grocery,Green Tea,4,446.82,5,1787.28,225.06,84.9,2007.88,Debit Card,Delivered,Next Day,Mobile App,,West,2
19506194,192903,10-05-2025,Sports & Fitness,Fitness Resistance Bands,3,996.76,1,2990.27,129.94,532.87,3623.18,Debit Card,Delivered,Express,Website,,South,3
19507638,360097,31-05-2024,Sports & Fitness,Gym Bag,1,1865.77,11,1865.77,48.91,298.9,2008.35,Credit Card,Delivered,Standard,Mobile App,FREESHIP,West,6
19516980,836940,10-03-2024,Home & Kitchen,Storage Organizer,2,803.3,0,1606.6,24.46,289.19,1920.25,Debit Card,Delivered,Standard,Mobile App,APPONLY10,North,5
19520634,388158,09-11-2025,Fashion,Casual Shirt,4,1957.49,18,7829.94,33.41,770.47,7224.43,Debit Card,Delivered,Standard,Marketplace,FREESHIP,West,6
19524147,726894,26-02-2024,Fashion,Denim Jeans,1,2370.55,1,2370.55,58.47,281.62,2686.93,Debit Card,Shipped,Standard,Website,,North,
19585123,167829,01-10-2024,Home & Kitchen,Bedsheet Set,1,1832.85,23,1832.85,20.87,254.03,1686.19,Debit Card,Delivered,Standard,Website,,North,5
19674089,529767,23-12-2025,Beauty & Personal Care,Sunscreen SPF 50,1,871.69,21,871.69,88.26,123.96,900.86,UPI,Delivered,Express,Marketplace,APPONLY10,North,3
19726718,225334,14-08-2024,Home & Kitchen,Water Bottle,2,1037.33,20,2074.67,30.06,298.75,1988.55,Credit Card,Returned,Standard,Mobile App,FESTIVE15,South,
19727902,288257,22-07-2024,Fashion,Hoodie,2,2274.95,15,4549.89,22.53,464.09,4354.03,Cash on Delivery,Delivered,Standard,Website,,South,5
19736100,103683,12-09-2024,Electronics,Smartwatch,5,6718.68,10,33593.41,65.69,5442.13,35741.89,Credit Card,Delivered,Express,Website,FREESHIP,South,3
19766930,152077,10-12-2024,Grocery,Organic Rice 5kg,3,708.93,5,2126.8,174.74,101.02,2296.22,UPI,Delivered,Next Day,Mobile App,,North,2
19858120,203119,01-04-2024,Fashion,Running Shoes,1,4393.9,26,4393.9,0,390.18,3641.67,Debit Card,Processin,Standard,Website,,South,
19883152,990734,11-10-2024,Fashion,Backpack,1,2409.54,15,2409.54,152.74,245.77,2446.62,Net Banking,Delivered,Express,Mobile App,FESTIVE15,South,3
19905347,707921,09-12-2024,Home & Kitchen,Mixer Grinder,1,4403.33,17,4403.33,0.68,657.86,4313.3,Credit Card,Delivered,Standard,Website,,East,5
19916344,371899,18-04-2024,Home & Kitchen,Air Fryer,1,6493.29,15,6493.29,261.22,993.47,6773.99,Cash on Delivery,Delivered,Same Day,Website,LOYALTY5,Central,1
19953010,311051,26-10-2025,Books,Personal Finance Guide,2,737.36,17,1474.73,51.43,61.2,1336.66,Cash on Delivery,Delivered,Standard,Website,,Central,5
19962769,682946,17-03-2025,Fashion,Sunglasses,1,1292.91,12,1292.91,64.03,136.53,1338.32,UPI,Delivered,Standard,Mobile App,,East,5
19964216,517875,13-01-2025,Home & Kitchen,Mixer Grinder,2,4940.65,5,9881.29,72.57,1689.7,11149.5,Debit Card,Returned,Express,Mobile App,FESTIVE15,North,
19968559,754071,21-09-2024,Fashion,Backpack,3,2299.84,1,6899.52,126.54,819.66,7776.72,UPI,Cancelled,Same Day,Website,SAVE20,West,
19973460,870085,11-10-2025,Sports & Fitness,Gym Bag,2,1808.55,14,3617.1,31.11,559.93,3701.75,Credit Card,Delivered,Standard,Website,WELCOME10,East,5
19986071,457808,13-02-2024,Fashion,Running Shoes,1,4077.54,15,4077.54,0,415.91,3881.82,Credit Card,Delivered,Express,Website,,Central,3
19987627,327083,05-10-2024,Beauty & Personal Care,Shampoo,2,693.62,10,1387.24,84.45,224.73,1557.7,Credit Card,Shipped,Standard,Website,,South,
19992398,347406,28-04-2024,Fashion,Denim Jeans,2,2490.91,0,4981.81,48.59,597.82,5628.22,UPI,Confirmed,Standard,Website,,West,
20053582,936924,19-08-2025,Home & Kitchen,Table Lamp,1,1544.05,1,1544.05,96.63,275.15,1900.39,Net Banking,Returned,Express,Mobile App,,North,
20091874,216247,07-12-2024,Sports & Fitness,Fitness Resistance Bands,2,1041.52,3,2083.03,246.84,363.7,2631.08,Credit Card,Processin,Next Day,Website,FESTIVE15,East,
20104063,277727,05-10-2024,Grocery,Dry Fruits 500g,4,825.57,16,3302.28,135.67,138.7,3048.29,Credit Card,Shipped,Express,Website,LOYALTY5,South,
20110927,385897,20-10-2025,Beauty & Personal Care,Shampoo,1,717.22,5,717.22,86.43,122.64,890.43,Debit Card,Shipped,Standard,Website,,South,
20181206,450368,08-02-2025,Grocery,Snack Assortment,3,493.87,0,1481.62,84.82,74.08,1640.52,Credit Card,Returned,Standard,Mobile App,WELCOME10,West,
20218503,603694,22-12-2024,Books,Exam Preparation Book,2,1125.31,6,2250.62,318.92,105.78,2540.28,UPI,Delivered,Same Day,Website,LOYALTY5,West,1
20230356,646569,06-06-2025,Electronics,Noise Cancelling Headphones,2,9209.16,10,18418.32,0,2983.77,19560.26,Credit Card,Delivered,Standard,Website,WELCOME10,South,5
20260148,663897,15-01-2024,Books,Data Analytics Handbook,2,911.57,20,1823.13,137.37,72.92,1668.79,Credit Card,Delivered,Express,Website,,North,3
20268056,178252,09-12-2025,Grocery,Green Tea,5,437.52,25,2187.62,152.71,82.04,1875.47,Cash on Delivery,Delivered,Next Day,Mobile App,LOYALTY5,West,2
20297644,798962,11-02-2024,Beauty & Personal Care,Sunscreen SPF 50,1,1020.89,16,1020.89,59.99,154.36,1071.9,Credit Card,Processin,Standard,Website,,South,
20302705,192903,09-10-2025,Electronics,1080p Webcam,1,4208.88,16,4208.88,49.81,636.38,4221.65,UPI,Delivered,Standard,Mobile App,,North,5
20314688,685812,31-10-2025,Home & Kitchen,Air Fryer,1,6813.36,30,6813.36,87.4,858.48,5715.23,UPI,Delivered,Express,Website,WELCOME10,West,3
20316037,663897,04-07-2024,Sports & Fitness,Sports Shoes,1,3423.04,0,3423.04,0,616.15,4039.19,UPI,Delivered,Standard,Mobile App,SAVE20,South,5
20317861,419667,13-11-2024,Fashion,Casual Shirt,1,1695.15,11,1695.15,62.14,181.04,1751.86,UPI,Delivered,Standard,Website,APPONLY10,South,5
20320605,121516,03-02-2025,Books,Cookbook,1,751.76,6,751.76,118.86,35.33,860.84,UPI,Delivered,Express,Mobile App,,Central,3
20364037,529767,27-05-2024,Electronics,USB-C Hub,2,2267.61,16,4535.22,96.1,685.72,4591.4,Cash on Delivery,Shipped,Express,Mobile App,,Central,
20400345,446115,02-08-2025,Fashion,Backpack,3,2253.79,0,6761.36,0,811.36,7572.72,Credit Card,Returned,Pickup Point,Website,APPONLY10,East,
20412355,462699,06-04-2024,Books,Business Strategy Book,2,693.21,5,1386.42,74.8,65.86,1457.76,Credit Card,Delivered,Standard,Mobile App,SAVE20,West,5
20486125,760624,10-11-2025,Fashion,Women’s Kurta,2,1677.4,13,3354.8,53.18,350.24,3322.1,Cash on Delivery,Delivered,Standard,Website,,South,5
20486677,151852,25-10-2024,Electronics,Wireless Earbuds,3,2510.67,15,7532,33.46,1152.4,7588.06,Cash on Delivery,Delivered,Express,Mobile App,FESTIVE15,South,3
20496308,469315,08-07-2024,Sports & Fitness,Yoga Mat,1,1234.54,16,1234.54,81.71,186.66,1305.38,Credit Card,Delivered,Standard,Mobile App,,East,6
20520217,934458,04-05-2025,Beauty & Personal Care,Hair Dryer,2,2973.16,21,5946.31,33.56,845.56,5576.7,UPI,Delivered,Standard,Website,FESTIVE15,South,5
20520530,386106,24-06-2025,Home & Kitchen,Non-Stick Cookware Set,2,6315.36,20,12630.73,11.8,1818.82,11935.2,Net Banking,Delivered,Standard,Website,,East,5
20531785,453000,31-01-2024,Sports & Fitness,Gym Bag,2,1718.1,1,3436.19,54.95,612.33,4069.11,UPI,Delivered,Standard,Mobile App,,Central,5
20542225,327245,14-06-2025,Fashion,Sunglasses,3,1233.69,11,3701.07,29.99,395.27,3719.21,Wallet,Delivered,Standard,Mobile App,,North,5
20567182,648746,19-08-2025,Fashion,Casual Shirt,2,1849.25,7,3698.5,52.82,412.75,3905.17,Debit Card,Delivered,Express,Mobile App,,East,3
20583519,145887,03-09-2024,Books,Exam Preparation Book,4,983.49,11,3933.97,48.57,175.06,3724.86,Credit Card,Delivered,Express,Mobile App,FESTIVE15,East,3
20589558,457808,08-03-2025,Fashion,Casual Shirt,4,1789.97,25,7159.87,11.31,644.39,6025.6,Debit Card,Delivered,Standard,Website,,West,5
20589585,979363,14-02-2025,Beauty & Personal Care,Perfume,4,2630.13,6,10520.52,45.85,1780.07,11715.21,UPI,Delivered,Express,Marketplace,FESTIVE15,Central,3
20621649,393562,18-04-2024,Grocery,Snack Assortment,3,512.21,0,1536.63,58.16,76.83,1671.62,UPI,Delivered,Standard,Marketplace,SAVE20,Central,5
20644811,426578,21-07-2024,Fashion,Denim Jeans,3,2420.11,5,7260.33,24.99,827.68,7749.98,UPI,Shipped,Standard,Marketplace,,North,
20726452,218555,30-06-2024,Grocery,Green Tea,3,444.71,21,1334.13,41.85,52.7,1148.51,Cash on Delivery,Delivered,Standard,Website,SAVE20,West,5
20746896,500347,25-11-2024,Fashion,Casual Shirt,1,1844.44,20,1844.44,81.31,177.07,1733.93,Credit Card,Delivered,Standard,Mobile App,FREESHIP,South,5
20757676,924729,25-11-2025,Home & Kitchen,Table Lamp,3,1472.79,0,4418.38,23.19,795.31,5236.88,Credit Card,Delivered,Express,Marketplace,LOYALTY5,South,5
20770127,297445,20-04-2025,Fashion,Cotton T-Shirt,2,862.43,1,1724.86,155.77,204.91,2068.29,Credit Card,Delivered,Express,Website,FESTIVE15,Central,3
20775944,753025,25-03-2025,Fashion,Denim Jeans,3,2560.92,16,7682.75,13.94,774.42,7241.87,UPI,Delivered,Standard,Website,,South,5
20818984,796906,08-11-2024,Books,Data Analytics Handbook,2,895.85,21,1791.69,61.63,70.77,1547.84,UPI,Delivered,Standard,Mobile App,,West,5
20835464,218555,28-01-2025,Grocery,Protein Cereal,4,598.16,6,2392.63,67.91,112.45,2429.43,Debit Card,Shipped,Express,Marketplace,,North,
20845987,456102,12-05-2024,Home & Kitchen,Table Lamp,1,1460.65,1,1460.65,50.5,260.29,1756.83,Debit Card,Delivered,Standard,Website,LOYALTY5,Central,5
20852547,315098,22-10-2024,Beauty & Personal Care,Hair Dryer,2,2686.7,7,5373.39,10.16,899.5,5906.91,Cash on Delivery,Delivered,Standard,Marketplace,,East,5
20909757,517340,05-11-2024,Electronics,Power Bank,3,1482.63,10,4447.9,16.84,720.56,4740.51,UPI,Shipped,Standard,Marketplace,,West,
20927467,511222,07-10-2024,Electronics,Smartwatch,2,6168.92,11,12337.84,61.62,1976.52,13018.82,UPI,Delivered,Express,Mobile App,,West,3
20960611,295820,31-10-2024,Books,Personal Finance Guide,1,741.06,22,741.06,84.15,28.9,691.08,Credit Card,Delivered,Express,Mobile App,,North,3
20967535,569778,31-03-2024,Fashion,Denim Jeans,2,2521.79,1,5043.57,25.29,599.18,5617.6,UPI,Delivered,Standard,Website,SAVE20,South,5
20976761,751689,22-10-2025,Books,Business Strategy Book,3,735.46,11,2206.38,49.91,98.18,2111.77,UPI,Delivered,Standard,Mobile App,,North,5
20983358,405521,03-12-2024,Fashion,Cotton T-Shirt,2,933.29,18,1866.58,96.41,183.67,1810.68,Net Banking,Delivered,Standard,Website,,East,5
20984559,325460,27-09-2025,Home & Kitchen,Bedsheet Set,2,2035.04,1,4070.08,0,725.29,4754.67,Debit Card,Delivered,Pickup Point,Mobile App,FREESHIP,West,6
20992419,108961,12-02-2024,Grocery,Dry Fruits 500g,4,824.86,10,3299.43,77.28,148.47,3195.24,Credit Card,Delivered,Standard,Marketplace,,North,5
21034714,593494,19-06-2024,Grocery,Olive Oil 1L,4,967.24,5,3868.97,51.76,183.78,3911.06,UPI,Confirmed,Standard,Mobile App,SAVE20,Central,
21055487,694959,27-11-2025,Grocery,Premium Coffee,1,646.32,16,646.32,132.83,27.15,702.89,Credit Card,Delivered,Express,Marketplace,WELCOME10,West,3
21091156,554476,26-10-2024,Sports & Fitness,Sports Shoes,2,3134.55,16,6269.09,4.44,947.89,6218.37,Cash on Delivery,Delivered,Standard,Marketplace,,East,5
21138582,181485,04-01-2024,Electronics,Power Bank,2,1730.55,5,3461.09,0,591.85,3879.89,UPI,Delivered,Standard,Website,,West,5
21195954,315327,04-10-2025,Electronics,1080p Webcam,2,3642.64,2,7285.27,20.85,1285.12,8445.53,Credit Card,Delivered,Standard,Website,,West,5
21206151,623496,24-07-2024,Grocery,Olive Oil 1L,8,973.04,10,7784.36,0,350.3,7356.22,Credit Card,Delivered,Standard,Mobile App,,South,5
21237708,811520,12-11-2025,Grocery,Dry Fruits 500g,2,806.58,13,1613.17,256.14,70.17,1729.77,Debit Card,Delivered,Same Day,Mobile App,SAVE20,West,1
21252755,706997,07-03-2024,Beauty & Personal Care,Lipstick,5,792.94,11,3964.7,27.46,635.14,4191.18,Debit Card,Delivered,Standard,Marketplace,WELCOME10,South,5
21277005,744824,26-12-2025,Sports & Fitness,Cricket Bat,2,4529.14,17,9058.28,255.73,1353.31,9127.41,UPI,Cancelled,Same Day,Mobile App,,South,
21277989,729643,13-11-2025,Books,Personal Finance Guide,2,677.15,17,1354.29,78.1,56.2,1258.36,Net Banking,Delivered,Standard,Mobile App,SAVE20,South,5
21285332,453000,07-11-2025,Fashion,Sunglasses,2,1267.54,6,2535.08,55.92,285.96,2724.86,UPI,Delivered,Standard,Website,,Central,5
21294576,453000,07-05-2024,Beauty & Personal Care,Perfume,2,2644.35,6,5288.71,0,894.85,5866.24,Credit Card,Delivered,Standard,Mobile App,SAVE20,North,5
21336645,949856,13-11-2025,Electronics,Power Bank,3,1699.45,26,5098.36,64.88,679.1,4516.77,Wallet,Delivered,Express,Mobile App,LOYALTY5,South,4
21373026,424902,09-04-2024,Home & Kitchen,Water Bottle,2,1051.61,1,2103.22,81.77,374.79,2538.75,UPI,Delivered,Standard,Website,LOYALTY5,South,5
21386665,726733,22-11-2024,Fashion,Casual Shirt,1,1753.92,10,1753.92,130.87,189.42,1898.82,UPI,Cancelled,Next Day,Website,,East,
21393052,160754,29-12-2025,Books,Personal Finance Guide,3,737.72,22,2213.17,105.6,86.31,1918.18,Net Banking,Delivered,Standard,Website,,West,5
21414253,985217,02-06-2025,Home & Kitchen,Bedsheet Set,2,1893.37,15,3786.73,20.32,579.37,3818.41,Debit Card,Delivered,Standard,Mobile App,,West,5
21425348,532465,17-01-2024,Grocery,Green Tea,3,457.14,0,1371.42,170.8,68.57,1610.79,Credit Card,Delivered,Next Day,Website,,South,2
21429935,879723,20-05-2024,Home & Kitchen,Table Lamp,1,1629.45,0,1629.45,68.61,293.3,1991.36,Credit Card,Delivered,Standard,Mobile App,APPONLY10,Central,5
21473424,945783,13-01-2024,Sports & Fitness,Fitness Resistance Bands,1,996.93,10,996.93,131.18,161.5,1189.92,Debit Card,Delivered,Express,Mobile App,,South,3
21495411,950849,12-02-2025,Fashion,Denim Jeans,5,2771.44,6,13857.2,65.89,1563.09,14654.75,Debit Card,Delivered,Express,Mobile App,,South,4
21525213,629794,26-01-2025,Sports & Fitness,Cricket Bat,2,4465.44,5,8930.88,0,1527.18,10011.52,Credit Card,Shipped,Standard,Mobile App,WELCOME10,South,
21571832,687769,16-04-2025,Grocery,Snack Assortment,6,517.75,0,3106.52,0,155.33,3261.85,Credit Card,Delivered,Standard,Website,SAVE20,North,6
21609494,726894,16-03-2024,Electronics,Mechanical Keyboard,1,4159.23,1,4159.23,0,741.18,4858.82,UPI,Delivered,Pickup Point,Marketplace,,Central,5
21623889,324969,17-11-2025,Electronics,Power Bank,2,1694.69,13,3389.38,78.06,530.78,3557.6,UPI,Returned,Standard,Mobile App,,South,
21643323,119671,16-12-2025,Beauty & Personal Care,Hair Dryer,3,2846.07,11,8538.21,24.53,1367.82,8991.36,Credit Card,Delivered,Standard,Website,APPONLY10,East,7
21643842,295820,08-12-2024,Fashion,Cotton T-Shirt,2,936.9,17,1873.8,57.76,186.63,1799.64,Wallet,Delivered,Standard,Mobile App,,Central,5
21656920,621502,22-10-2024,Electronics,USB-C Hub,2,2038.87,13,4077.74,14.94,638.57,4201.14,Credit Card,Delivered,Standard,Website,,South,5
21723576,735875,06-01-2024,Electronics,USB-C Hub,2,2293.4,0,4586.81,78.73,825.63,5491.17,UPI,Delivered,Express,Website,WELCOME10,South,3
21726782,303829,06-11-2025,Beauty & Personal Care,Lipstick,2,784.48,3,1568.97,82.18,273.94,1878.02,Cash on Delivery,Delivered,Standard,Website,,West,5
21784526,946244,03-05-2025,Beauty & Personal Care,Perfume,4,2844.95,20,11379.78,44.36,1638.69,10786.87,Debit Card,Delivered,Standard,Website,FESTIVE15,Central,5
21852185,402445,17-12-2024,Home & Kitchen,Electric Kettle,2,2116.88,3,4233.77,9.75,739.22,4855.73,Debit Card,Delivered,Standard,Marketplace,,North,5
21859289,820962,10-11-2024,Books,Personal Finance Guide,3,809,16,2427,81.61,101.93,2222.22,Net Banking,Processin,Standard,Mobile App,,West,
21907305,497429,19-11-2024,Grocery,Olive Oil 1L,3,932.52,12,2797.56,81.29,123.09,2666.23,UPI,Delivered,Standard,Mobile App,APPONLY10,West,5
21929700,747416,30-07-2025,Electronics,Power Bank,2,1462.08,5,2924.16,51.45,500.03,3329.43,UPI,Delivered,Standard,Marketplace,FREESHIP,East,5
21932258,306269,16-11-2024,Grocery,Green Tea,4,445.06,5,1780.25,37.25,84.56,1813.05,Credit Card,Delivered,Standard,Marketplace,,North,5
21938487,810253,25-07-2025,Electronics,Bluetooth Speaker,2,3275.37,0,6550.74,118.12,1179.13,7847.99,Cash on Delivery,Delivered,Express,Marketplace,,North,3
21973061,192903,02-03-2024,Sports & Fitness,Dumbbell Set,3,3553.74,11,10661.21,0,1707.93,11196.41,Cash on Delivery,Delivered,Pickup Point,Website,WELCOME10,West,5
21977925,192903,26-06-2025,Beauty & Personal Care,Hair Dryer,2,2893.86,6,5787.72,11.57,979.28,6431.31,Debit Card,Confirmed,Standard,Website,,North,
22039699,133161,28-10-2024,Fashion,Women’s Kurta,2,1783.51,10,3567.01,0,385.24,3595.55,Credit Card,Cancelled,Standard,Website,,West,
22047072,456102,27-08-2024,Home & Kitchen,Air Fryer,3,6995.9,11,20987.7,0,3362.23,22041.28,Cash on Delivery,Delivered,Standard,Mobile App,FESTIVE15,South,6
22064517,646569,26-12-2025,Electronics,Bluetooth Speaker,2,3193.94,15,6387.89,0,977.35,6407.06,Credit Card,Delivered,Pickup Point,Mobile App,,West,5
22088458,339186,26-08-2025,Grocery,Organic Rice 5kg,4,691.41,11,2765.66,71.51,123.07,2656.02,UPI,Confirmed,Standard,Mobile App,WELCOME10,South,
22122047,717362,03-11-2025,Home & Kitchen,Air Fryer,1,6167.07,12,6167.07,12.81,976.86,6416.69,Credit Card,Delivered,Standard,Mobile App,,West,5
22162859,754071,23-10-2024,Grocery,Organic Rice 5kg,4,643.4,8,2573.6,48.78,118.39,2534.88,UPI,Delivered,Standard,Mobile App,APPONLY10,South,5
22172784,349281,28-03-2024,Home & Kitchen,Storage Organizer,2,909.02,25,1818.04,69.29,245.44,1678.26,Credit Card,Delivered,Standard,Mobile App,APPONLY10,North,7
22173334,145887,06-04-2024,Fashion,Running Shoes,1,3808.67,21,3808.67,0,361.06,3369.91,Credit Card,Shipped,Standard,Mobile App,,East,
22183188,979363,29-08-2025,Fashion,Hoodie,4,2177.15,6,8708.6,31.84,982.33,9200.25,Net Banking,Delivered,Standard,Mobile App,,South,5
22194617,866302,01-11-2025,Sports & Fitness,Yoga Mat,1,1317.9,20,1317.9,26.24,189.78,1270.34,Credit Card,Processin,Pickup Point,Website,,South,
22198473,123983,16-08-2024,Grocery,Olive Oil 1L,1,934.28,11,934.28,128.95,41.58,1002.04,Wallet,Delivered,Express,Website,WELCOME10,South,3
22262936,388095,29-06-2025,Beauty & Personal Care,Shampoo,1,659.62,1,659.62,111.49,117.54,882.05,Credit Card,Delivered,Express,Website,,South,3
22266189,382444,15-09-2024,Beauty & Personal Care,Face Serum,1,1198.62,6,1198.62,67.38,202.81,1396.89,Cash on Delivery,Delivered,Standard,Website,,West,5
22337238,930111,16-01-2024,Home & Kitchen,Storage Organizer,3,830.49,15,2491.46,57.91,381.19,2556.84,Debit Card,Delivered,Standard,Website,LOYALTY5,West,5
22339493,491942,06-12-2024,Electronics,Bluetooth Speaker,6,3444.13,13,20664.81,37.55,3236.11,21252.04,Cash on Delivery,Delivered,Standard,Website,,South,5
22342208,453000,13-05-2024,Home & Kitchen,Storage Organizer,1,878.08,16,878.08,34.78,132.77,905.14,UPI,Cancelled,Pickup Point,Marketplace,,North,
22356063,901714,12-10-2024,Grocery,Green Tea,3,463.97,8,1391.9,62.32,64.03,1406.9,Debit Card,Delivered,Standard,Marketplace,,South,5
22365862,732254,13-12-2024,Fashion,Casual Shirt,7,1699.92,15,11899.47,36.83,1213.75,11365.13,Debit Card,Delivered,Express,Website,,North,3
22376265,731831,12-04-2025,Electronics,Bluetooth Speaker,1,3443,10,3443,36.52,557.77,3692.99,UPI,Returned,Standard,Website,,South,
22396727,510338,01-05-2025,Fashion,Denim Jeans,2,2550.44,0,5100.87,8.46,612.1,5721.43,Net Banking,Shipped,Express,Mobile App,SAVE20,Central,
22409585,477682,01-04-2024,Fashion,Backpack,4,2207.7,16,8830.78,9.57,890.14,8317.57,Debit Card,Delivered,Standard,Website,,South,5
22471801,352296,11-11-2024,Fashion,Hoodie,2,2216.02,5,4432.03,0,505.25,4715.68,Net Banking,Delivered,Standard,Marketplace,APPONLY10,Central,5
22482289,497429,15-11-2024,Grocery,Olive Oil 1L,3,962.85,17,2888.54,42.52,119.87,2559.88,UPI,Delivered,Pickup Point,Mobile App,,Central,5
22503652,601832,19-09-2024,Fashion,Running Shoes,2,3552.01,11,7104.02,35.15,758.71,7116.44,UPI,Shipped,Express,Mobile App,,East,
22509787,453000,16-09-2024,Electronics,Wireless Earbuds,1,2468.61,21,2468.61,25.8,351.04,2327.04,Credit Card,Delivered,Standard,Mobile App,FESTIVE15,South,5
22521524,979363,24-06-2025,Grocery,Green Tea,3,471.01,16,1413.02,233.74,59.35,1480.03,Credit Card,Delivered,Next Day,Mobile App,,West,2
22529028,981217,24-03-2025,Grocery,Olive Oil 1L,2,849.4,1,1698.8,297.72,84.09,2063.62,Debit Card,Delivered,Same Day,Mobile App,,West,1
22572934,236767,27-10-2025,Books,Data Analytics Handbook,4,902.73,12,3610.92,0,158.88,3336.49,Credit Card,Shipped,Pickup Point,Website,,North,
22581936,966121,21-10-2024,Fashion,Casual Shirt,2,1885.89,2,3771.78,7.58,443.56,4147.48,Debit Card,Delivered,Standard,Marketplace,LOYALTY5,Central,5
22596872,857238,16-07-2025,Fashion,Casual Shirt,2,1659.3,16,3318.59,102.14,334.51,3224.27,Cash on Delivery,Shipped,Express,Website,,West,
22615526,586782,02-09-2025,Grocery,Snack Assortment,7,476.81,10,3337.65,7.39,150.19,3161.47,UPI,Delivered,Standard,Website,,West,5
22643662,377152,19-09-2025,Beauty & Personal Care,Shampoo,3,646.48,15,1939.45,148.84,296.74,2094.11,Net Banking,Delivered,Express,Website,,West,3
22652526,644492,18-09-2025,Fashion,Backpack,2,2468.23,11,4936.45,77.33,527.21,4997.98,UPI,Delivered,Express,Mobile App,SAVE20,West,3
22653869,333453,06-12-2025,Home & Kitchen,Air Fryer,2,7625.4,27,15250.8,34.47,2003.95,13171.5,UPI,Delivered,Standard,Marketplace,,Central,5
22658252,982086,31-07-2024,Grocery,Organic Rice 5kg,2,742.13,11,1484.26,100.17,66.05,1487.21,UPI,Delivered,Standard,Marketplace,,West,5
22660142,891579,18-05-2025,Electronics,USB-C Hub,2,2084.04,0,4168.08,49.64,750.25,4967.97,UPI,Returned,Standard,Mobile App,FESTIVE15,North,
22662412,950712,02-12-2024,Home & Kitchen,Electric Kettle,2,2067.69,16,4135.38,190.37,625.27,4289.36,Credit Card,Delivered,Same Day,Mobile App,WELCOME10,West,1
22750824,934700,09-12-2024,Books,Exam Preparation Book,3,947.54,3,2842.62,76.32,137.87,2971.53,UPI,Shipped,Standard,Website,APPONLY10,West,
22753820,365654,04-10-2025,Sports & Fitness,Dumbbell Set,1,3574.2,13,3574.2,28.8,559.72,3698.07,UPI,Delivered,Standard,Mobile App,,West,5
22754900,534830,05-07-2024,Fashion,Sunglasses,2,1340.3,1,2680.59,74.87,318.45,3047.1,UPI,Delivered,Express,Website,,West,4
22759611,350080,23-02-2025,Sports & Fitness,Yoga Mat,4,1313.58,6,5254.31,73.33,889.03,5901.41,Credit Card,Delivered,Express,Mobile App,,West,3
22769581,545331,06-03-2025,Grocery,Olive Oil 1L,4,993.21,16,3972.83,68.59,166.86,3572.63,Debit Card,Delivered,Express,Website,FESTIVE15,South,3
22770002,981552,18-12-2025,Fashion,Women’s Kurta,2,1527.7,1,3055.39,36.39,362.98,3424.21,UPI,Delivered,Standard,Website,,North,5
22779271,754071,20-01-2025,Beauty & Personal Care,Sunscreen SPF 50,3,927.28,16,2781.83,63.01,420.61,2820.36,Credit Card,Delivered,Standard,Website,APPONLY10,Central,5
22792640,646569,08-08-2025,Sports & Fitness,Cricket Bat,2,4388.05,10,8776.09,0,1421.73,9320.21,Debit Card,Shipped,Standard,Mobile App,,West,
22806250,450368,26-09-2024,Grocery,Premium Coffee,5,565.17,0,2825.83,36.6,141.29,3003.72,Cash on Delivery,Delivered,Standard,Mobile App,FESTIVE15,North,5
22823141,125726,08-02-2025,Fashion,Denim Jeans,2,2707.99,0,5415.98,39.4,649.92,6105.3,UPI,Delivered,Standard,Website,,South,5
22825917,477682,28-06-2024,Home & Kitchen,Water Bottle,4,988.73,1,3954.93,0,704.77,4620.15,Debit Card,Shipped,Pickup Point,Marketplace,FESTIVE15,North,
22859936,979363,14-03-2024,Electronics,Bluetooth Speaker,1,3355.25,21,3355.25,45.49,477.12,3173.26,Net Banking,Delivered,Standard,Mobile App,,Central,5
22887647,694949,06-07-2024,Grocery,Premium Coffee,3,654.03,16,1962.08,77.13,82.41,1807.69,UPI,Delivered,Standard,Website,WELCOME10,West,5
22891971,210014,29-07-2025,Fashion,Sunglasses,1,1180.41,20,1180.41,109.82,113.32,1167.47,UPI,Delivered,Standard,Mobile App,,North,5
22944936,999413,29-04-2024,Home & Kitchen,Table Lamp,1,1631.29,6,1631.29,196.61,276.01,2006.03,Cash on Delivery,Shipped,Express,Mobile App,FREESHIP,North,
23006840,701235,04-10-2025,Grocery,Organic Rice 5kg,3,722.59,15,2167.78,70.24,92.13,2004.98,UPI,Delivered,Standard,Website,,West,5
23019708,243325,01-03-2024,Electronics,Mechanical Keyboard,2,4129.5,1,8258.99,51.5,1471.75,9699.65,Credit Card,Shipped,Express,Mobile App,,South,
23026051,764466,06-01-2024,Sports & Fitness,Yoga Mat,1,1381.08,15,1381.08,131.11,211.31,1516.34,Wallet,Delivered,Express,Mobile App,LOYALTY5,East,3
23026485,870085,07-08-2025,Home & Kitchen,Table Lamp,4,1442.59,2,5770.34,0,1017.89,6672.82,UPI,Returned,Pickup Point,Marketplace,,West,
23047628,497188,04-03-2024,Home & Kitchen,Non-Stick Cookware Set,3,5340.46,10,16021.39,1.34,2595.46,17016.05,Cash on Delivery,Delivered,Standard,Website,SAVE20,West,5
23073615,262903,05-03-2024,Beauty & Personal Care,Moisturizer,5,822.34,17,4111.72,17.88,614.29,4044.9,Net Banking,Delivered,Standard,Website,,South,5
23092973,690505,18-11-2025,Home & Kitchen,Mixer Grinder,2,4463.49,11,8926.99,0,1430.1,9375.12,Wallet,Delivered,Pickup Point,Mobile App,APPONLY10,Central,5
23140101,469900,15-10-2024,Sports & Fitness,Yoga Mat,3,1238.1,1,3714.3,79.16,661.89,4418.21,UPI,Delivered,Express,Website,WELCOME10,West,3
23160045,882469,09-04-2025,Grocery,Protein Cereal,1,568.25,11,568.25,152.68,25.29,683.71,Cash on Delivery,Delivered,Express,Website,,West,3
23169870,731831,16-01-2025,Fashion,Sunglasses,2,1359.97,15,2719.94,61.83,277.43,2651.21,Credit Card,Delivered,Standard,Website,APPONLY10,North,5
23172585,506330,18-08-2025,Sports & Fitness,Sports Shoes,2,3156.08,16,6312.15,5.5,954.4,6262.11,Debit Card,Delivered,Standard,Mobile App,,South,5
23188600,106711,16-12-2024,Fashion,Casual Shirt,2,1852.09,15,3704.17,48.49,377.82,3574.85,Credit Card,Shipped,Standard,Website,FREESHIP,North,
23235223,800982,26-09-2024,Beauty & Personal Care,Shampoo,1,672,10,672,87.01,108.86,800.67,Cash on Delivery,Delivered,Standard,Mobile App,,South,5
23259455,972762,16-11-2024,Books,Fiction Bestseller,1,597.87,5,597.87,39.65,28.4,636.03,Credit Card,Delivered,Pickup Point,Website,FREESHIP,South,5
23342596,548049,27-07-2025,Fashion,Cotton T-Shirt,4,944.98,5,3779.91,41.84,430.91,4063.66,Credit Card,Delivered,Standard,Mobile App,,South,5
23356952,517875,16-08-2024,Beauty & Personal Care,Moisturizer,3,710.28,10,2130.85,148.4,345.2,2411.37,UPI,Delivered,Express,Website,SAVE20,West,3
23411113,225334,30-06-2024,Home & Kitchen,Non-Stick Cookware Set,2,5899.98,10,11799.97,0,1911.59,12531.56,UPI,Delivered,Standard,Website,LOYALTY5,West,5
23421492,225334,17-09-2025,Fashion,Running Shoes,2,3800.78,10,7601.56,0,820.97,7662.37,Net Banking,Delivered,Standard,Website,WELCOME10,East,7
23425376,601222,01-03-2025,Beauty & Personal Care,Lipstick,3,914.41,15,2743.24,193.61,419.72,2945.08,Credit Card,Delivered,Next Day,Website,,South,2
23430096,280076,25-05-2024,Beauty & Personal Care,Sunscreen SPF 50,1,886.97,11,886.97,39.02,142.09,970.51,Net Banking,Delivered,Pickup Point,Mobile App,,West,5
23430631,121516,28-02-2024,Home & Kitchen,Mixer Grinder,2,5124.09,1,10248.19,4.11,1826.23,11976.05,Wallet,Delivered,Standard,Mobile App,,North,5
23435386,192903,23-12-2024,Beauty & Personal Care,Hair Dryer,3,2607.43,28,7822.3,83.41,1013.77,6729.24,Debit Card,Delivered,Express,Mobile App,,West,3
23449867,982501,31-07-2025,Beauty & Personal Care,Hair Dryer,2,2658.52,15,5317.05,0,813.51,5333,UPI,Delivered,Standard,Website,,North,5
23482054,985217,05-11-2025,Beauty & Personal Care,Hair Dryer,2,3100.53,17,6201.06,0,926.44,6073.32,UPI,Delivered,Pickup Point,Website,,West,6
23500039,121516,19-03-2025,Fashion,Running Shoes,2,4050.8,1,8101.59,13,962.47,8996.04,Credit Card,Delivered,Standard,Mobile App,,South,6
23510154,590308,18-04-2024,Sports & Fitness,Fitness Resistance Bands,1,1134.43,0,1134.43,112.33,204.2,1450.96,UPI,Returned,Express,Marketplace,,South,
23512573,426578,04-11-2024,Electronics,Power Bank,2,1711.74,12,3423.47,0,542.28,3554.93,Credit Card,Delivered,Standard,Website,,West,5
23542406,832532,17-08-2024,Grocery,Snack Assortment,3,488.94,6,1466.81,27.77,68.94,1475.51,UPI,Delivered,Pickup Point,Website,FESTIVE15,South,5
23596755,152077,16-08-2024,Sports & Fitness,Gym Bag,1,1824.48,15,1824.48,113.28,279.15,1943.24,Cash on Delivery,Cancelled,Express,Mobile App,LOYALTY5,East,
23603105,663897,24-12-2024,Fashion,Backpack,1,2502.22,0,2502.22,80.28,300.27,2882.77,UPI,Delivered,Standard,Website,,Central,5
23624287,610306,17-02-2024,Electronics,1080p Webcam,1,3851.44,11,3851.44,73.55,617,4118.33,Credit Card,Delivered,Express,Website,,South,3
23625596,311051,14-03-2024,Electronics,Power Bank,1,1580.27,27,1580.27,133.97,207.65,1495.22,Cash on Delivery,Cancelled,Express,Marketplace,FESTIVE15,West,
23666262,870085,02-04-2025,Home & Kitchen,Air Fryer,3,6821.76,12,20465.28,36.76,3241.7,21287.91,Credit Card,Delivered,Standard,Mobile App,,Central,5
23666547,682522,25-11-2025,Fashion,Sunglasses,3,1332.05,12,3996.16,0,421.99,3938.61,Cash on Delivery,Delivered,Pickup Point,Website,APPONLY10,South,5
23729223,267818,03-07-2024,Grocery,Protein Cereal,4,547.89,25,2191.57,53.62,82.18,1779.48,Debit Card,Delivered,Standard,Marketplace,SAVE20,Central,5
23730199,897009,23-03-2024,Grocery,Dry Fruits 500g,4,788.44,6,3153.76,81.07,148.23,3193.83,Net Banking,Delivered,Standard,Marketplace,FESTIVE15,North,5
23733648,870085,27-11-2025,Fashion,Backpack,1,2429.07,22,2429.07,56.93,227.36,2178.96,UPI,Delivered,Standard,Website,FREESHIP,North,5
23780083,315098,01-09-2025,Home & Kitchen,Water Bottle,2,1169.81,10,2339.62,65.89,379.02,2550.57,UPI,Shipped,Standard,Website,,East,
23780439,985217,18-10-2025,Sports & Fitness,Fitness Resistance Bands,2,1010.7,2,2021.4,116.1,356.57,2453.64,Debit Card,Delivered,Standard,Mobile App,,West,5
23789057,511294,06-08-2024,Home & Kitchen,Bedsheet Set,2,1905.88,5,3811.77,23.07,651.81,4296.06,Debit Card,Cancelled,Standard,Mobile App,,East,
23834976,981217,31-07-2025,Fashion,Hoodie,1,2205.12,6,2205.12,42.23,248.74,2363.78,Credit Card,Delivered,Pickup Point,Mobile App,LOYALTY5,West,5
23842118,930111,10-07-2024,Fashion,Backpack,3,2289.08,0,6867.23,16.06,824.07,7707.36,Net Banking,Delivered,Standard,Mobile App,,West,5
23846364,148035,17-07-2024,Sports & Fitness,Gym Bag,2,1808.33,5,3616.65,60.88,618.45,4115.15,Debit Card,Delivered,Express,Mobile App,WELCOME10,East,3
23850386,986247,26-05-2024,Fashion,Casual Shirt,4,1816.49,11,7265.95,27.84,776,7270.54,Credit Card,Delivered,Standard,Website,SAVE20,West,5
23881579,268660,03-12-2025,Fashion,Hoodie,2,2196.97,20,4393.94,210.28,421.82,4147.25,UPI,Delivered,Next Day,Marketplace,FREESHIP,East,2
23924337,148035,25-12-2024,Home & Kitchen,Non-Stick Cookware Set,1,5505.6,12,5505.6,210.74,872.09,5927.76,Credit Card,Delivered,Same Day,Mobile App,APPONLY10,South,1
23934666,982086,26-08-2024,Home & Kitchen,Air Fryer,1,7048.89,1,7048.89,8.34,1256.11,8242.85,UPI,Delivered,Standard,Website,,North,5
23966117,778728,09-06-2024,Beauty & Personal Care,Sunscreen SPF 50,4,892.73,10,3570.91,0,578.49,3792.31,UPI,Delivered,Standard,Mobile App,APPONLY10,South,5
24023305,306269,29-04-2024,Home & Kitchen,Electric Kettle,2,2021.98,10,4043.96,65.5,655.12,4360.18,Net Banking,Delivered,Express,Website,,South,3
24046578,267818,05-08-2024,Fashion,Running Shoes,2,4303.51,10,8607.02,0,929.56,8675.88,Credit Card,Returned,Pickup Point,Mobile App,,South,
24058347,620673,21-09-2024,Books,Exam Preparation Book,2,1019.51,10,2039.02,94.31,91.76,2021.19,Cash on Delivery,Cancelled,Express,Website,,East,
24078758,937798,06-10-2024,Fashion,Running Shoes,2,4337.53,8,8675.05,1.86,957.73,8940.64,UPI,Delivered,Standard,Website,,South,5
24081522,545331,15-12-2024,Electronics,Bluetooth Speaker,1,3468.61,11,3468.61,0,555.67,3642.73,Net Banking,Delivered,Pickup Point,Website,,North,5
24084519,196350,17-11-2024,Books,Exam Preparation Book,3,968.27,29,2904.8,47.26,103.12,2212.79,Credit Card,Delivered,Standard,Website,SAVE20,North,5
24090370,239457,23-11-2025,Sports & Fitness,Yoga Mat,2,1368.47,27,2736.95,127.92,359.63,2485.52,Cash on Delivery,Delivered,Express,Website,WELCOME10,South,3
24130261,248381,31-05-2025,Home & Kitchen,Air Fryer,2,6838.04,11,13676.08,0,2190.91,14362.62,UPI,Delivered,Standard,Mobile App,,West,5
24142551,192285,18-07-2025,Books,Cookbook,3,733.57,0,2200.7,85.95,110.04,2396.69,Credit Card,Delivered,Standard,Website,,South,5
24208776,982501,31-03-2024,Sports & Fitness,Dumbbell Set,2,3459.43,25,6918.86,28.33,934.05,6151.52,Net Banking,Shipped,Standard,Website,,South,
24214654,698644,06-12-2024,Fashion,Running Shoes,3,3917.99,8,11753.98,0.02,1297.64,12111.32,UPI,Delivered,Standard,Website,,North,7
24220208,621502,23-01-2024,Fashion,Denim Jeans,2,2444.22,16,4888.43,227.63,492.75,4826.66,UPI,Confirmed,Next Day,Mobile App,,West,
24276647,513429,13-06-2025,Fashion,Women’s Kurta,1,1489.63,11,1489.63,58.93,159.09,1543.79,Debit Card,Delivered,Standard,Marketplace,,South,5
24293919,874750,23-06-2024,Electronics,Smartwatch,2,6257.86,16,12515.72,15.12,1892.38,12420.7,Credit Card,Cancelled,Standard,Marketplace,,West,
24306035,495243,16-12-2024,Electronics,Mechanical Keyboard,3,4363.7,28,13091.11,0,1696.61,11122.21,Wallet,Shipped,Pickup Point,Website,,West,
24314732,267818,13-10-2024,Sports & Fitness,Cricket Bat,4,4215.9,12,16863.58,0,2671.19,17511.14,Debit Card,Delivered,Standard,Mobile App,,South,6
24362410,834277,09-12-2025,Home & Kitchen,Water Bottle,4,896.34,0,3585.36,18.3,645.36,4249.02,UPI,Delivered,Standard,Website,LOYALTY5,Central,5
24404836,292070,22-02-2024,Sports & Fitness,Yoga Mat,3,1290.84,16,3872.53,26.21,585.53,3864.67,Credit Card,Delivered,Express,Marketplace,,West,3
24419627,870085,13-07-2025,Sports & Fitness,Cricket Bat,1,4317.09,12,4317.09,111.24,683.83,4594.11,Cash on Delivery,Cancelled,Next Day,Marketplace,,West,
24425791,243325,14-09-2024,Books,Fiction Bestseller,2,652.84,21,1305.69,81.27,51.58,1164.35,Wallet,Returned,Standard,Website,,South,
24446289,469315,23-03-2024,Electronics,Noise Cancelling Headphones,2,8881.47,1,17762.93,2,3165.35,20752.65,UPI,Delivered,Standard,Mobile App,,North,5
24495575,646569,12-12-2025,Books,Business Strategy Book,2,690.03,12,1380.07,78.22,60.72,1353.4,UPI,Delivered,Standard,Mobile App,,East,5
24523934,530281,05-05-2024,Grocery,Snack Assortment,3,517.69,1,1553.06,61.73,76.88,1676.14,Credit Card,Delivered,Standard,Mobile App,SAVE20,Central,5
24592238,838282,29-05-2025,Beauty & Personal Care,Hair Dryer,2,2894.53,15,5789.06,0,885.73,5806.43,UPI,Delivered,Standard,Mobile App,FREESHIP,South,5
24598904,900979,15-04-2025,Sports & Fitness,Yoga Mat,1,1262.31,11,1262.31,87.71,202.22,1413.39,Debit Card,Delivered,Standard,Marketplace,,South,5
24714761,684939,30-03-2024,Books,Personal Finance Guide,1,710.58,0,710.58,257.28,35.53,1003.39,UPI,Shipped,Same Day,Mobile App,,West,
24748298,168648,10-07-2025,Fashion,Women’s Kurta,2,1621.67,16,3243.33,64.53,326.93,3115.86,Wallet,Delivered,Standard,Website,,West,5
24792564,290732,23-09-2025,Beauty & Personal Care,Hair Dryer,3,2992.81,0,8978.44,31.27,1616.12,10625.83,UPI,Delivered,Standard,Mobile App,,South,6
24821367,935007,23-03-2024,Books,Business Strategy Book,3,690.2,21,2070.6,61.37,81.79,1778.93,UPI,Delivered,Standard,Mobile App,LOYALTY5,West,5
24828596,399824,25-05-2024,Beauty & Personal Care,Shampoo,2,720.36,10,1440.72,82.04,233.4,1612.09,UPI,Delivered,Express,Website,,South,3
24892519,740145,03-12-2025,Home & Kitchen,Electric Kettle,3,2034.75,11,6104.24,8.96,977.9,6419.63,UPI,Delivered,Pickup Point,Mobile App,,Central,7
24986783,562761,30-11-2024,Home & Kitchen,Bedsheet Set,5,2103.24,23,10516.21,86.67,1457.55,9641.7,Debit Card,Shipped,Express,Website,,East,
25005080,717362,23-03-2024,Fashion,Casual Shirt,4,1992.86,0,7971.45,15.81,956.57,8943.83,Wallet,Delivered,Standard,Website,,East,5
25007121,950712,01-04-2024,Home & Kitchen,Water Bottle,2,938.36,11,1876.72,49.44,300.65,2020.37,UPI,Delivered,Pickup Point,Mobile App,,Central,5
25013898,986247,15-07-2025,Grocery,Protein Cereal,2,562.96,16,1125.92,68.31,47.29,1061.37,UPI,Delivered,Standard,Mobile App,SAVE20,South,5
25060392,861740,15-07-2024,Fashion,Cotton T-Shirt,4,866.53,7,3466.12,60.65,386.82,3670.96,Credit Card,Delivered,Express,Marketplace,FESTIVE15,West,4
25074792,371899,20-04-2024,Sports & Fitness,Fitness Resistance Bands,1,921.17,20,921.17,91.87,132.65,961.46,Credit Card,Delivered,Standard,Website,,North,5
25097126,882469,29-04-2025,Books,Fiction Bestseller,5,588.34,11,2941.69,90.18,130.9,2839.18,UPI,Delivered,Express,Marketplace,FESTIVE15,West,3
25108474,930111,26-12-2025,Grocery,Premium Coffee,3,692.53,12,2077.59,77.59,91.41,1997.28,UPI,Delivered,Standard,Mobile App,LOYALTY5,West,5
25115349,423853,16-11-2025,Grocery,Olive Oil 1L,4,915.64,12,3662.57,39.56,161.15,3423.77,Credit Card,Delivered,Standard,Mobile App,SAVE20,West,7
25126315,156320,27-04-2025,Electronics,Mechanical Keyboard,1,4526.98,10,4526.98,0,733.37,4807.65,Credit Card,Delivered,Express,Mobile App,FESTIVE15,West,3
25130746,459466,27-01-2025,Fashion,Backpack,2,2393.31,11,4786.63,41.39,511.21,4812.7,UPI,Cancelled,Standard,Mobile App,,Central,
25244583,333453,16-05-2025,Home & Kitchen,Bedsheet Set,2,1905.12,12,3810.24,0,603.54,3956.55,Credit Card,Shipped,Standard,Website,,North,
25287239,192285,10-09-2024,Home & Kitchen,Water Bottle,3,999.31,15,2997.93,112.36,458.68,3119.28,Credit Card,Shipped,Express,Mobile App,LOYALTY5,West,
25297805,103683,31-08-2024,Home & Kitchen,Bedsheet Set,2,2011.67,15,4023.33,0,615.57,4035.4,Credit Card,Delivered,Standard,Website,,North,5
25312820,663897,25-03-2025,Home & Kitchen,Bedsheet Set,1,1866.72,0,1866.72,59.37,336.01,2262.1,Net Banking,Delivered,Standard,Mobile App,,Central,5
25317256,228445,06-01-2025,Sports & Fitness,Sports Shoes,4,3225.63,10,12902.53,0,2090.21,13702.49,Net Banking,Shipped,Standard,Website,,South,
25332083,156320,06-11-2025,Beauty & Personal Care,Sunscreen SPF 50,3,1018.55,10,3055.65,109.14,495.02,3354.25,UPI,Delivered,Express,Website,LOYALTY5,South,3
25370348,160754,10-09-2024,Home & Kitchen,Non-Stick Cookware Set,1,6137.04,0,6137.04,150.8,1104.67,7392.51,UPI,Delivered,Next Day,Marketplace,,South,2
25376774,915219,28-12-2024,Home & Kitchen,Bedsheet Set,2,2020.86,25,4041.71,39.27,545.63,3616.18,Credit Card,Delivered,Standard,Mobile App,FREESHIP,North,5
25378542,705771,04-01-2025,Fashion,Running Shoes,2,4401.18,15,8802.36,0,897.84,8379.85,Debit Card,Delivered,Standard,Mobile App,SAVE20,Central,6
25400274,973551,20-07-2025,Home & Kitchen,Storage Organizer,3,878.97,5,2636.9,153.5,450.91,3109.47,Cash on Delivery,Delivered,Express,Marketplace,SAVE20,North,3
25421042,601222,26-05-2025,Electronics,Smartwatch,2,5653.64,10,11307.28,23.44,1831.78,12031.77,Wallet,Delivered,Standard,Website,FESTIVE15,North,7
25422185,872600,03-05-2025,Sports & Fitness,Yoga Mat,1,1378.46,15,1378.46,41.44,210.9,1424.03,UPI,Delivered,Standard,Website,,West,5
25438076,717362,26-03-2025,Home & Kitchen,Storage Organizer,2,955.92,15,1911.84,132.99,292.51,2050.56,Credit Card,Delivered,Express,Mobile App,,South,3
25491436,671644,18-12-2024,Sports & Fitness,Gym Bag,3,1810.44,12,5431.31,37.88,860.32,5677.75,Cash on Delivery,Delivered,Express,Website,,North,3
25495564,732254,21-02-2025,Fashion,Cotton T-Shirt,2,856.87,25,1713.74,91.76,154.24,1531.3,UPI,Delivered,Standard,Marketplace,,South,6
25500306,192967,01-10-2025,Fashion,Casual Shirt,3,1823.91,12,5471.73,108.78,577.81,5501.71,Debit Card,Delivered,Express,Mobile App,WELCOME10,South,3
25509909,768068,07-05-2025,Sports & Fitness,Fitness Resistance Bands,1,1049.63,6,1049.63,34.02,177.6,1198.27,Debit Card,Delivered,Pickup Point,Mobile App,,East,5
25510606,121516,29-03-2025,Grocery,Green Tea,2,472.15,11,944.29,31.09,42.02,913.53,UPI,Delivered,Pickup Point,Website,,South,7
25512089,517375,13-08-2024,Fashion,Casual Shirt,3,1843.18,0,5529.54,0,663.54,6193.08,Debit Card,Delivered,Standard,Mobile App,,West,5
25526647,360097,17-12-2025,Electronics,Smartwatch,4,5628.23,3,22512.93,179.27,3930.76,25947.57,UPI,Delivered,Next Day,Website,WELCOME10,West,2
25532843,682946,14-12-2024,Fashion,Running Shoes,2,3762.46,27,7524.91,28.86,659.18,6181.22,Credit Card,Returned,Standard,Marketplace,SAVE20,Central,
25568999,565699,20-11-2025,Home & Kitchen,Table Lamp,1,1562.78,11,1562.78,45.16,250.36,1686.39,Debit Card,Delivered,Standard,Mobile App,,East,5
25575754,726894,15-02-2025,Fashion,Women’s Kurta,1,1579.36,11,1579.36,30.32,168.68,1604.63,UPI,Delivered,Pickup Point,Marketplace,SAVE20,North,5
25585281,611808,18-10-2024,Home & Kitchen,Storage Organizer,3,891.85,12,2675.54,50.85,423.81,2829.14,Wallet,Delivered,Standard,Website,,Central,5
25588624,537897,03-07-2025,Home & Kitchen,Bedsheet Set,3,2125.14,10,6375.43,13.48,1032.82,6784.19,UPI,Delivered,Standard,Mobile App,,East,5
25624523,908569,27-02-2024,Fashion,Hoodie,1,1917.21,1,1917.21,81.8,227.76,2207.6,Cash on Delivery,Shipped,Express,Mobile App,,North,
25635793,706543,22-01-2024,Electronics,Bluetooth Speaker,2,3248.51,11,6497.03,8.94,1040.82,6832.12,UPI,Delivered,Standard,Website,LOYALTY5,Central,5
25709746,216247,30-04-2024,Grocery,Green Tea,5,428.9,11,2144.48,57.05,95.43,2061.07,Wallet,Delivered,Standard,Website,SAVE20,North,5
25732112,870085,27-05-2025,Fashion,Running Shoes,2,4343.27,12,8686.54,70.75,917.3,8632.21,Credit Card,Delivered,Next Day,Mobile App,FESTIVE15,West,2
25740818,533192,15-06-2025,Grocery,Protein Cereal,1,657.01,5,657.01,76.04,31.21,731.41,UPI,Delivered,Standard,Website,FESTIVE15,East,5
25760250,303829,18-05-2025,Electronics,Bluetooth Speaker,2,3121.89,6,6243.77,181.19,1056.45,7106.78,UPI,Delivered,Next Day,Website,,Central,2
25771495,500347,21-09-2025,Home & Kitchen,Water Bottle,2,1029.26,0,2058.52,114.47,370.53,2543.52,UPI,Delivered,Express,Mobile App,,Central,3
25774059,125726,19-07-2025,Home & Kitchen,Non-Stick Cookware Set,2,5886.71,5,11773.43,168.96,2013.26,13366.98,Net Banking,Delivered,Same Day,Website,,North,1
25777729,924729,10-09-2024,Electronics,Mechanical Keyboard,5,4477.79,10,22388.94,24.25,3627.01,23801.31,Wallet,Delivered,Standard,Mobile App,,West,5
25780798,999413,15-12-2025,Grocery,Protein Cereal,4,638.58,8,2554.31,35.28,117.5,2502.75,UPI,Delivered,Pickup Point,Website,,South,5
25787970,644492,19-07-2025,Home & Kitchen,Table Lamp,1,1464.71,16,1464.71,88.91,221.46,1540.73,Credit Card,Delivered,Standard,Mobile App,LOYALTY5,North,5
25796404,212225,27-01-2024,Fashion,Women’s Kurta,1,1666.63,15,1666.63,29.83,170,1616.47,Net Banking,Delivered,Standard,Mobile App,,North,6
25813765,784248,24-11-2025,Electronics,Bluetooth Speaker,3,3357.14,4,10071.42,27.77,1740.34,11436.67,UPI,Delivered,Standard,Marketplace,LOYALTY5,South,5
25816862,224377,03-08-2025,Fashion,Casual Shirt,1,1847.64,1,1847.64,158.55,219.5,2207.21,Debit Card,Delivered,Next Day,Website,WELCOME10,North,2
25861349,648746,02-09-2024,Electronics,Mechanical Keyboard,3,4676.92,17,14030.75,109.01,2096.19,13850.72,UPI,Delivered,Next Day,Mobile App,,East,3
25928368,106421,12-09-2025,Beauty & Personal Care,Lipstick,2,772.37,15,1544.74,201.13,236.35,1750.51,Debit Card,Delivered,Next Day,Mobile App,,West,2
25941240,741739,01-11-2024,Sports & Fitness,Dumbbell Set,3,3245.15,3,9735.45,0,1699.81,11143.2,Credit Card,Delivered,Standard,Mobile App,,South,7
25956638,554476,17-06-2025,Electronics,Bluetooth Speaker,1,3546.71,1,3546.71,0,632.02,4143.26,UPI,Delivered,Standard,Mobile App,APPONLY10,East,5
25966702,870085,07-06-2025,Electronics,Bluetooth Speaker,1,3076.83,12,3076.83,45.83,487.37,3240.81,UPI,Delivered,Standard,Website,FESTIVE15,South,5
25970118,985217,11-08-2024,Beauty & Personal Care,Moisturizer,3,754.51,25,2263.53,113.95,305.58,2117.18,UPI,Processin,Express,Mobile App,,West,
26025551,217513,29-07-2025,Home & Kitchen,Bedsheet Set,1,1634.05,0,1634.05,37.82,294.13,1966,Credit Card,Delivered,Standard,Mobile App,,North,5
26062986,495243,29-03-2025,Home & Kitchen,Water Bottle,1,1056.38,16,1056.38,219.12,159.72,1266.2,UPI,Delivered,Same Day,Website,FESTIVE15,Central,1
26073568,684770,04-01-2025,Fashion,Casual Shirt,2,1777.96,20,3555.93,88.33,341.37,3274.44,Credit Card,Cancelled,Standard,Mobile App,,North,
26074240,371899,28-06-2024,Fashion,Denim Jeans,3,2398.75,5,7196.25,22.14,820.37,7678.95,UPI,Delivered,Pickup Point,Mobile App,LOYALTY5,East,5
26076576,982086,05-08-2025,Sports & Fitness,Fitness Resistance Bands,5,1027.65,11,5138.24,8.64,823.15,5404.82,Credit Card,Delivered,Standard,Website,,North,5
26083783,170738,30-03-2024,Fashion,Women’s Kurta,1,1642.01,5,1642.01,87.98,187.19,1835.08,Wallet,Delivered,Standard,Website,SAVE20,Central,5
26108895,554476,03-11-2025,Electronics,Bluetooth Speaker,1,3320.46,3,3320.46,29.42,579.75,3830.02,Credit Card,Delivered,Standard,Website,,East,5
26118279,458160,07-10-2025,Beauty & Personal Care,Shampoo,2,723.27,13,1446.53,73.92,226.53,1558.93,Wallet,Delivered,Standard,Mobile App,FREESHIP,South,5
26153973,396652,18-09-2024,Fashion,Sunglasses,3,1356.92,11,4070.75,49.63,434.76,4107.36,Credit Card,Confirmed,Express,Website,WELCOME10,South,
26154929,501794,17-11-2024,Fashion,Women’s Kurta,2,1651.55,12,3303.1,72.13,348.81,3327.67,Net Banking,Delivered,Standard,Mobile App,LOYALTY5,West,5
26164918,857238,10-10-2024,Fashion,Cotton T-Shirt,3,936.18,13,2808.53,30.84,293.21,2767.47,Credit Card,Delivered,Standard,Marketplace,WELCOME10,West,6
26166900,365302,11-05-2024,Books,Data Analytics Handbook,2,903.64,10,1807.29,52.82,81.33,1760.71,Credit Card,Shipped,Standard,Website,,Central,
26186868,761245,14-04-2025,Beauty & Personal Care,Hair Dryer,4,2814.31,0,11257.22,25.64,2026.3,13309.16,Credit Card,Shipped,Standard,Website,FREESHIP,Central,
26192465,794638,15-08-2024,Fashion,Denim Jeans,3,2627.39,5,7882.18,124.03,898.57,8510.67,UPI,Delivered,Next Day,Website,FESTIVE15,South,2
26223857,216247,11-09-2025,Books,Cookbook,6,856.57,16,5139.4,88.18,215.86,4621.14,Net Banking,Shipped,Express,Mobile App,FESTIVE15,Central,
26233504,634593,10-02-2025,Electronics,1080p Webcam,1,3760.6,10,3760.6,53.04,609.22,4046.8,Debit Card,Delivered,Express,Mobile App,,Central,3
26287045,751689,08-08-2025,Electronics,Bluetooth Speaker,2,3356.77,1,6713.53,150.53,1196.35,7993.27,Credit Card,Delivered,Next Day,Website,,Central,2
26315901,159779,07-11-2024,Electronics,Mechanical Keyboard,2,4745.97,5,9491.93,35.34,1623.12,10675.79,Credit Card,Delivered,Standard,Website,,South,5
26322706,706997,05-12-2025,Electronics,Power Bank,4,1585.68,16,6342.73,0,959.02,6286.91,Credit Card,Delivered,Pickup Point,Website,WELCOME10,West,5
26347451,864641,29-09-2025,Electronics,Smartwatch,1,5743.64,20,5743.64,9.93,827.08,5431.92,Debit Card,Delivered,Standard,Mobile App,,South,5
26352697,468547,28-09-2024,Grocery,Green Tea,4,457.09,10,1828.35,60.8,82.28,1788.59,Net Banking,Delivered,Standard,Mobile App,FESTIVE15,North,5
26369702,218174,10-11-2025,Grocery,Olive Oil 1L,4,917.13,28,3668.54,79.8,132.07,2853.22,Debit Card,Shipped,Standard,Website,FREESHIP,West,
26411111,412789,23-07-2024,Fashion,Running Shoes,3,3826.47,5,11479.42,83.35,1308.65,12297.45,UPI,Delivered,Express,Website,,South,3
26415190,298508,20-11-2025,Books,Fiction Bestseller,1,545.81,1,545.81,96.32,27.02,663.69,Credit Card,Delivered,Standard,Website,FESTIVE15,North,5
26418515,159779,20-04-2024,Fashion,Denim Jeans,2,2547.95,10,5095.89,47.76,550.36,5184.42,Net Banking,Processin,Standard,Mobile App,APPONLY10,Central,
26463045,870085,04-05-2024,Fashion,Sunglasses,2,1333.6,12,2667.2,58.14,281.66,2686.94,Cash on Delivery,Delivered,Standard,Website,,East,5
26494468,946244,30-01-2025,Home & Kitchen,Non-Stick Cookware Set,3,6313.05,15,18939.16,8.65,2897.69,19004.63,UPI,Delivered,Standard,Website,,East,5
26497971,146352,01-04-2024,Beauty & Personal Care,Lipstick,1,845.15,5,845.15,98.08,144.52,1045.49,UPI,Delivered,Express,Website,SAVE20,North,3
26507692,590308,17-01-2024,Beauty & Personal Care,Perfume,1,2252.3,0,2252.3,81.76,405.41,2739.47,Cash on Delivery,Delivered,Express,Marketplace,,West,3
26512693,950849,03-12-2024,Electronics,Noise Cancelling Headphones,2,8974.04,11,17948.08,173.49,2875.28,19022.56,Credit Card,Shipped,Next Day,Website,LOYALTY5,North,
26553814,614046,30-06-2024,Home & Kitchen,Electric Kettle,2,1994.27,11,3988.54,87.99,638.96,4276.75,Credit Card,Returned,Next Day,Website,SAVE20,South,
26571840,449737,19-11-2024,Grocery,Protein Cereal,4,549.95,15,2199.78,98.6,93.49,2061.9,UPI,Delivered,Express,Mobile App,,East,3
26583669,952544,22-11-2025,Grocery,Green Tea,5,469.92,12,2349.58,320.57,103.38,2491.58,UPI,Returned,Same Day,Website,,West,
26588114,949521,22-12-2024,Electronics,Bluetooth Speaker,2,3293.8,3,6587.61,9.42,1150.2,7549.6,UPI,Confirmed,Standard,Website,,South,
26599021,510338,08-06-2024,Grocery,Dry Fruits 500g,2,805.26,0,1610.53,114.95,80.53,1806.01,Debit Card,Confirmed,Express,Website,,West,
26628304,575415,18-06-2025,Fashion,Cotton T-Shirt,3,912.76,5,2738.29,75.4,312.17,2988.95,Cash on Delivery,Delivered,Standard,Website,,North,6
26643844,181485,19-10-2024,Beauty & Personal Care,Hair Dryer,1,3003.3,0,3003.3,11.58,540.59,3555.47,Debit Card,Delivered,Standard,Mobile App,APPONLY10,South,5
26687017,170738,30-08-2025,Beauty & Personal Care,Hair Dryer,1,2912.31,10,2912.31,40.98,471.79,3133.85,Credit Card,Delivered,Standard,Mobile App,,North,6
26689771,717362,01-04-2024,Fashion,Casual Shirt,4,1827.57,20,7310.27,56.32,701.79,6606.33,Credit Card,Delivered,Express,Mobile App,,South,3
26730859,468547,03-09-2024,Grocery,Snack Assortment,4,474.4,20,1897.61,67.71,75.9,1661.7,Net Banking,Delivered,Standard,Website,,North,5
26738822,879723,05-06-2024,Fashion,Women’s Kurta,2,1680.54,15,3361.08,129.82,342.83,3329.57,UPI,Delivered,Express,Mobile App,,North,3
26741477,453000,31-08-2024,Beauty & Personal Care,Perfume,4,2470.57,6,9882.26,0,1672.08,10961.4,UPI,Shipped,Standard,Website,FESTIVE15,South,
26754537,450368,29-11-2025,Books,Business Strategy Book,6,715.67,5,4294.05,37.13,203.97,4320.45,UPI,Confirmed,Standard,Website,,South,
26769585,285228,31-08-2024,Grocery,Organic Rice 5kg,1,791.43,1,791.43,100.94,39.18,923.64,Credit Card,Delivered,Express,Marketplace,SAVE20,North,4
26770817,377531,13-09-2025,Fashion,Sunglasses,6,1347.61,26,8085.65,17.2,718.01,6718.59,Cash on Delivery,Delivered,Standard,Marketplace,APPONLY10,West,5
26771305,684939,01-01-2025,Electronics,Power Bank,1,1503.92,10,1503.92,35.65,243.64,1632.82,Credit Card,Delivered,Pickup Point,Website,SAVE20,Central,5
26787683,819409,21-07-2024,Books,Cookbook,2,813.68,20,1627.37,59.27,65.1,1426.27,UPI,Delivered,Standard,Marketplace,SAVE20,East,5
26823440,224962,08-05-2024,Electronics,Bluetooth Speaker,2,3545.5,26,7091,40.21,944.52,6232.07,UPI,Delivered,Standard,Website,APPONLY10,West,6
26825355,882469,15-11-2024,Sports & Fitness,Dumbbell Set,1,3325.2,6,3325.2,28.85,562.62,3717.16,UPI,Delivered,Express,Mobile App,FREESHIP,West,3
26847968,545331,15-10-2025,Beauty & Personal Care,Hair Dryer,4,2834.53,3,11338.11,0,1979.63,12977.6,Credit Card,Delivered,Standard,Website,LOYALTY5,South,5
26912818,303829,16-11-2024,Sports & Fitness,Sports Shoes,1,3536.98,1,3536.98,0.97,630.29,4132.87,Wallet,Delivered,Standard,Website,LOYALTY5,West,5
26915569,531162,21-01-2024,Sports & Fitness,Dumbbell Set,1,3561.19,26,3561.19,35.91,474.35,3145.54,UPI,Delivered,Pickup Point,Mobile App,SAVE20,West,5
26920581,602650,20-12-2025,Beauty & Personal Care,Hair Dryer,2,3147.9,6,6295.81,62.7,1065.25,7046.01,Wallet,Returned,Express,Mobile App,,East,
26939933,701235,26-11-2024,Grocery,Protein Cereal,2,557.74,5,1115.47,108.89,52.99,1221.58,Debit Card,Shipped,Express,Mobile App,WELCOME10,East,
26964095,726894,01-08-2025,Books,Cookbook,1,735.15,6,735.15,58.31,34.55,783.9,Debit Card,Delivered,Standard,Website,SAVE20,East,5
26971808,114374,03-11-2025,Grocery,Green Tea,2,438.46,12,876.92,131.05,38.58,941.32,Cash on Delivery,Delivered,Same Day,Mobile App,APPONLY10,South,1
27005624,754071,13-11-2025,Home & Kitchen,Non-Stick Cookware Set,1,5701.55,18,5701.55,42.22,841.55,5559.04,Credit Card,Delivered,Standard,Marketplace,,West,5
27016469,281384,24-12-2024,Beauty & Personal Care,Shampoo,2,721.53,26,1443.06,50.68,192.21,1310.75,UPI,Delivered,Standard,Mobile App,,West,5
27022683,510338,20-06-2025,Home & Kitchen,Electric Kettle,2,2072.97,25,4145.94,54.75,559.7,3723.91,Cash on Delivery,Delivered,Express,Mobile App,,North,3
27030890,121516,19-11-2024,Fashion,Backpack,1,2318.81,3,2318.81,53.15,269.91,2572.31,Debit Card,Delivered,Standard,Website,,East,5
27071522,285228,11-10-2024,Fashion,Hoodie,1,2331.82,21,2331.82,74.65,221.06,2137.85,Debit Card,Delivered,Standard,Website,LOYALTY5,North,6
27096687,446432,31-03-2024,Beauty & Personal Care,Lipstick,3,798.92,1,2396.77,44.73,427.1,2844.63,Credit Card,Returned,Standard,Website,APPONLY10,North,
27104019,663897,16-10-2024,Sports & Fitness,Cricket Bat,2,4253.73,12,8507.46,160.98,1347.58,8995.12,Credit Card,Delivered,Next Day,Website,FESTIVE15,North,2
27118101,324083,16-10-2025,Fashion,Casual Shirt,1,1780.31,11,1780.31,50.18,190.14,1824.8,Credit Card,Delivered,Standard,Website,FESTIVE15,West,5
27124557,950849,27-02-2025,Home & Kitchen,Electric Kettle,1,1843.11,16,1843.11,44.83,278.68,1871.72,Credit Card,Delivered,Standard,Website,LOYALTY5,East,6
27124753,338179,16-07-2025,Beauty & Personal Care,Lipstick,1,811.41,12,811.41,72.29,128.53,914.86,Credit Card,Delivered,Standard,Mobile App,FESTIVE15,West,5
27141683,927867,27-05-2024,Beauty & Personal Care,Moisturizer,2,778.13,26,1556.25,60.11,207.29,1419.03,Credit Card,Delivered,Standard,Website,,North,5
27154780,370350,31-10-2024,Beauty & Personal Care,Perfume,1,2495.95,3,2495.95,67.3,435.79,2924.16,Net Banking,Delivered,Standard,Website,,West,5
27177930,506330,05-06-2024,Beauty & Personal Care,Moisturizer,3,772.13,1,2316.4,112.33,412.78,2818.35,Wallet,Delivered,Standard,Website,,East,5
27191802,574198,19-08-2024,Fashion,Denim Jeans,1,2604.53,16,2604.53,58.22,262.54,2508.57,UPI,Delivered,Standard,Website,,South,5
27194560,674785,11-06-2024,Home & Kitchen,Air Fryer,3,6786.02,1,20358.06,35.34,3627.81,23817.63,UPI,Delivered,Standard,Mobile App,,South,5
27227371,922983,29-07-2024,Electronics,Power Bank,2,1584.18,15,3168.36,309.26,484.76,3487.13,Credit Card,Returned,Same Day,Mobile App,WELCOME10,South,
27258739,946244,17-10-2024,Beauty & Personal Care,Hair Dryer,3,2603.08,7,7809.25,0,1307.27,8569.87,Cash on Delivery,Delivered,Standard,Website,,North,5
27284143,106421,01-11-2025,Electronics,Bluetooth Speaker,2,3828.41,2,7656.82,15.78,1350.66,8870.12,UPI,Delivered,Standard,Website,,South,5
27313468,889358,20-07-2025,Sports & Fitness,Gym Bag,4,1946.34,10,7785.37,0,1261.23,8268.06,UPI,Delivered,Standard,Website,,East,5
27330205,663897,27-01-2025,Beauty & Personal Care,Shampoo,3,670.93,0,2012.8,148.94,362.3,2524.04,UPI,Delivered,Next Day,Mobile App,,West,2
27330538,754071,26-05-2025,Home & Kitchen,Water Bottle,2,1065.84,16,2131.69,71.5,322.31,2184.43,Credit Card,Delivered,Standard,Mobile App,FREESHIP,West,5
27360360,468547,27-02-2024,Sports & Fitness,Dumbbell Set,5,3227.2,0,16135.98,18.15,2904.48,19058.61,UPI,Shipped,Standard,Website,SAVE20,South,
27369437,593494,08-11-2025,Electronics,USB-C Hub,1,2235.1,7,2235.1,129.63,374.16,2582.43,Net Banking,Shipped,Express,Marketplace,,South,
27378397,569778,02-06-2025,Fashion,Women’s Kurta,2,1774.7,1,3549.4,0,421.67,3935.58,Net Banking,Returned,Standard,Mobile App,SAVE20,East,
27382672,212904,06-01-2025,Sports & Fitness,Dumbbell Set,3,3643.26,11,10929.79,29.62,1750.95,11508.08,Debit Card,Delivered,Standard,Mobile App,APPONLY10,Central,7
27416289,783827,13-08-2025,Beauty & Personal Care,Perfume,2,2503.94,21,5007.88,87.37,712.12,4755.72,Net Banking,Delivered,Next Day,Marketplace,LOYALTY5,West,3
27433946,456102,11-11-2024,Grocery,Protein Cereal,5,600.19,30,3000.96,34.14,105.03,2239.84,UPI,Shipped,Pickup Point,Mobile App,SAVE20,East,
27453771,315098,17-06-2025,Grocery,Protein Cereal,3,529.39,0,1588.18,82.59,79.41,1750.18,UPI,Delivered,Standard,Website,,West,5
27487371,924729,06-11-2025,Books,Personal Finance Guide,7,741.12,5,5187.81,50.55,246.42,5225.39,UPI,Delivered,Standard,Mobile App,FREESHIP,West,5
27487405,870085,07-12-2025,Grocery,Green Tea,4,438.43,14,1753.72,186.13,75.41,1769.74,UPI,Shipped,Next Day,Mobile App,,Central,
27508246,952544,05-06-2025,Home & Kitchen,Non-Stick Cookware Set,1,6300.42,10,6300.42,0,1020.67,6691.05,UPI,Delivered,Standard,Marketplace,FESTIVE15,South,5
27512663,738137,03-10-2024,Fashion,Cotton T-Shirt,2,903.64,0,1807.27,266.84,216.87,2290.98,Net Banking,Delivered,Same Day,Website,FREESHIP,Central,3
27515774,682946,17-11-2025,Electronics,Smartwatch,4,5623.88,17,22495.52,20.87,3360.83,22052.98,UPI,Delivered,Pickup Point,Mobile App,SAVE20,South,5
27523003,850062,14-11-2024,Sports & Fitness,Sports Shoes,5,3280.99,16,16404.97,143.77,2480.43,16404.37,Debit Card,Delivered,Next Day,Website,,East,4
27532524,572377,28-06-2025,Electronics,Bluetooth Speaker,1,3154.1,15,3154.1,41.01,482.58,3204.57,Wallet,Delivered,Pickup Point,Website,FESTIVE15,West,5
27536319,726894,20-08-2025,Sports & Fitness,Sports Shoes,3,3698.26,1,11094.77,43.98,1977.09,13004.89,Net Banking,Shipped,Express,Marketplace,WELCOME10,West,
27586117,103683,28-11-2025,Home & Kitchen,Bedsheet Set,1,1868.97,5,1868.97,85.51,319.59,2180.62,Debit Card,Shipped,Express,Mobile App,FREESHIP,Central,
27662228,685812,28-07-2025,Electronics,Wireless Earbuds,1,2393.2,16,2393.2,80.61,361.85,2452.75,Cash on Delivery,Delivered,Express,Mobile App,,South,3
27663475,311051,25-01-2024,Home & Kitchen,Bedsheet Set,2,1927.37,7,3854.74,35.53,645.28,4265.72,UPI,Delivered,Standard,Mobile App,,Central,6
27688966,106421,19-12-2024,Fashion,Running Shoes,1,3838.9,12,3838.9,27.45,405.39,3811.07,Net Banking,Confirmed,Standard,Website,,East,
27708995,361664,19-01-2025,Fashion,Backpack,3,2439.37,26,7318.12,31.57,649.85,6096.83,UPI,Delivered,Standard,Mobile App,FESTIVE15,West,5
27709759,654376,25-07-2024,Electronics,Bluetooth Speaker,2,3310.18,0,6620.36,18.52,1191.66,7830.54,Credit Card,Delivered,Standard,Marketplace,,South,5
27740833,922983,05-10-2024,Home & Kitchen,Storage Organizer,3,858.92,7,2576.76,41.25,431.35,2868.99,UPI,Cancelled,Standard,Mobile App,,South,
27760483,593494,20-05-2025,Electronics,Mechanical Keyboard,2,4706.86,10,9413.71,0,1525.02,9997.36,Cash on Delivery,Cancelled,Standard,Website,WELCOME10,Central,
27776217,706543,04-12-2024,Fashion,Hoodie,1,2117.52,23,2117.52,54.65,195.66,1880.8,Credit Card,Delivered,Standard,Mobile App,,West,5
27778159,487101,28-08-2025,Home & Kitchen,Electric Kettle,2,1998.67,15,3997.33,18.67,611.59,4027.99,UPI,Delivered,Standard,Mobile App,,South,6
27827493,204535,07-09-2025,Sports & Fitness,Gym Bag,4,1699.88,1,6799.51,20.74,1211.67,7963.92,Credit Card,Returned,Pickup Point,Website,,West,
27871988,647542,23-03-2025,Fashion,Cotton T-Shirt,3,900.33,20,2700.99,28.36,259.29,2448.44,Wallet,Delivered,Pickup Point,Mobile App,FREESHIP,East,7
27885870,369352,07-12-2025,Electronics,Mechanical Keyboard,1,4467.26,10,4467.26,70.19,723.7,4814.42,UPI,Delivered,Standard,Marketplace,LOYALTY5,Central,5
27890886,569791,01-04-2024,Grocery,Green Tea,4,434.8,11,1739.22,210.5,77.4,1835.81,Credit Card,Delivered,Same Day,Website,,West,1
27907858,811520,01-02-2024,Sports & Fitness,Cricket Bat,1,4723,6,4723,75.69,799.13,5314.44,Credit Card,Returned,Express,Marketplace,FREESHIP,South,
27922304,784248,21-10-2025,Electronics,Power Bank,1,1663.39,17,1663.39,99.39,248.51,1728.51,Credit Card,Shipped,Express,Website,,Central,
27950608,333453,22-06-2025,Fashion,Backpack,1,2302.08,12,2302.08,36.91,243.1,2305.84,UPI,Shipped,Standard,Mobile App,LOYALTY5,Central,
27968893,276393,14-08-2025,Electronics,Bluetooth Speaker,2,3217.43,16,6434.85,0,972.95,6378.22,UPI,Delivered,Standard,Marketplace,,West,5
27980786,999413,02-12-2024,Electronics,Bluetooth Speaker,1,3178.61,13,3178.61,216.9,497.77,3480.06,Debit Card,Delivered,Same Day,Website,,East,1
28008838,121516,26-03-2024,Beauty & Personal Care,Hair Dryer,1,3040.27,1,3040.27,47.64,541.78,3599.29,Debit Card,Delivered,Standard,Website,LOYALTY5,South,5
28036148,754071,22-08-2025,Fashion,Women’s Kurta,1,1581.56,16,1581.56,77.26,159.42,1565.19,Credit Card,Confirmed,Standard,Mobile App,FESTIVE15,West,
28048209,216247,28-03-2024,Sports & Fitness,Sports Shoes,1,3625.59,11,3625.59,50.51,580.82,3858.11,UPI,Confirmed,Express,Mobile App,,West,
28050803,726894,07-12-2024,Home & Kitchen,Water Bottle,1,938.45,11,938.45,137.4,150.34,1122.96,Cash on Delivery,Delivered,Express,Website,LOYALTY5,South,3
28053227,212904,24-03-2024,Grocery,Green Tea,3,414.3,6,1242.9,42.1,58.42,1268.85,Credit Card,Delivered,Standard,Mobile App,,East,7
28073462,921050,10-01-2024,Electronics,USB-C Hub,3,2250.73,16,6752.2,0,1020.93,6692.78,Debit Card,Delivered,Standard,Mobile App,,West,5
28086162,368895,04-10-2024,Sports & Fitness,Yoga Mat,1,1351.72,0,1351.72,74.73,243.31,1669.76,Debit Card,Delivered,Standard,Website,APPONLY10,Central,5
28097191,281384,01-06-2025,Fashion,Running Shoes,2,3945.2,16,7890.4,142.83,795.35,7566.12,UPI,Delivered,Next Day,Marketplace,WELCOME10,West,2
28099441,784248,24-10-2025,Beauty & Personal Care,Sunscreen SPF 50,2,845.86,17,1691.72,101.43,252.74,1758.3,Cash on Delivery,Delivered,Standard,Website,,South,6
28108085,170738,25-05-2024,Fashion,Cotton T-Shirt,4,855.98,5,3423.91,0,390.33,3643.04,UPI,Delivered,Standard,Website,,North,5
28132777,701235,27-07-2024,Fashion,Backpack,1,2468.6,10,2468.6,155.21,266.61,2643.56,UPI,Delivered,Next Day,Mobile App,FREESHIP,Central,2
28143148,691791,08-02-2025,Grocery,Organic Rice 5kg,5,702.93,21,3514.66,32.79,138.83,2948.2,Credit Card,Confirmed,Pickup Point,Mobile App,,North,
28146019,850062,04-10-2025,Books,Personal Finance Guide,4,713.48,11,2853.92,24.98,127,2691.97,Credit Card,Delivered,Standard,Website,FREESHIP,Central,5
28191518,783827,19-06-2024,Fashion,Hoodie,3,2255.78,6,6767.34,52.66,763.36,7177.32,Wallet,Delivered,Standard,Website,FESTIVE15,Central,5
28194882,457808,13-01-2025,Fashion,Backpack,3,2319.34,10,6958.01,17.66,751.47,7031.34,Credit Card,Shipped,Standard,Mobile App,APPONLY10,Central,
28199720,707921,26-10-2024,Electronics,Noise Cancelling Headphones,3,9385.22,12,28155.65,33.94,4459.85,29270.76,Credit Card,Processin,Standard,Mobile App,LOYALTY5,Central,
28212339,289404,01-03-2024,Electronics,Mechanical Keyboard,1,4031.08,11,4031.08,0,645.78,4233.44,UPI,Delivered,Pickup Point,Website,FESTIVE15,Central,5
28213415,261413,14-04-2024,Home & Kitchen,Water Bottle,2,989.22,5,1978.44,77,338.31,2294.83,Debit Card,Delivered,Standard,Website,APPONLY10,East,5
28241798,844808,05-02-2024,Fashion,Casual Shirt,1,1814.67,1,1814.67,25.62,215.58,2037.72,UPI,Delivered,Pickup Point,Website,FREESHIP,North,5
28267908,102684,26-09-2025,Home & Kitchen,Water Bottle,2,928.82,0,1857.64,189.62,334.38,2381.64,UPI,Shipped,Same Day,Website,,South,
28278984,754694,30-12-2025,Fashion,Running Shoes,4,3904.35,7,15617.41,0,1742.9,16267.09,Cash on Delivery,Delivered,Standard,Mobile App,APPONLY10,South,5
28298255,507481,11-07-2024,Grocery,Olive Oil 1L,4,911.89,1,3647.54,8.16,180.55,3799.77,Credit Card,Returned,Standard,Website,,West,
28301166,121516,06-03-2025,Sports & Fitness,Fitness Resistance Bands,4,1031.53,6,4126.12,47.76,698.14,4624.45,UPI,Delivered,Express,Marketplace,,Central,3
28314631,453000,06-04-2024,Fashion,Casual Shirt,2,1649.22,11,3298.43,71.73,352.27,3359.6,Debit Card,Shipped,Standard,Marketplace,FESTIVE15,South,
28323928,125726,30-08-2025,Electronics,Power Bank,5,1603.6,10,8018.02,10.09,1298.92,8525.23,Credit Card,Delivered,Standard,Mobile App,,South,5
28409166,511294,26-02-2025,Electronics,Bluetooth Speaker,2,3227.4,10,6454.79,54,1045.68,6908.99,UPI,Delivered,Standard,Marketplace,,South,5
28411346,377531,06-02-2024,Sports & Fitness,Cricket Bat,2,4399.23,16,8798.46,29.35,1330.33,8750.39,Credit Card,Delivered,Standard,Website,FREESHIP,South,5
28417500,133161,13-07-2025,Books,Personal Finance Guide,3,794.83,5,2384.48,105.54,113.26,2484.06,UPI,Delivered,Express,Mobile App,,South,3
28422041,946244,16-04-2024,Sports & Fitness,Yoga Mat,3,1289.84,15,3869.51,23.47,592.03,3904.58,Cash on Delivery,Delivered,Standard,Website,,North,6
28443015,476057,19-03-2024,Grocery,Olive Oil 1L,5,852.24,15,4261.22,110.4,181.1,3913.54,UPI,Returned,Express,Website,WELCOME10,East,
28447696,564068,21-10-2024,Books,Business Strategy Book,3,687.45,11,2062.36,116.75,91.78,2044.03,UPI,Delivered,Express,Mobile App,,West,3
28476828,453000,26-07-2025,Books,Fiction Bestseller,3,615.84,6,1847.52,77.22,86.83,1900.72,UPI,Delivered,Standard,Website,FREESHIP,South,5
28488284,311796,24-06-2025,Beauty & Personal Care,Lipstick,1,853.84,16,853.84,45.97,129.1,892.3,Credit Card,Shipped,Standard,Marketplace,WELCOME10,South,
28550872,171842,20-11-2024,Fashion,Backpack,2,2323.71,7,4647.42,76.35,518.65,4917.1,UPI,Shipped,Standard,Mobile App,,West,
28554191,754071,05-09-2025,Fashion,Denim Jeans,1,2575.74,1,2575.74,52.3,306,2908.28,Debit Card,Delivered,Pickup Point,Marketplace,,South,5
28558538,196350,17-07-2025,Electronics,Noise Cancelling Headphones,1,8667.91,2,8667.91,21.3,1529.02,10044.87,UPI,Delivered,Standard,Marketplace,,South,5
28566515,891712,24-10-2025,Grocery,Olive Oil 1L,7,910.1,20,6370.71,36.38,254.83,5387.78,Credit Card,Delivered,Express,Marketplace,,North,3
28580139,934458,06-02-2024,Grocery,Premium Coffee,3,617.33,16,1851.99,137.19,77.78,1770.64,Debit Card,Returned,Express,Website,WELCOME10,North,
28588806,347406,14-03-2025,Fashion,Casual Shirt,2,1726.17,25,3452.35,85.31,310.71,2985.28,Credit Card,Shipped,Standard,Website,,South,
28609886,870085,01-09-2025,Grocery,Premium Coffee,3,696.44,12,2089.31,43,91.93,1973.52,UPI,Delivered,Standard,Mobile App,FREESHIP,South,5
28614602,563963,01-06-2025,Fashion,Cotton T-Shirt,3,839.02,1,2517.05,38.31,299.03,2829.22,Wallet,Delivered,Standard,Mobile App,,South,6
28638741,870688,01-01-2024,Electronics,1080p Webcam,1,3880.56,6,3880.56,0,656.59,4304.32,Wallet,Returned,Standard,Website,,East,
28641438,870085,20-10-2025,Grocery,Organic Rice 5kg,2,687.72,22,1375.43,64.74,53.64,1191.22,UPI,Confirmed,Standard,Website,SAVE20,South,
28691937,922983,19-03-2025,Fashion,Women’s Kurta,2,1565.08,0,3130.15,268.91,375.62,3774.68,UPI,Cancelled,Same Day,Mobile App,,West,
28732544,761245,06-08-2024,Grocery,Organic Rice 5kg,1,744.47,0,744.47,238.79,37.22,1020.48,Credit Card,Delivered,Same Day,Mobile App,,East,1
28736508,870688,22-09-2025,Home & Kitchen,Air Fryer,3,6458.9,6,19376.71,96.04,3278.54,21588.69,UPI,Delivered,Next Day,Website,LOYALTY5,South,2
28741123,644428,30-11-2024,Electronics,Smartwatch,3,5734.02,23,17202.06,7,2384.21,15636.8,Credit Card,Delivered,Pickup Point,Mobile App,WELCOME10,West,5
28750668,726894,05-03-2025,Electronics,1080p Webcam,3,3801.55,6,11404.66,156.18,1929.67,12806.23,UPI,Confirmed,Next Day,Mobile App,SAVE20,South,
28752626,333453,15-11-2025,Beauty & Personal Care,Lipstick,2,808.04,19,1616.07,68.19,235.62,1612.83,UPI,Delivered,Standard,Marketplace,APPONLY10,West,5
28759172,156356,10-08-2024,Grocery,Premium Coffee,3,634.36,21,1903.08,45.97,75.17,1624.57,Credit Card,Shipped,Standard,Mobile App,FESTIVE15,North,
28849752,268660,08-10-2024,Books,Exam Preparation Book,1,1011.51,20,1011.51,30.41,40.46,880.08,Wallet,Delivered,Pickup Point,Website,,Central,5
28907392,111331,14-05-2024,Sports & Fitness,Cricket Bat,1,4530.99,21,4530.99,0,644.31,4223.79,Credit Card,Delivered,Standard,Marketplace,SAVE20,South,5
28941403,621502,15-06-2025,Beauty & Personal Care,Lipstick,3,806.83,1,2420.48,96.82,431.33,2924.43,UPI,Delivered,Express,Marketplace,SAVE20,West,3
28962239,950849,11-12-2025,Electronics,Smartwatch,1,5587.7,13,5587.7,0,875.03,5736.33,Wallet,Delivered,Standard,Website,WELCOME10,Central,5
28983244,311051,17-11-2024,Home & Kitchen,Mixer Grinder,3,5213.82,12,15641.47,216.42,2477.61,16458.52,Credit Card,Processin,Same Day,Mobile App,FESTIVE15,West,
28983902,422755,23-12-2025,Home & Kitchen,Air Fryer,3,6971.26,21,20913.78,3.86,2973.94,19499.69,UPI,Delivered,Pickup Point,Marketplace,,West,7
28998540,979363,24-11-2025,Fashion,Sunglasses,1,1343.39,21,1343.39,67.72,127.35,1256.35,UPI,Delivered,Standard,Website,,North,6
29036197,553176,08-10-2025,Fashion,Hoodie,3,2203.21,5,6609.63,48.8,753.5,7081.45,Credit Card,Delivered,Express,Marketplace,,South,3
29080226,181485,10-07-2024,Fashion,Women’s Kurta,1,1589.38,0,1589.38,155.66,190.73,1935.77,Cash on Delivery,Delivered,Express,Website,,Central,3
29093273,356888,01-10-2024,Beauty & Personal Care,Shampoo,4,743.71,30,2974.85,49.36,374.83,2506.58,Credit Card,Delivered,Standard,Website,SAVE20,South,7
29100327,270432,06-10-2024,Fashion,Cotton T-Shirt,3,858.73,8,2576.19,120.89,284.41,2775.39,Wallet,Delivered,Express,Website,,Central,3
29126714,966122,03-10-2025,Fashion,Cotton T-Shirt,1,922.65,6,922.65,45.5,104.07,1016.86,UPI,Delivered,Standard,Mobile App,,North,5
29152289,351741,01-07-2025,Home & Kitchen,Air Fryer,2,7041.89,5,14083.77,20.68,2408.32,15808.58,Wallet,Delivered,Standard,Mobile App,,Central,5
29166031,981217,30-10-2025,Electronics,Smartwatch,1,6455.37,11,6455.37,13.75,1034.15,6793.18,Credit Card,Delivered,Standard,Marketplace,,South,6
29185439,894122,16-06-2024,Home & Kitchen,Non-Stick Cookware Set,5,5563.82,10,27819.12,8.26,4506.7,29552.17,Credit Card,Delivered,Standard,Website,FREESHIP,North,5
29228720,141597,17-11-2025,Electronics,USB-C Hub,1,2111.14,3,2111.14,97.09,368.61,2513.51,Wallet,Delivered,Express,Website,SAVE20,East,3
29243821,870085,22-07-2025,Electronics,Bluetooth Speaker,2,3046.72,2,6093.45,6.33,1074.88,7052.79,Credit Card,Shipped,Standard,Website,,East,
29259701,267417,30-04-2025,Fashion,Sunglasses,1,1327.93,0,1327.93,27.76,159.35,1515.04,UPI,Shipped,Pickup Point,Mobile App,,West,
29264903,506330,26-02-2025,Beauty & Personal Care,Perfume,2,2459.65,26,4919.3,6.74,655.25,4302.27,Credit Card,Confirmed,Standard,Website,,North,
29268541,603463,22-04-2025,Beauty & Personal Care,Face Serum,1,1270.04,20,1270.04,128.91,182.89,1327.83,Credit Card,Delivered,Express,Website,,Central,3
29268624,746996,24-07-2025,Fashion,Denim Jeans,3,2546.51,10,7639.53,18.81,825.07,7719.46,Net Banking,Delivered,Standard,Website,LOYALTY5,West,5
29278327,677141,09-08-2024,Fashion,Casual Shirt,2,1932.11,21,3864.22,72.41,366.33,3491.47,UPI,Returned,Express,Mobile App,,Central,
29286404,874750,03-09-2024,Sports & Fitness,Cricket Bat,1,4746.72,6,4746.72,4.68,803.15,5269.75,Debit Card,Confirmed,Standard,Mobile App,,West,
29300850,361664,07-06-2025,Fashion,Casual Shirt,2,2077.21,16,4154.42,54.42,418.77,3962.9,Net Banking,Processin,Express,Mobile App,,East,
29317907,939874,22-05-2024,Fashion,Women’s Kurta,1,1666.04,0,1666.04,197.86,199.92,2063.82,UPI,Returned,Next Day,Mobile App,,North,
29319505,377801,15-01-2025,Grocery,Protein Cereal,4,620.42,5,2481.7,93.33,117.88,2568.83,Wallet,Delivered,Express,Website,,South,3
29329360,125726,13-08-2025,Fashion,Denim Jeans,1,2548.2,5,2548.2,41.58,290.49,2752.86,UPI,Delivered,Pickup Point,Website,,East,5
29376724,663897,11-11-2024,Books,Personal Finance Guide,3,785.32,2,2355.95,46.85,115.44,2471.12,Cash on Delivery,Delivered,Pickup Point,Marketplace,SAVE20,West,5
29413302,350814,05-08-2025,Home & Kitchen,Bedsheet Set,2,1826.49,21,3652.97,80.29,519.45,3485.59,UPI,Shipped,Standard,Website,SAVE20,Central,
29415070,192967,21-12-2024,Grocery,Protein Cereal,2,595.14,12,1190.27,42.6,52.37,1142.41,Credit Card,Delivered,Standard,Mobile App,,South,5
29423104,981552,03-02-2025,Electronics,Smartwatch,1,6071.31,11,6071.31,46.8,972.62,6422.89,UPI,Delivered,Standard,Website,FREESHIP,North,5
29451864,277727,25-06-2025,Grocery,Snack Assortment,2,517.22,26,1034.43,66.8,38.27,870.55,UPI,Delivered,Standard,Website,,West,5
29485451,351953,13-02-2025,Books,Exam Preparation Book,2,991.91,10,1983.81,21.93,89.27,1896.63,UPI,Delivered,Pickup Point,Mobile App,LOYALTY5,South,5
29489548,456102,05-02-2024,Electronics,Noise Cancelling Headphones,1,8693.51,21,8693.51,19.59,1236.22,8123.68,Credit Card,Delivered,Standard,Mobile App,,West,6
29492108,890771,29-01-2024,Books,Exam Preparation Book,2,1038.22,15,2076.43,68.09,88.25,1921.31,UPI,Delivered,Standard,Mobile App,FREESHIP,Central,5
29527634,569778,23-11-2025,Beauty & Personal Care,Face Serum,3,1308.27,13,3924.82,0,614.63,4029.22,UPI,Delivered,Standard,Website,,Central,5
29545385,368474,09-09-2024,Home & Kitchen,Air Fryer,1,6966.5,11,6966.5,15.63,1116.03,7331.84,Wallet,Cancelled,Standard,Mobile App,,South,
29560119,450368,05-06-2024,Home & Kitchen,Table Lamp,1,1468.58,0,1468.58,58.65,264.34,1791.57,Credit Card,Delivered,Standard,Mobile App,WELCOME10,East,5
29560358,303829,13-11-2025,Electronics,Bluetooth Speaker,1,3552.93,13,3552.93,30.55,556.39,3677.99,UPI,Processin,Standard,Website,SAVE20,South,
29594443,248381,24-01-2025,Electronics,Bluetooth Speaker,2,3032.97,1,6065.94,61.21,1080.95,7147.44,UPI,Delivered,Express,Website,FESTIVE15,East,3
29603253,156356,22-10-2025,Fashion,Women’s Kurta,2,1562.74,13,3125.49,49.49,326.3,3094.97,Credit Card,Shipped,Standard,Mobile App,SAVE20,South,
29632690,672689,15-09-2025,Beauty & Personal Care,Face Serum,4,1290.57,25,5162.28,104.22,696.91,4672.84,UPI,Delivered,Express,Marketplace,,West,3
29639768,252391,08-03-2025,Beauty & Personal Care,Face Serum,1,1494.51,10,1494.51,232.95,242.11,1820.12,Credit Card,Confirmed,Same Day,Marketplace,SAVE20,Central,
29641403,388158,18-04-2025,Sports & Fitness,Fitness Resistance Bands,5,965.93,16,4829.64,14.14,730.24,4801.28,UPI,Delivered,Standard,Mobile App,,North,6
29664682,974498,02-04-2025,Grocery,Dry Fruits 500g,3,864.63,6,2593.9,96.91,121.91,2657.09,Credit Card,Delivered,Express,Mobile App,LOYALTY5,West,3
29676366,457808,14-11-2024,Electronics,Power Bank,1,1476.3,10,1476.3,115.23,239.16,1683.06,UPI,Delivered,Express,Website,FESTIVE15,West,3
29684132,457808,27-02-2025,Electronics,Noise Cancelling Headphones,2,9268.86,0,18537.71,0,3336.79,21874.5,UPI,Shipped,Standard,Website,,West,
29685621,766905,18-10-2024,Electronics,Noise Cancelling Headphones,3,8463.65,7,25390.96,9.65,4250.45,27873.69,UPI,Delivered,Standard,Website,,North,5
29702824,857238,28-11-2024,Beauty & Personal Care,Shampoo,3,627.1,3,1881.3,67.83,328.47,2221.16,Cash on Delivery,Processin,Standard,Website,,North,
29735780,224962,16-08-2025,Electronics,Smartwatch,3,6243.93,6,18731.78,18.21,3169.42,20795.5,UPI,Processin,Standard,Mobile App,WELCOME10,Central,
29737557,810253,17-07-2024,Fashion,Hoodie,2,2104.82,10,4209.64,121.57,454.64,4364.89,UPI,Delivered,Express,Website,FREESHIP,South,3
29739808,210014,15-02-2025,Books,Exam Preparation Book,6,973.17,0,5839.04,39.35,291.95,6170.34,UPI,Delivered,Standard,Mobile App,FREESHIP,Central,5
29743326,351741,16-03-2025,Books,Cookbook,5,749.44,5,3747.2,35.07,177.99,3772.9,UPI,Returned,Standard,Marketplace,LOYALTY5,West,
29756354,704565,20-04-2024,Home & Kitchen,Electric Kettle,1,2044.55,15,2044.55,73.84,312.82,2124.53,Net Banking,Delivered,Express,Mobile App,,West,5
29769979,504871,04-12-2025,Electronics,Mechanical Keyboard,1,4402.06,5,4402.06,83.21,752.75,5017.92,Wallet,Shipped,Express,Website,,South,
29783968,939874,14-11-2025,Home & Kitchen,Table Lamp,2,1299.51,15,2599.02,121.68,397.65,2728.5,Credit Card,Returned,Express,Mobile App,FESTIVE15,West,
29806508,377152,31-08-2024,Home & Kitchen,Non-Stick Cookware Set,2,6162.22,10,12324.44,105.15,1996.56,13193.71,UPI,Delivered,Express,Website,LOYALTY5,North,3
29839370,744677,14-08-2025,Sports & Fitness,Cricket Bat,3,4215.1,16,12645.31,64.36,1911.97,12598.39,Cash on Delivery,Returned,Express,Marketplace,,North,
29861200,981217,28-05-2025,Electronics,Mechanical Keyboard,3,4799.06,21,14397.19,108.15,2047.28,13529.21,Credit Card,Shipped,Express,Mobile App,FREESHIP,West,
29862010,468547,23-04-2025,Electronics,Power Bank,4,1537.26,5,6149.03,48.17,1051.48,6941.23,UPI,Delivered,Standard,Website,,Central,5
29867054,491942,09-08-2025,Books,Data Analytics Handbook,5,923.63,21,4618.17,12.78,182.42,3843.55,Debit Card,Cancelled,Standard,Mobile App,FESTIVE15,West,
29899241,729967,31-10-2025,Electronics,Smartwatch,1,5823.73,1,5823.73,85.17,1037.79,6888.45,UPI,Confirmed,Express,Mobile App,,North,
29954234,919884,07-10-2025,Sports & Fitness,Sports Shoes,1,3104.07,1,3104.07,27.36,553.15,3653.54,Net Banking,Returned,Standard,Website,WELCOME10,South,
29963009,615369,22-12-2024,Fashion,Hoodie,3,2229.68,5,6689.05,11.5,762.55,7128.65,UPI,Shipped,Standard,Website,,Central,
29984155,543384,12-10-2025,Home & Kitchen,Non-Stick Cookware Set,1,5706.4,8,5706.4,0,944.98,6194.87,Credit Card,Shipped,Standard,Marketplace,,South,
30018441,268660,05-06-2025,Home & Kitchen,Water Bottle,1,1132.54,15,1132.54,82.95,173.28,1218.89,Credit Card,Delivered,Standard,Marketplace,,North,5
30072667,554476,16-12-2024,Sports & Fitness,Yoga Mat,2,1338,1,2676,80.75,476.86,3206.85,UPI,Delivered,Standard,Mobile App,FESTIVE15,West,5
30076249,950712,01-12-2025,Home & Kitchen,Non-Stick Cookware Set,2,5765.48,13,11530.97,82.48,1805.75,11920.17,Wallet,Shipped,Express,Mobile App,,West,
30090356,761740,24-05-2024,Electronics,Bluetooth Speaker,5,3303.72,6,16518.62,249.2,2794.95,18571.65,Net Banking,Delivered,Same Day,Website,,South,1
30095626,939874,22-11-2025,Books,Personal Finance Guide,1,738.86,20,738.86,45.17,29.55,665.81,Net Banking,Delivered,Standard,Mobile App,SAVE20,North,7
30122259,918157,23-03-2024,Home & Kitchen,Bedsheet Set,1,1753.87,1,1753.87,213.29,312.54,2262.16,UPI,Delivered,Next Day,Website,,North,2
30124678,634593,11-06-2024,Electronics,Wireless Earbuds,2,2836.41,25,5672.82,102.43,765.83,5122.88,Credit Card,Delivered,Express,Website,,Central,3
30151169,812288,19-05-2024,Electronics,USB-C Hub,3,2253.82,6,6761.47,23.82,1144.04,7523.64,Net Banking,Delivered,Standard,Website,,North,5
30178696,698839,12-03-2025,Beauty & Personal Care,Sunscreen SPF 50,4,878.18,5,3512.73,60.85,600.68,3998.62,UPI,Delivered,Express,Mobile App,,South,3
30178896,900389,30-08-2024,Fashion,Sunglasses,2,1393.54,16,2787.08,97.91,280.94,2720,Debit Card,Delivered,Express,Website,,Central,3
30197066,371899,21-04-2024,Fashion,Sunglasses,3,1239.7,15,3719.1,14.07,379.35,3554.66,Credit Card,Delivered,Standard,Website,APPONLY10,West,5
30225818,882469,11-05-2025,Grocery,Snack Assortment,3,511.89,11,1535.68,48.68,68.34,1483.78,Credit Card,Delivered,Standard,Mobile App,,West,5
30258851,572156,26-04-2024,Home & Kitchen,Water Bottle,1,993.5,0,993.5,112.9,178.83,1285.23,Debit Card,Delivered,Express,Marketplace,,South,4
30298712,674785,20-10-2025,Beauty & Personal Care,Shampoo,2,709.25,18,1418.5,77.83,209.37,1450.37,Wallet,Delivered,Standard,Marketplace,,Central,5
30317929,491942,06-04-2025,Sports & Fitness,Cricket Bat,2,4206.9,16,8413.81,30.84,1272.17,8370.61,Debit Card,Delivered,Standard,Website,,West,5
30320369,722085,19-03-2025,Electronics,1080p Webcam,2,4155.05,26,8310.1,16.25,1106.9,7272.62,Credit Card,Delivered,Standard,Mobile App,WELCOME10,East,5
30329777,266892,30-06-2024,Electronics,Noise Cancelling Headphones,1,8567.1,5,8567.1,29.42,1464.97,9633.13,Debit Card,Delivered,Standard,Mobile App,LOYALTY5,North,5
30330493,218174,02-03-2024,Grocery,Protein Cereal,1,633.79,1,633.79,58.94,31.37,717.76,Net Banking,Returned,Standard,Marketplace,,West,
30344734,682946,28-11-2025,Beauty & Personal Care,Shampoo,3,693.9,2,2081.71,52.81,367.21,2460.1,Credit Card,Delivered,Standard,Mobile App,,South,5
30462275,784248,08-09-2025,Fashion,Sunglasses,1,1369.2,22,1369.2,74.02,128.16,1270.16,Net Banking,Returned,Standard,Mobile App,,West,
30475271,930111,16-10-2025,Books,Cookbook,1,807.34,2,807.34,63.97,39.56,894.72,Debit Card,Delivered,Standard,Website,,Central,5
30476063,315327,11-11-2025,Home & Kitchen,Bedsheet Set,2,2218.55,17,4437.09,49.5,662.9,4395.18,Cash on Delivery,Delivered,Express,Website,APPONLY10,South,3
30476951,930111,04-04-2025,Home & Kitchen,Storage Organizer,2,992.01,0,1984.03,154.71,357.13,2495.87,Net Banking,Delivered,Next Day,Website,,South,2
30505951,598862,30-09-2024,Home & Kitchen,Storage Organizer,4,864.74,15,3458.95,118.91,529.22,3588.24,Debit Card,Delivered,Express,Mobile App,SAVE20,South,3
30523452,870085,07-12-2024,Sports & Fitness,Yoga Mat,1,1262.4,22,1262.4,28.63,177.24,1190.54,Credit Card,Shipped,Pickup Point,Website,APPONLY10,South,
30559007,692670,18-08-2024,Fashion,Hoodie,2,1958.25,5,3916.51,36.47,446.48,4203.63,Credit Card,Delivered,Standard,Website,,East,7
30573298,717362,12-10-2025,Fashion,Casual Shirt,2,1846.69,22,3693.38,94.22,345.7,3320.76,Wallet,Delivered,Standard,Website,FESTIVE15,West,5
30587664,701235,16-07-2025,Fashion,Casual Shirt,3,1729.39,5,5188.18,0,591.45,5520.22,Credit Card,Delivered,Pickup Point,Website,WELCOME10,West,5
30605449,834029,11-01-2024,Home & Kitchen,Non-Stick Cookware Set,1,6080.95,6,6080.95,32.62,1028.9,6777.61,UPI,Shipped,Standard,Marketplace,,South,
30615644,357712,16-08-2024,Fashion,Casual Shirt,1,1678.49,15,1678.49,46.41,171.21,1644.34,Net Banking,Delivered,Pickup Point,Mobile App,,North,5
30625734,594362,07-07-2025,Home & Kitchen,Bedsheet Set,1,1732.81,0,1732.81,61.05,311.91,2105.77,Credit Card,Delivered,Standard,Website,FESTIVE15,West,5
30657047,754071,28-12-2025,Fashion,Running Shoes,3,3964.41,11,11893.22,0,1270.2,11855.17,Net Banking,Confirmed,Standard,Marketplace,,West,
30657312,396652,24-03-2025,Fashion,Running Shoes,4,3585.4,1,14341.62,32.85,1703.78,15934.83,Debit Card,Cancelled,Standard,Mobile App,,North,
30693946,682522,27-07-2024,Home & Kitchen,Bedsheet Set,2,1979.49,0,3958.98,45.02,712.62,4716.62,Cash on Delivery,Delivered,Standard,Mobile App,FESTIVE15,West,5
30716703,477682,16-03-2025,Grocery,Olive Oil 1L,2,879.25,16,1758.49,35.24,73.86,1586.23,Credit Card,Delivered,Standard,Website,WELCOME10,North,6
30718694,973551,22-09-2025,Sports & Fitness,Fitness Resistance Bands,3,1038.22,0,3114.66,13.85,560.64,3689.15,Net Banking,Returned,Standard,Website,FREESHIP,North,
30720377,798962,08-07-2024,Home & Kitchen,Mixer Grinder,5,5135.76,1,25678.82,65.85,4575.97,30063.85,Debit Card,Shipped,Standard,Marketplace,,West,
30755537,192285,22-04-2024,Electronics,Mechanical Keyboard,3,4741.04,15,14223.11,16.78,2176.14,14282.56,UPI,Shipped,Standard,Website,SAVE20,South,
30766746,864641,18-10-2024,Fashion,Casual Shirt,1,1618.52,2,1618.52,62.59,190.34,1839.08,Wallet,Confirmed,Standard,Website,SAVE20,North,
30809007,523351,14-09-2024,Grocery,Olive Oil 1L,2,807.18,11,1614.37,188.43,71.84,1697.06,Cash on Delivery,Delivered,Next Day,Mobile App,FESTIVE15,West,2
30823066,360097,17-02-2024,Fashion,Women’s Kurta,3,1541.59,6,4624.78,36.51,521.67,4905.47,Credit Card,Delivered,Standard,Website,,West,5
30843083,311051,02-10-2025,Fashion,Casual Shirt,3,1768.46,22,5305.39,7.3,496.58,4642.08,Wallet,Delivered,Standard,Marketplace,,Central,5
30857692,624815,24-10-2025,Home & Kitchen,Electric Kettle,1,2343.55,18,2343.55,72.19,345.91,2339.81,UPI,Delivered,Standard,Mobile App,WELCOME10,South,5
30873954,568630,16-09-2024,Fashion,Women’s Kurta,2,1458.75,21,2917.5,111.22,276.58,2692.63,Debit Card,Delivered,Express,Mobile App,FESTIVE15,South,3
30878610,319368,07-05-2025,Home & Kitchen,Air Fryer,3,6780.05,10,20340.16,100.08,3295.11,21701.33,Credit Card,Delivered,Express,Website,,South,3
30884280,751689,27-01-2025,Fashion,Cotton T-Shirt,1,889.79,11,889.79,141.64,95.03,1028.58,Wallet,Delivered,Next Day,Mobile App,FREESHIP,Central,2
30897442,304920,16-02-2024,Home & Kitchen,Non-Stick Cookware Set,2,6438.34,21,12876.68,60.65,1831.06,12064.29,Net Banking,Delivered,Express,Website,,East,3
30911377,192285,02-01-2025,Fashion,Denim Jeans,1,2627.76,10,2627.76,72.73,283.8,2721.51,UPI,Cancelled,Standard,Website,,Central,
30911652,784248,14-01-2024,Home & Kitchen,Mixer Grinder,3,5171.24,17,15513.71,61.18,2317.75,15255.31,Debit Card,Delivered,Express,Marketplace,,West,3
30918682,224962,11-08-2025,Electronics,Mechanical Keyboard,3,4699.71,11,14099.13,57.61,2258.68,14864.52,UPI,Shipped,Express,Marketplace,,South,
30989153,744824,08-12-2024,Fashion,Backpack,2,2494.42,15,4988.85,0,508.86,4749.38,Wallet,Delivered,Standard,Mobile App,FREESHIP,South,5
31015764,634784,06-06-2025,Electronics,USB-C Hub,2,2113.49,10,4226.98,141.18,684.77,4630.23,Credit Card,Delivered,Next Day,Mobile App,,Central,2
31065736,753025,07-10-2024,Fashion,Women’s Kurta,2,1639.61,3,3279.22,70.19,381.7,3632.73,Debit Card,Delivered,Express,Website,,South,3
31077237,706543,08-07-2024,Books,Data Analytics Handbook,4,989.89,11,3959.57,2.48,176.2,3702.7,Debit Card,Shipped,Standard,Marketplace,,West,
31088177,721822,26-05-2025,Home & Kitchen,Mixer Grinder,1,4919.22,11,4919.22,70.71,788.06,5236.88,UPI,Delivered,Standard,Mobile App,,West,5
31103115,402445,13-08-2025,Sports & Fitness,Cricket Bat,1,4590.83,1,4590.83,194.47,818.09,5557.48,Debit Card,Delivered,Same Day,Mobile App,APPONLY10,Central,1
31159545,538513,17-01-2024,Fashion,Backpack,2,2437.21,6,4874.41,0,549.83,5131.78,Debit Card,Delivered,Standard,Mobile App,FREESHIP,East,5
31179625,595211,24-12-2025,Books,Business Strategy Book,2,682.52,28,1365.05,102.35,49.14,1134.33,Net Banking,Delivered,Express,Mobile App,,Central,3
31216078,468547,23-09-2024,Beauty & Personal Care,Face Serum,2,1368.23,5,2736.47,265.22,467.94,3332.81,UPI,Confirmed,Next Day,Mobile App,WELCOME10,East,
31234078,435017,31-07-2025,Electronics,Wireless Earbuds,1,2476.2,1,2476.2,63.68,441.26,2956.38,Credit Card,Delivered,Standard,Mobile App,,West,5
31267265,672034,17-12-2025,Fashion,Running Shoes,1,4363.78,10,4363.78,67.4,471.29,4466.09,Credit Card,Delivered,Express,Website,,South,3
31275510,784248,04-07-2024,Home & Kitchen,Storage Organizer,1,830.82,2,830.82,105.6,146.56,1066.36,Debit Card,Delivered,Standard,Mobile App,FREESHIP,North,5
31336840,496352,25-12-2025,Books,Exam Preparation Book,2,1032.56,16,2065.12,56.55,86.74,1877.99,UPI,Shipped,Standard,Marketplace,,South,
31344383,907468,29-05-2025,Fashion,Sunglasses,3,1318.39,10,3955.17,21.79,427.16,4008.6,Credit Card,Delivered,Standard,Mobile App,,East,7
31377118,966122,22-04-2024,Electronics,Noise Cancelling Headphones,1,9190.1,1,9190.1,71.4,1637.68,10807.28,Credit Card,Delivered,Express,Website,FREESHIP,North,3
31387926,666114,16-12-2025,Fashion,Running Shoes,2,4063.21,2,8126.42,0,955.67,8919.56,UPI,Delivered,Pickup Point,Marketplace,,East,5
31392142,243325,01-12-2025,Beauty & Personal Care,Shampoo,1,654.55,21,654.55,55.43,93.08,665.6,Cash on Delivery,Delivered,Standard,Marketplace,SAVE20,West,5
31404425,111790,07-11-2025,Beauty & Personal Care,Perfume,2,2569.48,5,5138.97,0,878.76,5760.78,Debit Card,Delivered,Standard,Website,,South,5
31421507,453000,03-09-2025,Electronics,Wireless Earbuds,2,2727.44,6,5454.89,112.75,922.97,6163.32,Wallet,Delivered,Next Day,Mobile App,LOYALTY5,West,2
31464575,371899,13-03-2025,Electronics,1080p Webcam,1,3898.85,10,3898.85,0,631.61,4140.58,UPI,Delivered,Express,Website,FREESHIP,Central,4
31488251,929215,25-08-2025,Home & Kitchen,Air Fryer,2,6705.3,10,13410.61,54.8,2172.52,14296.87,UPI,Delivered,Express,Mobile App,LOYALTY5,South,3
31501300,398690,09-11-2025,Home & Kitchen,Bedsheet Set,1,1724.07,16,1724.07,32.68,260.68,1741.58,UPI,Delivered,Pickup Point,Website,,West,5
31517744,617518,07-11-2025,Fashion,Sunglasses,2,1368.99,6,2737.99,94.92,308.85,2977.48,UPI,Delivered,Express,Marketplace,,Central,4
31536658,513429,05-08-2025,Fashion,Running Shoes,2,4189.06,1,8378.13,175.56,995.32,9465.23,UPI,Delivered,Next Day,Mobile App,FREESHIP,South,2
31539525,602868,04-04-2024,Fashion,Cotton T-Shirt,2,896.05,16,1792.09,72,180.64,1758,UPI,Shipped,Standard,Mobile App,,North,
31544008,949521,30-01-2024,Home & Kitchen,Electric Kettle,3,1972.65,11,5917.95,0,948.06,6215.04,Credit Card,Delivered,Pickup Point,Website,APPONLY10,South,5
31573043,942621,08-02-2024,Grocery,Protein Cereal,4,646.36,11,2585.42,63.96,115.05,2480.03,Credit Card,Delivered,Standard,Website,FESTIVE15,West,6
31590317,707613,13-11-2025,Electronics,Smartwatch,5,6006.33,6,30031.67,0,5081.36,33311.13,UPI,Delivered,Pickup Point,Website,LOYALTY5,West,5
31606637,420820,21-10-2025,Home & Kitchen,Air Fryer,2,7221.84,15,14443.67,39.16,2209.88,14526.16,UPI,Returned,Standard,Mobile App,,West,
31608313,371899,13-01-2025,Electronics,Bluetooth Speaker,3,3029.83,10,9089.49,1.15,1472.5,9654.19,Credit Card,Delivered,Pickup Point,Marketplace,,East,5
31615744,950849,14-01-2024,Electronics,Bluetooth Speaker,1,3245.79,16,3245.79,56.3,490.76,3273.52,Wallet,Delivered,Standard,Website,APPONLY10,North,5
31630141,568630,25-07-2024,Home & Kitchen,Storage Organizer,2,924.63,6,1849.25,119.36,312.89,2170.54,UPI,Shipped,Express,Website,WELCOME10,Central,
31638551,458160,24-02-2025,Electronics,Mechanical Keyboard,2,4468.21,16,8936.43,0,1351.19,8857.79,UPI,Delivered,Standard,Website,,East,6
31653527,348796,31-03-2025,Books,Exam Preparation Book,4,963.74,5,3854.96,23.49,183.11,3868.81,Cash on Delivery,Delivered,Express,Mobile App,,South,3
31661994,610714,29-08-2025,Beauty & Personal Care,Shampoo,3,708.07,0,2124.22,118.42,382.36,2625,UPI,Delivered,Express,Website,SAVE20,South,3
31662244,529767,27-02-2025,Grocery,Snack Assortment,4,491.36,16,1965.44,70.86,82.55,1804.38,Net Banking,Delivered,Standard,Website,,East,5
31726703,505043,07-12-2025,Home & Kitchen,Air Fryer,2,7003.76,5,14007.52,0,2395.29,15702.43,Credit Card,Processin,Pickup Point,Mobile App,,South,
31732616,543715,13-12-2024,Beauty & Personal Care,Moisturizer,3,756.94,8,2270.82,196.93,376.05,2662.13,Debit Card,Delivered,Next Day,Website,LOYALTY5,South,2
31737007,284383,16-10-2025,Fashion,Casual Shirt,3,1672.66,6,5017.97,50.49,566.03,5333.41,Debit Card,Cancelled,Standard,Mobile App,,West,
31745569,447552,16-05-2025,Sports & Fitness,Gym Bag,2,1909.74,16,3819.47,73.97,577.5,3859.82,UPI,Delivered,Express,Website,FESTIVE15,West,3
31774491,732254,06-10-2024,Books,Fiction Bestseller,2,640.24,2,1280.48,201.7,62.74,1519.31,Cash on Delivery,Delivered,Next Day,Website,FESTIVE15,South,2
31804697,453000,27-01-2025,Fashion,Hoodie,1,2289.61,1,2289.61,70.06,272.01,2608.78,Credit Card,Delivered,Standard,Website,,South,5
31816408,170738,03-08-2024,Books,Business Strategy Book,3,789.75,20,2369.25,76.08,94.77,2066.25,UPI,Delivered,Standard,Website,,South,5
31850866,889358,09-12-2025,Home & Kitchen,Electric Kettle,1,2045.09,10,2045.09,119.75,331.3,2291.63,UPI,Delivered,Express,Mobile App,,Central,3
31861402,900979,27-06-2025,Home & Kitchen,Mixer Grinder,1,4752.74,6,4752.74,30.1,804.16,5301.84,Credit Card,Delivered,Standard,Mobile App,,East,5
31948908,214736,03-07-2024,Fashion,Hoodie,2,2257.05,10,4514.09,11.55,487.52,4561.75,Wallet,Delivered,Pickup Point,Mobile App,,Central,5
31951634,521449,23-02-2025,Sports & Fitness,Fitness Resistance Bands,1,977.82,20,977.82,253.53,140.81,1176.6,Debit Card,Delivered,Same Day,Website,,South,1
31971632,672334,16-03-2024,Electronics,Mechanical Keyboard,1,4072.08,15,4072.08,137.81,623.03,4222.11,Credit Card,Processin,Next Day,Website,,Central,
31992204,784248,02-07-2025,Grocery,Snack Assortment,2,525.51,17,1051.01,141.16,43.62,1057.12,Credit Card,Cancelled,Next Day,Mobile App,,South,
32002726,685812,11-01-2024,Sports & Fitness,Cricket Bat,3,4458.08,16,13374.23,37.76,2022.18,13294.29,UPI,Delivered,Standard,Mobile App,LOYALTY5,North,5
32025645,671302,18-11-2024,Books,Exam Preparation Book,1,1006.21,10,1006.21,246.24,45.28,1197.11,Debit Card,Delivered,Same Day,Mobile App,,South,1
32035346,136962,06-12-2024,Books,Business Strategy Book,3,750.32,5,2250.96,77.08,106.92,2322.41,Debit Card,Delivered,Standard,Website,,South,5
32039935,761245,18-06-2025,Fashion,Denim Jeans,3,2390.49,5,7171.46,0,817.55,7630.44,Credit Card,Delivered,Standard,Mobile App,,East,5
32041193,377531,27-04-2025,Home & Kitchen,Bedsheet Set,1,1833.93,6,1833.93,156.04,310.3,2190.23,Cash on Delivery,Delivered,Next Day,Mobile App,,North,2
32064163,333453,06-09-2024,Electronics,Power Bank,2,1651.32,7,3302.63,227.47,552.86,3851.78,UPI,Delivered,Same Day,Mobile App,FESTIVE15,South,1
32077275,717362,25-09-2024,Beauty & Personal Care,Lipstick,5,842.8,10,4214.02,18.4,682.67,4493.69,UPI,Delivered,Standard,Mobile App,FREESHIP,South,5
32081017,196350,16-07-2024,Grocery,Snack Assortment,5,476.4,2,2382,25.63,116.72,2476.71,Credit Card,Delivered,Pickup Point,Website,,North,5
32082238,603463,06-07-2025,Beauty & Personal Care,Lipstick,1,800.89,5,800.89,42.51,136.95,940.31,UPI,Delivered,Standard,Mobile App,,South,5
32089705,693788,01-08-2025,Beauty & Personal Care,Face Serum,3,1214.91,15,3644.74,22.02,557.65,3677.7,Debit Card,Delivered,Standard,Marketplace,,North,5
32143508,882469,20-05-2025,Fashion,Running Shoes,2,3966.28,11,7932.56,0,847.2,7907.18,UPI,Delivered,Standard,Marketplace,,West,5
32147643,537897,06-07-2024,Fashion,Cotton T-Shirt,4,859.89,0,3439.57,45.83,412.75,3898.15,UPI,Delivered,Standard,Mobile App,,South,5
32161249,671644,27-07-2025,Sports & Fitness,Sports Shoes,2,3354.99,7,6709.98,23.91,1123.25,7387.44,Net Banking,Delivered,Express,Website,,South,3
32185592,614894,03-07-2025,Beauty & Personal Care,Hair Dryer,3,2773.97,0,8321.92,57.26,1497.95,9877.13,Credit Card,Delivered,Express,Website,,West,3
32196670,917605,25-04-2024,Fashion,Backpack,2,2311.33,0,4622.66,19.11,554.72,5196.49,UPI,Delivered,Standard,Marketplace,,South,7
32214280,446115,04-10-2025,Electronics,1080p Webcam,3,3769.79,10,11309.37,50.19,1832.12,12060.74,UPI,Delivered,Express,Website,LOYALTY5,East,3
32226341,753025,15-05-2025,Electronics,Noise Cancelling Headphones,1,8752.4,11,8752.4,0,1402.14,9191.78,UPI,Delivered,Standard,Website,,West,5
32230729,820962,14-09-2025,Home & Kitchen,Air Fryer,2,6676.46,11,13352.92,72.18,2139.14,14095.42,Credit Card,Delivered,Express,Website,,East,3
32249927,251505,10-10-2025,Beauty & Personal Care,Perfume,3,2394.81,3,7184.43,0,1254.4,8223.3,Net Banking,Cancelled,Standard,Mobile App,,North,
32273233,945783,16-05-2024,Electronics,USB-C Hub,1,2131.66,15,2131.66,55.22,326.14,2193.27,UPI,Delivered,Standard,Marketplace,,North,5
32274784,192903,07-08-2024,Beauty & Personal Care,Moisturizer,2,841.9,16,1683.79,49.86,254.59,1718.83,Debit Card,Delivered,Pickup Point,Marketplace,,South,5
32294948,844808,21-07-2025,Home & Kitchen,Non-Stick Cookware Set,3,5939.22,11,17817.65,25.49,2854.39,18737.59,Credit Card,Cancelled,Standard,Mobile App,,South,
32296179,754071,10-05-2025,Books,Data Analytics Handbook,2,895.23,26,1790.46,117.16,66.25,1508.35,UPI,Shipped,Standard,Mobile App,WELCOME10,Central,
32326634,686303,05-08-2024,Fashion,Hoodie,1,2135.12,16,2135.12,90.14,215.22,2098.86,Credit Card,Delivered,Standard,Website,,South,5
32342781,504871,12-08-2024,Home & Kitchen,Non-Stick Cookware Set,1,5636.54,5,5636.54,32.99,963.85,6351.55,UPI,Returned,Standard,Mobile App,FESTIVE15,West,
32356417,106711,13-06-2025,Electronics,Bluetooth Speaker,4,3150.65,15,12602.61,12.41,1928.2,12652.83,UPI,Delivered,Standard,Marketplace,,West,5
32382002,290732,10-03-2025,Home & Kitchen,Bedsheet Set,2,1963.16,25,3926.32,189.55,530.05,3664.34,UPI,Shipped,Next Day,Website,LOYALTY5,South,
32389556,694959,16-03-2025,Beauty & Personal Care,Face Serum,4,1366.39,11,5465.56,28.88,875.58,5768.81,Net Banking,Delivered,Standard,Mobile App,FESTIVE15,Central,5
32390870,666114,29-09-2025,Electronics,Power Bank,2,1787.99,0,3575.97,42.24,643.67,4261.88,Wallet,Delivered,Standard,Mobile App,,West,5
32420877,930111,10-10-2025,Beauty & Personal Care,Face Serum,1,1242.18,25,1242.18,47.17,167.7,1146.51,Credit Card,Delivered,Standard,Website,SAVE20,West,5
32437688,691791,12-03-2024,Home & Kitchen,Air Fryer,3,7304.99,16,21914.97,67.29,3313.54,21789.4,Debit Card,Delivered,Express,Mobile App,,West,3
32443991,966122,17-02-2025,Books,Business Strategy Book,3,570.85,11,1712.54,94.63,76.21,1695,Credit Card,Delivered,Express,Mobile App,FREESHIP,South,3
32457311,834029,31-01-2024,Electronics,Power Bank,1,1512.05,11,1512.05,183.94,242.23,1771.89,Net Banking,Delivered,Next Day,Mobile App,,West,2
32464390,479554,30-07-2025,Sports & Fitness,Gym Bag,1,1736.24,10,1736.24,78.27,281.27,1922.16,Credit Card,Delivered,Standard,Website,,South,5
32486035,967182,10-11-2025,Fashion,Women’s Kurta,2,1645.28,18,3290.55,45.01,323.79,3067.05,Debit Card,Delivered,Standard,Mobile App,,Central,5
32487863,333453,04-12-2024,Sports & Fitness,Cricket Bat,3,4614.55,14,13843.66,0,2143,14048.55,Debit Card,Delivered,Standard,Website,,North,5
32489367,754071,12-01-2024,Home & Kitchen,Mixer Grinder,1,5232.87,1,5232.87,35.8,932.5,6148.84,Net Banking,Cancelled,Standard,Marketplace,SAVE20,North,
32536393,525353,22-11-2025,Beauty & Personal Care,Hair Dryer,4,2915.82,1,11663.27,95.76,2078.4,13720.8,Debit Card,Delivered,Express,Mobile App,,West,3
32549486,784248,25-02-2025,Electronics,USB-C Hub,2,2245,12,4490.01,0,711.22,4662.43,Credit Card,Delivered,Standard,Website,WELCOME10,Central,5
32558437,506330,17-07-2025,Home & Kitchen,Water Bottle,1,1102.45,11,1102.45,77.82,176.61,1235.61,UPI,Delivered,Express,Mobile App,,South,3
32602069,421462,08-12-2024,Home & Kitchen,Non-Stick Cookware Set,1,5696.1,2,5696.1,211.58,1004.79,6798.55,Debit Card,Delivered,Same Day,Website,,North,3
32611146,390210,15-03-2025,Fashion,Sunglasses,4,1250.07,11,5000.27,21.37,534.03,5005.64,UPI,Delivered,Standard,Marketplace,,South,5
32625400,744677,19-09-2024,Beauty & Personal Care,Lipstick,2,744.19,1,1488.37,45.34,265.23,1784.06,Net Banking,Delivered,Standard,Marketplace,FESTIVE15,South,5
32631025,784248,05-07-2024,Sports & Fitness,Yoga Mat,3,1231.25,22,3693.75,54.04,518.6,3453.77,UPI,Delivered,Standard,Mobile App,,East,5
32636646,982501,02-04-2025,Electronics,Bluetooth Speaker,2,3164.11,10,6328.22,32.51,1025.17,6753.08,UPI,Delivered,Express,Website,,North,5
32648218,319368,29-03-2025,Fashion,Denim Jeans,1,2331.74,0,2331.74,200.02,279.81,2811.57,Debit Card,Delivered,Next Day,Website,,East,2
32649760,505043,03-12-2024,Beauty & Personal Care,Face Serum,3,1255.17,15,3765.52,29.76,576.12,3806.57,Credit Card,Delivered,Express,Marketplace,,Central,5
32658276,315098,15-01-2024,Books,Fiction Bestseller,2,628.59,0,1257.18,86.97,62.86,1407.01,UPI,Shipped,Express,Website,,West,
32697930,726019,15-01-2025,Electronics,Mechanical Keyboard,1,5015.44,16,5015.44,265.02,758.33,5236.32,Credit Card,Delivered,Next Day,Website,FREESHIP,South,2
32712553,982086,23-12-2024,Sports & Fitness,Cricket Bat,1,4134.21,16,4134.21,200.14,625.09,4297.97,Debit Card,Delivered,Next Day,Mobile App,,West,2
32720536,469900,23-05-2025,Electronics,Power Bank,2,1630.12,16,3260.24,53.2,492.95,3284.75,Credit Card,Delivered,Standard,Marketplace,WELCOME10,South,6
32728700,967182,12-03-2025,Electronics,Noise Cancelling Headphones,2,10222.99,11,20445.99,13.03,3275.45,21485.41,UPI,Delivered,Standard,Website,WELCOME10,East,5
32761216,726019,29-11-2025,Beauty & Personal Care,Hair Dryer,2,2923.1,6,5846.2,123.24,989.18,6607.85,UPI,Delivered,Express,Mobile App,,North,3
32769408,857238,14-03-2024,Books,Business Strategy Book,1,705.3,21,705.3,69.4,27.86,654.45,Net Banking,Returned,Standard,Website,LOYALTY5,North,
32793826,529767,15-05-2024,Grocery,Premium Coffee,3,667.02,16,2001.06,78.44,84.04,1843.37,UPI,Delivered,Standard,Mobile App,,West,5
32800911,768068,18-01-2025,Electronics,USB-C Hub,1,2167.17,16,2167.17,86.35,327.68,2234.45,Credit Card,Delivered,Standard,Website,SAVE20,Central,5
32815284,741413,08-11-2024,Electronics,Mechanical Keyboard,2,4268.27,12,8536.55,209.4,1352.19,9073.75,UPI,Delivered,Next Day,Website,LOYALTY5,South,2
32856390,844808,29-09-2025,Fashion,Backpack,2,2102.44,16,4204.89,74.42,423.85,4030.38,Debit Card,Shipped,Express,Mobile App,WELCOME10,West,
32868398,950849,07-11-2024,Grocery,Protein Cereal,3,611.33,26,1834,36.16,67.86,1461.18,UPI,Delivered,Standard,Mobile App,SAVE20,South,5
32931914,111331,04-07-2025,Fashion,Running Shoes,2,4132.51,6,8265.02,53.75,932.29,8755.16,Wallet,Delivered,Express,Mobile App,FREESHIP,West,3
32943864,634593,15-11-2025,Electronics,Wireless Earbuds,4,2131.18,20,8524.7,0,1227.56,8047.32,Net Banking,Delivered,Pickup Point,Website,FREESHIP,North,6
32960791,491942,19-06-2025,Books,Exam Preparation Book,3,926.62,6,2779.86,113.14,130.65,2856.86,UPI,Delivered,Express,Website,,East,3
32974400,333453,04-10-2025,Beauty & Personal Care,Perfume,4,2598.37,17,10393.49,123.8,1552.79,10303.19,Credit Card,Shipped,Next Day,Mobile App,FESTIVE15,Central,
32980785,974498,10-01-2025,Books,Personal Finance Guide,2,774.77,6,1549.54,73.74,72.83,1603.14,Debit Card,Cancelled,Standard,Marketplace,,Central,
32987835,119671,09-11-2024,Fashion,Hoodie,3,2216.41,11,6649.23,1.75,710.14,6629.7,Credit Card,Returned,Standard,Website,,East,
33000058,829240,28-03-2025,Fashion,Hoodie,1,2140.68,1,2140.68,70.62,254.31,2444.2,Credit Card,Delivered,Standard,Website,,Central,5
33011738,557433,28-09-2025,Beauty & Personal Care,Shampoo,3,742.03,11,2226.09,79.78,356.62,2417.62,Credit Card,Delivered,Express,Website,,South,3
33014038,820393,07-12-2025,Home & Kitchen,Air Fryer,1,6970.9,10,6970.9,49,1129.29,7452.1,Net Banking,Delivered,Standard,Website,LOYALTY5,South,5
33046058,196350,16-04-2024,Home & Kitchen,Mixer Grinder,1,4834.21,2,4834.21,9.02,852.76,5599.31,Debit Card,Returned,Standard,Mobile App,FREESHIP,West,
33053669,453000,21-09-2025,Electronics,Mechanical Keyboard,1,4566.84,16,4566.84,59.32,690.51,4585.98,Debit Card,Delivered,Standard,Website,,West,5
33057516,282065,03-11-2025,Beauty & Personal Care,Perfume,4,2363.72,3,9454.87,64.74,1650.82,10886.78,Net Banking,Shipped,Standard,Mobile App,,West,
33068357,614046,02-04-2025,Electronics,Smartwatch,3,6372.63,26,19117.88,60.22,2546.5,16753.95,Debit Card,Delivered,Express,Mobile App,,East,3
33069304,491942,10-09-2024,Beauty & Personal Care,Hair Dryer,3,2882.27,11,8646.81,5.19,1385.22,9086.07,Debit Card,Shipped,Standard,Mobile App,,South,
33131150,442761,05-07-2025,Home & Kitchen,Bedsheet Set,3,1956.37,10,5869.1,0,950.79,6232.98,Credit Card,Confirmed,Pickup Point,Mobile App,FESTIVE15,West,
33154166,333453,23-02-2024,Electronics,Mechanical Keyboard,1,4380.63,17,4380.63,5.61,654.47,4296,UPI,Delivered,Express,Mobile App,FESTIVE15,South,4
33169019,507481,18-09-2024,Beauty & Personal Care,Lipstick,2,762.11,6,1524.23,249.19,257.9,1939.87,UPI,Delivered,Same Day,Website,,South,2
33171573,119671,22-11-2024,Beauty & Personal Care,Lipstick,4,679.55,3,2718.19,22.29,474.6,3133.53,Net Banking,Shipped,Pickup Point,Website,,South,
33188666,477682,16-12-2025,Beauty & Personal Care,Shampoo,2,702.68,21,1405.35,84.85,199.84,1394.92,Credit Card,Delivered,Standard,Mobile App,WELCOME10,Central,5
33193173,963510,01-11-2024,Fashion,Backpack,1,2596.39,16,2596.39,61.32,261.72,2504.01,UPI,Confirmed,Standard,Marketplace,,West,
33206088,950849,12-06-2025,Beauty & Personal Care,Shampoo,2,711.92,6,1423.83,40.62,240.91,1619.93,Credit Card,Shipped,Pickup Point,Mobile App,,Central,
33219044,215726,28-07-2025,Home & Kitchen,Mixer Grinder,2,4510.84,22,9021.68,118.66,1266.64,8422.21,Cash on Delivery,Delivered,Next Day,Mobile App,FESTIVE15,South,2
33219858,751476,28-06-2024,Sports & Fitness,Cricket Bat,1,4143.82,5,4143.82,14.39,708.59,4659.61,Net Banking,Delivered,Standard,Mobile App,LOYALTY5,South,5
33255475,907796,20-06-2024,Home & Kitchen,Non-Stick Cookware Set,1,6085.93,10,6085.93,51.85,985.92,6515.11,Credit Card,Delivered,Standard,Website,,South,5
33268513,939874,23-11-2025,Electronics,Power Bank,1,1559.37,0,1559.37,93.51,280.69,1933.57,Net Banking,Shipped,Express,Website,LOYALTY5,North,
33284136,850062,16-05-2024,Beauty & Personal Care,Shampoo,2,730.5,6,1461,72.55,247.2,1693.09,Credit Card,Delivered,Express,Marketplace,,North,3
33285714,333453,25-08-2024,Fashion,Sunglasses,3,1320.8,7,3962.41,0,442.2,4127.24,UPI,Delivered,Standard,Marketplace,,East,5
33285900,949262,06-07-2025,Books,Fiction Bestseller,1,611.31,0,611.31,70.72,30.57,712.6,Net Banking,Delivered,Standard,Marketplace,FREESHIP,North,5
33304172,449737,28-07-2024,Grocery,Green Tea,5,476,0,2380,141.67,119,2640.67,UPI,Processin,Next Day,Marketplace,,West,
33322498,477682,11-07-2025,Electronics,Bluetooth Speaker,3,3261.96,21,9785.87,0,1391.55,9122.39,Credit Card,Delivered,Standard,Website,LOYALTY5,North,5
33324907,882469,27-10-2025,Books,Exam Preparation Book,2,1017.11,11,2034.22,27.7,90.52,1928.68,UPI,Delivered,Standard,Website,,South,5
33324929,250415,17-10-2024,Sports & Fitness,Gym Bag,3,1718.54,22,5155.61,88.18,723.85,4833.41,Net Banking,Delivered,Express,Mobile App,,West,3
33336971,595261,30-12-2025,Fashion,Hoodie,1,2344.6,17,2344.6,186.39,233.52,2365.93,UPI,Returned,Same Day,Mobile App,,North,
33337982,882469,26-10-2025,Home & Kitchen,Storage Organizer,3,955.37,3,2866.12,90.75,500.43,3371.32,Credit Card,Delivered,Express,Mobile App,,West,3
33361062,684939,02-05-2024,Electronics,Wireless Earbuds,2,2347.96,20,4695.92,61.09,676.21,4494.04,Credit Card,Returned,Standard,Mobile App,SAVE20,North,
33455511,284616,08-09-2024,Electronics,Noise Cancelling Headphones,4,8339.75,15,33358.99,12.09,5103.93,33471.16,Credit Card,Delivered,Standard,Marketplace,,Central,5
33462145,590308,20-08-2024,Electronics,Smartwatch,6,6542.63,10,39255.81,0,6359.44,41689.67,Net Banking,Shipped,Standard,Mobile App,,North,
33464257,181485,03-12-2024,Sports & Fitness,Dumbbell Set,1,3435.82,5,3435.82,13.24,587.53,3864.8,UPI,Confirmed,Standard,Website,,East,
33468914,710236,07-05-2025,Electronics,Mechanical Keyboard,2,4610.56,5,9221.12,29.9,1576.81,10366.77,Credit Card,Delivered,Express,Marketplace,,West,3
33472479,114374,01-10-2025,Electronics,Mechanical Keyboard,1,4796.17,7,4796.17,102.25,802.88,5365.57,UPI,Returned,Express,Website,APPONLY10,Central,
33491197,284616,11-10-2024,Home & Kitchen,Electric Kettle,3,1942.18,0,5826.54,2.65,1048.78,6877.97,Credit Card,Delivered,Standard,Marketplace,,South,5
33538665,133161,01-11-2024,Fashion,Women’s Kurta,4,1648.55,5,6594.2,11.31,751.74,7027.54,Net Banking,Delivered,Standard,Marketplace,,South,5
33545859,674785,24-11-2024,Beauty & Personal Care,Moisturizer,1,716.79,16,716.79,31.34,108.38,741.82,Wallet,Delivered,Pickup Point,Mobile App,,West,5
33546812,353080,23-12-2025,Beauty & Personal Care,Face Serum,2,1339.77,17,2679.54,41.11,400.32,2665.45,Net Banking,Delivered,Standard,Marketplace,,North,5
33547195,577700,01-05-2025,Fashion,Backpack,3,2383.27,10,7149.8,87.06,772.18,7294.06,UPI,Delivered,Express,Mobile App,,South,5
33565369,705503,01-01-2024,Electronics,1080p Webcam,2,3891.8,5,7783.61,103.91,1331,8829.34,UPI,Delivered,Express,Marketplace,,Central,3
33584010,705771,18-08-2024,Fashion,Running Shoes,3,3901.27,20,11703.82,170.11,1123.57,10656.74,Cash on Delivery,Delivered,Next Day,Website,,North,2
33615988,638740,24-10-2025,Home & Kitchen,Water Bottle,1,1042.46,13,1042.46,32.21,163.25,1102.4,Credit Card,Delivered,Pickup Point,Mobile App,,West,5
33624680,695125,13-11-2024,Home & Kitchen,Table Lamp,2,1427.1,5,2854.21,69.59,488.07,3269.16,Debit Card,Shipped,Standard,Marketplace,FESTIVE15,South,
33659423,924729,21-07-2025,Sports & Fitness,Cricket Bat,1,4133.76,15,4133.76,0,632.47,4146.17,Debit Card,Delivered,Pickup Point,Marketplace,,West,5
33685070,870085,06-07-2024,Grocery,Green Tea,5,464.28,17,2321.42,116.07,96.34,2139.19,UPI,Delivered,Express,Mobile App,FESTIVE15,West,3
33692617,402445,20-05-2024,Fashion,Women’s Kurta,4,1541.87,11,6167.48,92.31,658.69,6240.06,Net Banking,Cancelled,Express,Mobile App,,West,
33701204,133161,10-07-2025,Beauty & Personal Care,Sunscreen SPF 50,2,927.87,0,1855.73,60.6,334.03,2250.36,Cash on Delivery,Delivered,Standard,Marketplace,,Central,5
33735393,545331,17-09-2024,Grocery,Green Tea,5,447.36,1,2236.81,109.11,110.72,2434.27,Debit Card,Confirmed,Express,Website,WELCOME10,North,
33774687,192903,24-02-2025,Grocery,Organic Rice 5kg,5,648.48,16,3242.39,25.34,136.18,2885.13,Net Banking,Delivered,Standard,Website,FESTIVE15,North,5
33784926,930111,26-11-2025,Grocery,Premium Coffee,5,609.35,10,3046.73,80.13,137.1,2959.29,UPI,Processin,Standard,Mobile App,,East,
33822854,891343,31-03-2024,Beauty & Personal Care,Moisturizer,4,739.27,20,2957.1,37.69,425.82,2829.19,Debit Card,Delivered,Pickup Point,Mobile App,,West,5
33827084,674262,28-11-2024,Fashion,Sunglasses,1,1286.35,10,1286.35,67.82,138.93,1364.46,UPI,Delivered,Standard,Mobile App,,South,5
33844897,844808,09-10-2025,Fashion,Backpack,2,2439.64,8,4879.27,48.61,538.67,5076.21,Credit Card,Delivered,Standard,Mobile App,,South,5
33857404,114374,10-08-2025,Grocery,Protein Cereal,3,617.74,20,1853.23,111.27,74.13,1667.98,Debit Card,Delivered,Standard,Mobile App,,North,5
33858673,800936,28-05-2025,Home & Kitchen,Water Bottle,2,1024.16,21,2048.32,41.44,291.27,1950.88,UPI,Returned,Pickup Point,Mobile App,FREESHIP,North,
33874243,682171,30-10-2024,Fashion,Cotton T-Shirt,5,965.72,10,4828.6,69.51,521.49,4936.74,Credit Card,Delivered,Standard,Mobile App,,South,5
33911451,505043,08-09-2024,Fashion,Sunglasses,3,1274.65,0,3823.95,42.34,458.87,4325.16,Credit Card,Delivered,Standard,Mobile App,WELCOME10,East,5
33919441,671644,17-09-2024,Grocery,Dry Fruits 500g,2,681.34,17,1362.69,103.74,56.55,1291.32,Credit Card,Delivered,Express,Marketplace,FESTIVE15,North,4
33938391,555489,30-01-2024,Grocery,Green Tea,6,470.65,16,2823.91,47.65,118.6,2538.33,Credit Card,Delivered,Standard,Website,,South,5
33943727,982501,21-12-2024,Home & Kitchen,Storage Organizer,4,875.85,20,3503.4,44.71,504.49,3351.92,UPI,Delivered,Standard,Marketplace,WELCOME10,West,5
33958909,671644,01-11-2025,Grocery,Olive Oil 1L,5,890.04,12,4450.19,33.95,195.81,4145.93,Credit Card,Cancelled,Standard,Website,FREESHIP,East,
33974450,593494,27-05-2024,Fashion,Backpack,3,2208.34,0,6625.03,15.37,795,7435.4,Debit Card,Delivered,Standard,Mobile App,,West,5
33981092,386059,04-10-2024,Grocery,Green Tea,5,475.2,6,2375.99,105.11,111.67,2450.21,UPI,Shipped,Express,Mobile App,WELCOME10,South,
33989165,859409,08-05-2025,Fashion,Casual Shirt,2,1808.27,21,3616.54,49.13,342.85,3249.05,Credit Card,Shipped,Standard,Marketplace,,Central,
34011640,370350,24-07-2025,Fashion,Sunglasses,1,1387.94,21,1387.94,122.45,131.58,1350.5,Debit Card,Returned,Standard,Mobile App,,South,
34018100,315327,30-05-2025,Electronics,1080p Webcam,7,3618.24,0,25327.68,63.15,4558.98,29949.81,Net Banking,Returned,Express,Mobile App,,Central,
34040671,816237,08-03-2025,Electronics,Smartwatch,4,5261.22,0,21044.9,3.79,3788.08,24836.77,UPI,Delivered,Standard,Mobile App,SAVE20,South,5
34096151,872600,08-06-2025,Grocery,Green Tea,2,447.79,15,895.57,115.82,38.06,915.11,Credit Card,Processin,Express,Marketplace,LOYALTY5,East,
34108244,325495,15-04-2024,Sports & Fitness,Yoga Mat,1,1299.17,5,1299.17,60.5,222.16,1516.87,UPI,Returned,Standard,Website,,East,
34118375,479554,07-06-2024,Electronics,Smartwatch,1,6321.48,10,6321.48,46.7,1024.08,6760.11,UPI,Delivered,Express,Website,LOYALTY5,South,3
34128402,196350,08-07-2024,Sports & Fitness,Fitness Resistance Bands,2,1105.98,2,2211.96,68.39,390.19,2626.3,Credit Card,Delivered,Standard,Mobile App,,North,5
34142560,156320,24-11-2025,Home & Kitchen,Electric Kettle,1,2112.25,2,2112.25,62.2,372.6,2504.81,Credit Card,Delivered,Standard,Mobile App,APPONLY10,South,5
34167113,121516,23-06-2024,Electronics,Wireless Earbuds,3,2425.79,1,7277.37,12.12,1296.83,8513.55,Net Banking,Delivered,Standard,Website,,West,5
34182930,726019,09-12-2024,Sports & Fitness,Yoga Mat,4,1306.38,6,5225.53,0,884.16,5796.16,UPI,Delivered,Standard,Marketplace,,East,5
34210237,487208,21-06-2025,Beauty & Personal Care,Moisturizer,1,775.68,15,775.68,236.38,118.68,1014.39,Credit Card,Delivered,Next Day,Mobile App,LOYALTY5,North,2
34274645,210934,25-01-2024,Sports & Fitness,Yoga Mat,2,1307.74,20,2615.48,87.12,376.63,2556.13,Credit Card,Delivered,Standard,Marketplace,,West,5
34290837,398690,05-04-2025,Home & Kitchen,Bedsheet Set,1,1875.52,1,1875.52,28.11,334.22,2219.09,UPI,Delivered,Pickup Point,Mobile App,,West,5
34332587,280076,02-11-2025,Fashion,Cotton T-Shirt,1,898.65,13,898.65,193.12,93.82,1068.77,Credit Card,Delivered,Same Day,Website,APPONLY10,Central,1
34361530,881262,11-08-2024,Home & Kitchen,Table Lamp,1,1523.95,16,1523.95,89.6,230.42,1600.14,UPI,Delivered,Standard,Website,,East,6
34403442,160754,20-06-2025,Beauty & Personal Care,Shampoo,2,669.61,5,1339.22,132.58,229.01,1633.85,UPI,Delivered,Next Day,Website,,West,2
34433151,798962,04-06-2024,Fashion,Denim Jeans,1,2602.27,11,2602.27,67.98,277.92,2661.92,Debit Card,Delivered,Standard,Website,WELCOME10,South,5
34440921,476057,03-12-2025,Electronics,Bluetooth Speaker,2,3575.53,2,7151.06,0,1261.45,8269.49,UPI,Delivered,Standard,Website,WELCOME10,South,5
34480139,533590,03-05-2025,Electronics,Wireless Earbuds,2,2314.99,10,4629.97,46.8,750.05,4963.82,UPI,Delivered,Standard,Marketplace,,North,5
34508768,288257,18-08-2025,Fashion,Sunglasses,3,1214.15,0,3642.46,107.11,437.1,4186.67,Debit Card,Delivered,Express,Website,SAVE20,West,3
34534534,834029,14-02-2025,Sports & Fitness,Cricket Bat,2,4144.12,6,8288.24,14.07,1402.37,9207.39,Debit Card,Delivered,Standard,Website,FESTIVE15,North,6
34536215,569778,10-11-2025,Home & Kitchen,Air Fryer,4,6880.25,3,27520.99,5.97,4805.16,31506.49,Credit Card,Delivered,Standard,Mobile App,WELCOME10,South,5
34565921,930111,24-06-2024,Fashion,Running Shoes,1,3793.68,10,3793.68,41.98,409.72,3866.01,Debit Card,Delivered,Express,Website,SAVE20,South,4
34641390,922983,10-05-2025,Beauty & Personal Care,Face Serum,3,1337.91,5,4013.74,28.02,686.35,4527.42,Credit Card,Delivered,Express,Mobile App,,North,3
34642938,753025,06-04-2024,Grocery,Protein Cereal,6,623.56,11,3741.38,14.85,166.49,3511.17,UPI,Delivered,Standard,Marketplace,APPONLY10,North,5
34649879,710023,21-10-2024,Sports & Fitness,Fitness Resistance Bands,3,1027.95,10,3083.86,105.41,499.58,3380.46,Credit Card,Delivered,Express,Marketplace,FREESHIP,Central,3
34651716,901714,01-09-2024,Beauty & Personal Care,Lipstick,5,783.29,6,3916.43,88.3,662.66,4432.4,Credit Card,Delivered,Express,Website,WELCOME10,South,3
34670244,390210,20-08-2025,Home & Kitchen,Table Lamp,1,1673.66,6,1673.66,24.79,283.18,1881.21,UPI,Delivered,Pickup Point,Website,APPONLY10,West,7
34680088,646569,04-04-2024,Home & Kitchen,Bedsheet Set,2,1984.71,5,3969.42,205.45,678.77,4655.17,Cash on Delivery,Shipped,Same Day,Marketplace,APPONLY10,Central,
34703760,701235,09-08-2025,Electronics,Bluetooth Speaker,1,3082.39,5,3082.39,274.09,527.09,3729.45,UPI,Delivered,Next Day,Mobile App,,North,2
34756199,349717,29-04-2025,Sports & Fitness,Cricket Bat,1,4437.31,0,4437.31,0,798.72,5236.03,Debit Card,Shipped,Pickup Point,Mobile App,,West,
34794103,268660,02-07-2025,Fashion,Women’s Kurta,5,1632.05,10,8160.25,60.57,881.31,8286.11,Cash on Delivery,Delivered,Express,Website,,North,3
34813291,531162,20-05-2024,Home & Kitchen,Electric Kettle,1,1981.17,6,1981.17,50.03,335.21,2247.54,Debit Card,Delivered,Standard,Website,FESTIVE15,West,5
34820212,694959,01-08-2024,Electronics,USB-C Hub,1,2376.86,21,2376.86,92.35,337.99,2308.06,Wallet,Cancelled,Standard,Website,LOYALTY5,West,
34837359,137807,25-03-2024,Home & Kitchen,Bedsheet Set,2,1807.77,10,3615.53,98.44,585.72,3938.14,Debit Card,Returned,Express,Mobile App,,South,
34857635,820962,11-09-2024,Fashion,Casual Shirt,2,1999.77,11,3999.54,46.94,427.15,4033.68,Credit Card,Delivered,Express,Website,,North,4
34857714,504612,06-05-2024,Electronics,Wireless Earbuds,3,2447.41,5,7342.23,48.71,1255.52,8279.35,Cash on Delivery,Shipped,Express,Mobile App,,South,
34877357,121516,17-01-2024,Sports & Fitness,Fitness Resistance Bands,1,900.53,6,900.53,60.91,152.37,1059.78,UPI,Delivered,Standard,Website,SAVE20,North,6
34929831,852470,07-10-2024,Electronics,Bluetooth Speaker,2,3189.92,18,6379.83,17.89,941.66,6191.01,Wallet,Shipped,Standard,Mobile App,,East,
34954607,537897,11-12-2024,Electronics,Smartwatch,3,5548.91,22,16646.73,81.51,2337.2,15403.16,Debit Card,Delivered,Express,Mobile App,LOYALTY5,West,3
34955655,266892,22-03-2025,Fashion,Backpack,1,2085.26,5,2085.26,114.04,237.72,2332.76,UPI,Shipped,Express,Marketplace,FESTIVE15,East,
34958332,236875,18-11-2024,Fashion,Sunglasses,3,1330.7,21,3992.11,0,378.45,3532.22,Credit Card,Delivered,Pickup Point,Mobile App,APPONLY10,East,5
34989586,193934,06-01-2025,Sports & Fitness,Yoga Mat,1,1239.15,11,1239.15,230.16,198.51,1531.51,Credit Card,Delivered,Next Day,Website,,West,3
35000742,897009,20-11-2025,Fashion,Sunglasses,2,1339.45,8,2678.9,59.15,295.75,2819.49,Credit Card,Shipped,Standard,Mobile App,,West,
35011956,874750,26-01-2025,Home & Kitchen,Table Lamp,2,1450.27,1,2900.53,227.89,516.87,3616.28,Debit Card,Delivered,Same Day,Website,SAVE20,South,1
35015449,634593,09-02-2024,Electronics,Power Bank,3,1689.09,0,5067.27,0,912.11,5979.38,UPI,Delivered,Standard,Website,LOYALTY5,South,5
35028207,595211,11-12-2025,Fashion,Backpack,1,2181.03,8,2181.03,57.44,240.79,2304.78,Net Banking,Delivered,Standard,Marketplace,,North,5
35031102,192967,29-10-2024,Beauty & Personal Care,Face Serum,6,1314.03,17,7884.15,2.48,1177.89,7724.21,UPI,Delivered,Standard,Mobile App,,West,5
35047216,973551,29-01-2024,Fashion,Sunglasses,2,1324.67,10,2649.34,70.16,286.13,2740.7,Credit Card,Shipped,Standard,Mobile App,FREESHIP,East,
35090874,285228,26-01-2024,Home & Kitchen,Table Lamp,1,1390.9,21,1390.9,92.18,197.79,1388.78,Credit Card,Delivered,Standard,Website,,Central,5
35109971,908569,16-11-2024,Sports & Fitness,Cricket Bat,1,4180.69,11,4180.69,129.55,669.75,4520.11,UPI,Delivered,Express,Mobile App,,Central,3
35113450,108961,18-10-2025,Fashion,Running Shoes,2,4090.36,0,8180.73,6.66,981.69,9169.08,UPI,Delivered,Standard,Mobile App,FESTIVE15,East,5
35124125,178252,10-08-2024,Electronics,Bluetooth Speaker,3,3124.81,10,9374.43,55.22,1518.66,10010.87,UPI,Delivered,Express,Website,,South,3
35148618,599639,28-10-2025,Grocery,Dry Fruits 500g,4,782.77,1,3131.07,52.75,154.99,3307.5,UPI,Delivered,Express,Marketplace,,South,3
35153437,192903,11-10-2025,Fashion,Sunglasses,3,1403.48,21,4210.44,54.04,399.15,3779.44,Credit Card,Delivered,Standard,Mobile App,WELCOME10,Central,5
35212601,710795,12-12-2024,Books,Personal Finance Guide,3,777.99,2,2333.98,112.03,114.36,2513.69,Credit Card,Delivered,Standard,Website,,West,5
35236436,507481,11-11-2024,Sports & Fitness,Gym Bag,4,1788.32,11,7153.28,106.91,1145.96,7619.29,Credit Card,Delivered,Next Day,Website,,West,2
35239515,537897,08-06-2024,Home & Kitchen,Mixer Grinder,2,4971.25,5,9942.5,0.78,1700.17,11146.33,UPI,Delivered,Standard,Mobile App,,South,5
35272947,212904,28-12-2025,Fashion,Denim Jeans,1,2624.05,16,2624.05,102.02,264.5,2570.72,Net Banking,Delivered,Standard,Mobile App,LOYALTY5,South,5
35300687,949856,03-04-2025,Electronics,Power Bank,2,1733.26,6,3466.52,81.18,586.54,3926.25,Debit Card,Delivered,Express,Website,WELCOME10,North,5
35313722,870085,03-06-2025,Electronics,Wireless Earbuds,4,2427.4,22,9709.59,62.57,1363.23,8999.28,UPI,Delivered,Standard,Website,,West,6
35321706,256210,16-10-2025,Sports & Fitness,Yoga Mat,2,1260.6,8,2521.19,114.55,417.51,2851.55,UPI,Shipped,Express,Marketplace,,Central,
35328296,684770,12-01-2024,Books,Data Analytics Handbook,3,930.79,10,2792.37,77.12,125.66,2715.91,Credit Card,Delivered,Standard,Mobile App,,North,5
35337854,985217,19-11-2024,Fashion,Sunglasses,2,1341.58,5,2683.16,195.04,305.88,3049.92,Credit Card,Processin,Next Day,Website,FESTIVE15,East,
35338365,744677,13-11-2024,Sports & Fitness,Gym Bag,2,1725.22,23,3450.44,32.83,478.23,3167.9,UPI,Confirmed,Pickup Point,Website,FREESHIP,East,
35354338,103639,13-11-2024,Sports & Fitness,Sports Shoes,4,3635.6,12,14542.41,36.78,2303.52,15137.62,UPI,Delivered,Standard,Website,LOYALTY5,South,5
35360064,672334,01-12-2024,Electronics,1080p Webcam,1,3648.06,0,3648.06,0,656.65,4304.71,UPI,Processin,Pickup Point,Website,LOYALTY5,West,
35390947,663897,08-11-2024,Sports & Fitness,Gym Bag,1,1796.19,15,1796.19,127.11,274.82,1928.69,Debit Card,Delivered,Express,Marketplace,SAVE20,North,3
35399963,810253,06-12-2024,Fashion,Running Shoes,2,4015.59,2,8031.18,240.01,944.47,9055.04,Credit Card,Shipped,Same Day,Website,APPONLY10,West,
35466775,731831,14-09-2025,Home & Kitchen,Non-Stick Cookware Set,2,5886.08,20,11772.16,9.76,1695.19,11122.68,UPI,Shipped,Standard,Website,FREESHIP,South,
35502411,517875,28-06-2025,Electronics,Smartwatch,3,5981.36,0,17944.08,0,3229.93,21174.01,Net Banking,Delivered,Standard,Mobile App,APPONLY10,Central,5
35504561,453000,21-10-2025,Home & Kitchen,Water Bottle,3,997.85,13,2993.54,74.79,468.79,3147.96,UPI,Delivered,Standard,Mobile App,WELCOME10,East,5
35531559,575698,23-01-2025,Electronics,Mechanical Keyboard,2,4873.68,1,9747.36,0,1736.98,11386.87,UPI,Delivered,Pickup Point,Website,,West,5
35532306,613409,11-12-2025,Electronics,Bluetooth Speaker,6,3328.92,10,19973.52,32.09,3235.71,21243.97,Cash on Delivery,Delivered,Standard,Mobile App,LOYALTY5,Central,5
35604505,224962,20-02-2024,Home & Kitchen,Water Bottle,3,1045.02,16,3135.06,90.02,474.02,3197.49,Credit Card,Returned,Express,Mobile App,APPONLY10,West,
35618136,950712,12-11-2024,Beauty & Personal Care,Perfume,2,2385.22,1,4770.45,225.07,850.09,5797.91,UPI,Delivered,Same Day,Mobile App,WELCOME10,East,1
35635199,530556,13-01-2024,Books,Personal Finance Guide,3,835.98,10,2507.94,51.22,112.86,2421.23,Credit Card,Delivered,Pickup Point,Mobile App,,West,5
35639033,148035,27-02-2025,Beauty & Personal Care,Perfume,2,2969.39,10,5938.77,0,962.08,6306.97,Debit Card,Delivered,Standard,Website,WELCOME10,North,5
35693114,111790,02-05-2024,Home & Kitchen,Electric Kettle,1,1815.72,5,1815.72,83.23,310.49,2118.65,UPI,Delivered,Standard,Mobile App,,West,6
35711060,248381,21-02-2025,Sports & Fitness,Dumbbell Set,1,3331.23,1,3331.23,0,593.63,3891.55,Net Banking,Delivered,Standard,Mobile App,,South,5
35714899,674262,22-04-2024,Sports & Fitness,Dumbbell Set,2,3459.57,25,6919.13,7.6,934.08,6131.03,Net Banking,Delivered,Standard,Website,,North,5
35740047,537897,03-04-2025,Home & Kitchen,Electric Kettle,2,1982,5,3963.99,31.95,677.84,4475.58,UPI,Cancelled,Standard,Mobile App,FESTIVE15,South,
35756835,137807,09-02-2024,Grocery,Green Tea,6,469.38,20,2816.29,53.51,112.65,2419.19,Credit Card,Delivered,Standard,Mobile App,FESTIVE15,East,5
35777814,333453,13-12-2025,Sports & Fitness,Sports Shoes,2,3176.34,19,6352.67,35.64,926.22,6107.52,Debit Card,Delivered,Standard,Website,,West,6
35815180,455847,03-11-2025,Grocery,Olive Oil 1L,2,904.69,15,1809.38,86.1,76.9,1700.97,UPI,Delivered,Standard,Website,,West,5
35822040,457808,28-10-2025,Fashion,Cotton T-Shirt,5,930.73,22,4653.64,28.08,435.58,4093.5,Net Banking,Delivered,Standard,Website,LOYALTY5,Central,5
35827219,377801,15-07-2025,Books,Cookbook,3,773.31,15,2319.93,78.81,98.6,2149.35,Wallet,Delivered,Standard,Mobile App,FREESHIP,Central,7
35833479,732254,05-09-2024,Electronics,Smartwatch,3,6437.31,15,19311.94,26.9,2954.73,19396.78,Debit Card,Delivered,Standard,Mobile App,,West,5
35833828,784248,25-10-2025,Fashion,Cotton T-Shirt,3,908.11,29,2724.34,45.85,232.11,2212.24,Debit Card,Delivered,Pickup Point,Marketplace,SAVE20,Central,5
35858804,590308,02-05-2024,Sports & Fitness,Yoga Mat,1,1127.81,5,1127.81,49.86,192.86,1314.14,Credit Card,Delivered,Standard,Mobile App,LOYALTY5,North,5
35872372,101742,27-08-2025,Fashion,Women’s Kurta,3,1561.67,5,4685,34.31,534.09,5019.15,Debit Card,Shipped,Standard,Website,,East,
35874143,568630,30-06-2024,Fashion,Women’s Kurta,1,1585.87,11,1585.87,53.67,169.37,1634.46,Credit Card,Shipped,Standard,Website,,West,
35889788,950849,04-09-2025,Electronics,USB-C Hub,2,2080.39,6,4160.78,69.14,704,4684.27,UPI,Delivered,Express,Marketplace,,West,4
35892709,453000,16-07-2024,Electronics,Mechanical Keyboard,2,4950.84,21,9901.68,14.31,1408.02,9244.66,Debit Card,Delivered,Standard,Website,,East,5
35923011,794638,03-11-2024,Books,Fiction Bestseller,2,613.28,15,1226.55,36.26,52.13,1130.96,Debit Card,Shipped,Pickup Point,Mobile App,,South,
35941359,784248,12-05-2025,Electronics,Wireless Earbuds,3,2583.12,27,7749.37,53.47,1018.27,6728.78,Cash on Delivery,Delivered,Express,Mobile App,,South,3
35948109,206289,18-10-2025,Home & Kitchen,Mixer Grinder,3,4842.24,6,14526.71,8.45,2457.92,16121.48,UPI,Confirmed,Standard,Mobile App,,South,
35967942,295077,15-05-2024,Home & Kitchen,Bedsheet Set,2,1861.65,15,3723.3,63.17,569.66,3797.63,Debit Card,Delivered,Express,Website,,West,3
35974263,501794,12-02-2025,Grocery,Snack Assortment,2,487.25,0,974.49,48.09,48.72,1071.3,Net Banking,Shipped,Standard,Website,,North,
35983954,726894,06-10-2024,Grocery,Snack Assortment,6,482.23,1,2893.4,75.09,143.22,3082.78,UPI,Delivered,Standard,Website,APPONLY10,South,5
36028824,206289,03-03-2024,Fashion,Hoodie,2,2032.47,1,4064.93,3.07,482.91,4510.26,Credit Card,Delivered,Standard,Marketplace,,West,5
36049759,768068,17-01-2025,Fashion,Denim Jeans,2,2451.87,1,4903.74,75.95,582.56,5513.21,Wallet,Processin,Express,Marketplace,,East,
36086337,484328,10-07-2025,Grocery,Snack Assortment,3,525.98,21,1577.95,78.38,62.33,1387.29,Net Banking,Returned,Standard,Website,WELCOME10,West,
36142972,985217,06-10-2024,Books,Personal Finance Guide,5,700.05,15,3500.25,77.92,148.76,3201.89,UPI,Delivered,Standard,Website,,North,5
36150731,537897,17-03-2024,Home & Kitchen,Table Lamp,2,1419.39,0,2838.79,127.71,510.98,3477.48,UPI,Delivered,Express,Mobile App,,Central,3
36200670,726019,31-05-2024,Beauty & Personal Care,Perfume,2,2823.45,11,5646.9,0,904.63,5930.37,Credit Card,Delivered,Pickup Point,Mobile App,LOYALTY5,East,5
36213726,754071,16-05-2025,Electronics,Power Bank,1,1642.64,16,1642.64,58.85,248.37,1687.04,Debit Card,Delivered,Standard,Website,,North,5
36233446,267818,24-10-2025,Sports & Fitness,Fitness Resistance Bands,2,1011.27,15,2022.53,74.4,309.45,2103,Credit Card,Delivered,Standard,Website,,South,5
36234732,589919,03-10-2025,Fashion,Sunglasses,2,1329.25,7,2658.49,99.42,296.69,2868.51,Debit Card,Delivered,Express,Website,FREESHIP,North,3
36248356,590308,22-03-2024,Grocery,Snack Assortment,3,484.72,5,1454.15,48.99,69.07,1499.5,Wallet,Shipped,Standard,Website,,North,
36253870,882469,30-12-2025,Sports & Fitness,Yoga Mat,5,1322.59,13,6612.94,40.58,1035.59,6829.43,UPI,Delivered,Standard,Mobile App,SAVE20,West,5
36282713,866346,05-01-2024,Home & Kitchen,Storage Organizer,1,904.99,1,904.99,41,161.27,1098.21,Credit Card,Shipped,Standard,Mobile App,,West,
36308042,266892,28-05-2024,Home & Kitchen,Mixer Grinder,1,5244.48,15,5244.48,19.46,802.41,5279.68,UPI,Delivered,Standard,Mobile App,LOYALTY5,West,5
36325402,477682,30-12-2024,Fashion,Sunglasses,1,1247.66,23,1247.66,90.77,115.28,1166.75,Debit Card,Delivered,Standard,Website,,Central,5
36345815,377152,18-04-2025,Electronics,1080p Webcam,2,3897.78,5,7795.56,94.85,1333.04,8833.67,Debit Card,Delivered,Express,Marketplace,FREESHIP,Central,3
36347135,595211,20-07-2025,Fashion,Hoodie,1,2298.06,11,2298.06,13.26,245.43,2303.96,UPI,Delivered,Pickup Point,Mobile App,LOYALTY5,South,5
36405234,682946,24-02-2025,Sports & Fitness,Fitness Resistance Bands,3,1055.23,12,3165.68,144.46,501.44,3431.7,UPI,Delivered,Express,Website,LOYALTY5,West,3
36483242,107212,25-03-2024,Grocery,Organic Rice 5kg,2,668.72,10,1337.43,196.59,60.18,1460.46,UPI,Delivered,Next Day,Website,,East,2
36484376,215726,11-03-2025,Sports & Fitness,Fitness Resistance Bands,2,891.69,12,1783.38,88.55,282.49,1940.41,Credit Card,Delivered,Standard,Website,,South,5
36491830,424902,01-08-2025,Fashion,Casual Shirt,2,1832.45,1,3664.9,57.49,435.39,4121.13,UPI,Delivered,Standard,Marketplace,LOYALTY5,North,5
36516068,676003,22-01-2025,Grocery,Dry Fruits 500g,1,862.51,0,862.51,94.3,43.13,999.94,Cash on Delivery,Delivered,Standard,Mobile App,FREESHIP,South,5
36568346,950921,04-03-2025,Electronics,Power Bank,2,1523.63,1,3047.25,99.66,543.02,3659.46,Debit Card,Delivered,Next Day,Mobile App,,South,2
36577872,174402,28-04-2024,Books,Data Analytics Handbook,2,912.45,10,1824.9,86.25,82.12,1810.78,UPI,Delivered,Standard,Mobile App,,North,5
36591883,671644,06-09-2025,Grocery,Snack Assortment,6,485,7,2910.01,235.03,135.32,3076.66,Cash on Delivery,Delivered,Same Day,Website,,South,1
36622822,156320,03-11-2024,Grocery,Premium Coffee,6,603.23,10,3619.39,151.47,162.87,3571.79,Credit Card,Confirmed,Next Day,Mobile App,,South,
36646751,603463,07-01-2025,Books,Data Analytics Handbook,1,886.69,20,886.69,54.35,35.47,799.17,UPI,Shipped,Standard,Website,SAVE20,Central,
36672709,985670,23-10-2025,Home & Kitchen,Bedsheet Set,1,2032.64,11,2032.64,46.89,325.63,2181.57,Credit Card,Returned,Pickup Point,Website,LOYALTY5,West,
36681754,315856,09-02-2024,Electronics,Bluetooth Speaker,2,3415.3,20,6830.6,220.36,983.61,6668.45,Credit Card,Shipped,Same Day,Website,FREESHIP,West,
36689174,231918,15-07-2025,Beauty & Personal Care,Perfume,2,2620.89,6,5241.78,37.53,886.91,5851.71,Wallet,Delivered,Standard,Mobile App,,East,5
36723485,706997,28-07-2024,Fashion,Cotton T-Shirt,1,902.42,16,902.42,51.4,90.96,900.39,UPI,Shipped,Pickup Point,Website,WELCOME10,South,
36738977,365654,07-08-2025,Books,Fiction Bestseller,4,645.03,6,2580.12,41.95,121.27,2588.53,UPI,Confirmed,Standard,Website,,North,
36747000,117673,12-12-2025,Fashion,Running Shoes,3,3843.3,10,11529.89,168.85,1245.23,11790.98,Debit Card,Delivered,Next Day,Mobile App,,Central,2
36764403,577700,30-03-2024,Grocery,Protein Cereal,5,572.07,5,2860.37,131.66,135.87,2984.88,Credit Card,Shipped,Express,Website,,South,
36771076,726019,13-12-2025,Sports & Fitness,Yoga Mat,3,1421.69,3,4265.08,0,744.68,4881.81,UPI,Delivered,Pickup Point,Website,,South,5
36772636,939874,10-05-2024,Grocery,Premium Coffee,4,606.01,10,2424.03,35.14,109.08,2325.85,UPI,Delivered,Pickup Point,Website,,West,5
36788300,672334,21-10-2024,Sports & Fitness,Fitness Resistance Bands,2,961.77,2,1923.54,40.55,339.31,2264.93,Credit Card,Delivered,Standard,Website,,North,5
36823107,360097,12-10-2025,Fashion,Running Shoes,2,4189.44,8,8378.87,61.16,925.03,8694.75,Net Banking,Processin,Express,Website,,Central,
36857058,726894,03-02-2025,Home & Kitchen,Water Bottle,1,1027.39,11,1027.39,122.34,164.59,1201.31,Credit Card,Shipped,Express,Marketplace,SAVE20,East,
36883124,569778,27-10-2024,Electronics,Noise Cancelling Headphones,1,9748.42,11,9748.42,61.66,1561.7,10299.45,UPI,Processin,Standard,Website,,Central,
36916106,543715,28-03-2025,Grocery,Green Tea,3,482.44,1,1447.31,189.82,71.64,1694.3,Wallet,Delivered,Next Day,Marketplace,FESTIVE15,South,2
36931030,505043,13-09-2024,Beauty & Personal Care,Lipstick,2,799.17,10,1598.34,34.92,258.93,1732.36,Debit Card,Delivered,Pickup Point,Marketplace,,South,5
36932123,228445,27-11-2025,Grocery,Snack Assortment,2,502.26,2,1004.53,182.53,49.22,1216.19,UPI,Delivered,Same Day,Marketplace,,East,1
36945466,614894,14-11-2024,Sports & Fitness,Gym Bag,2,2008.13,12,4016.25,11.54,636.17,4182.01,Debit Card,Processin,Standard,Mobile App,,North,
36946284,872600,16-01-2025,Electronics,Wireless Earbuds,1,2215.77,5,2215.77,33.34,378.9,2517.22,UPI,Delivered,Pickup Point,Website,,North,5
36959517,210014,17-03-2024,Grocery,Dry Fruits 500g,2,743.39,5,1486.78,18.48,70.62,1501.54,Cash on Delivery,Delivered,Pickup Point,Mobile App,,West,5
36972971,531162,27-03-2024,Beauty & Personal Care,Shampoo,2,718.2,11,1436.39,73.66,230.11,1582.16,Credit Card,Processin,Standard,Website,LOYALTY5,East,
36975145,210014,07-12-2024,Beauty & Personal Care,Shampoo,1,734.43,10,734.43,193.84,118.98,973.81,Net Banking,Confirmed,Next Day,Website,LOYALTY5,South,
37003422,677141,06-07-2025,Electronics,USB-C Hub,1,2158.1,11,2158.1,107.79,345.73,2374.23,Credit Card,Delivered,Express,Mobile App,,South,3
37079284,682946,18-09-2024,Home & Kitchen,Non-Stick Cookware Set,4,5771.97,27,23087.89,43.11,3033.75,19931.02,Credit Card,Returned,Standard,Website,LOYALTY5,North,
37144323,715227,10-11-2024,Books,Cookbook,3,811.19,18,2433.57,26.07,99.78,2121.38,Net Banking,Confirmed,Standard,Mobile App,,South,
37173735,682946,30-11-2025,Home & Kitchen,Air Fryer,2,7646.31,12,15292.63,74.97,2422.35,15954.83,Debit Card,Delivered,Express,Website,WELCOME10,West,3
37178357,805212,29-10-2024,Fashion,Cotton T-Shirt,2,848.12,18,1696.24,43.26,166.91,1601.09,Debit Card,Delivered,Standard,Mobile App,,West,5
37222315,735875,13-12-2024,Fashion,Sunglasses,1,1326.07,2,1326.07,230.21,155.95,1685.71,Credit Card,Delivered,Same Day,Mobile App,,East,1
37224925,210014,30-09-2025,Beauty & Personal Care,Hair Dryer,1,2874.34,20,2874.34,57.85,413.9,2771.22,Debit Card,Cancelled,Standard,Website,APPONLY10,West,
37228330,186360,07-07-2025,Fashion,Cotton T-Shirt,4,862.6,10,3450.41,12.43,372.64,3490.44,Credit Card,Delivered,Standard,Website,,West,7
37230518,864641,30-06-2024,Fashion,Running Shoes,2,4129.59,10,8259.18,56.36,891.99,8381.61,UPI,Delivered,Next Day,Website,,West,2
37269321,682171,07-12-2024,Electronics,Wireless Earbuds,4,2548.38,27,10193.53,60.25,1339.43,8840.96,UPI,Delivered,Express,Marketplace,FESTIVE15,South,3
37282949,170875,19-02-2024,Home & Kitchen,Storage Organizer,2,899.53,7,1799.07,110.95,301.17,2085.26,UPI,Confirmed,Express,Website,,West,
37295906,846202,17-03-2024,Books,Business Strategy Book,2,662.93,1,1325.86,81.84,65.63,1460.07,Cash on Delivery,Delivered,Express,Mobile App,,West,3
37301375,967182,21-06-2025,Books,Exam Preparation Book,4,1024.08,11,4096.31,10.47,182.29,3838.48,Credit Card,Shipped,Standard,Website,FESTIVE15,Central,
37324657,930111,30-11-2025,Electronics,Power Bank,3,1651.69,0,4955.07,13.3,891.91,5860.28,Credit Card,Delivered,Pickup Point,Marketplace,,West,5
37352107,671644,06-05-2025,Fashion,Running Shoes,4,3943.61,7,15774.45,9.79,1760.43,16440.46,Credit Card,Delivered,Standard,Website,,North,5
37385776,411173,27-12-2024,Electronics,Mechanical Keyboard,3,4411.63,13,13234.9,9.03,2072.58,13595.97,UPI,Delivered,Standard,Mobile App,,East,5
37400536,325460,04-04-2024,Beauty & Personal Care,Sunscreen SPF 50,2,941.3,6,1882.61,112.51,318.54,2200.7,UPI,Shipped,Express,Mobile App,,West,
37415632,764466,19-05-2024,Electronics,Noise Cancelling Headphones,3,8790.41,5,26371.23,227.81,4509.48,29789.96,UPI,Delivered,Same Day,Marketplace,WELCOME10,West,1
37442291,477682,23-03-2024,Home & Kitchen,Table Lamp,3,1431.93,11,4295.78,26.23,688.18,4537.65,Net Banking,Delivered,Standard,Website,,East,5
37444695,684770,24-11-2024,Grocery,Organic Rice 5kg,2,708.17,15,1416.33,30.87,60.19,1294.94,UPI,Delivered,Pickup Point,Website,,South,5
37495727,704565,18-08-2024,Fashion,Backpack,4,2320.89,10,9283.57,1.85,1002.63,9359.69,Wallet,Delivered,Standard,Mobile App,,Central,6
37506596,742541,17-10-2025,Grocery,Green Tea,2,432.04,3,864.07,275.88,41.91,1155.94,UPI,Delivered,Next Day,Website,,South,2
37510631,217513,26-12-2024,Sports & Fitness,Dumbbell Set,1,3575.78,10,3575.78,14.51,579.28,3811.99,Debit Card,Delivered,Standard,Marketplace,,North,5
37511780,595261,17-07-2025,Beauty & Personal Care,Face Serum,2,1375.72,12,2751.44,40.98,435.83,2898.08,Credit Card,Delivered,Pickup Point,Mobile App,APPONLY10,West,5
37546691,796906,15-11-2025,Grocery,Protein Cereal,4,647.6,18,2590.39,44.74,106.21,2275.07,Credit Card,Processin,Standard,Mobile App,FREESHIP,South,
37560970,530053,26-01-2024,Electronics,Noise Cancelling Headphones,2,9322.36,11,18644.73,22.75,2986.89,19603.45,Wallet,Delivered,Pickup Point,Website,LOYALTY5,West,6
37575092,153016,04-10-2024,Home & Kitchen,Table Lamp,1,1712.29,27,1712.29,105.09,224.99,1580.05,UPI,Delivered,Express,Website,FESTIVE15,South,3
37579870,636388,16-11-2025,Grocery,Olive Oil 1L,2,782.07,5,1564.15,110.85,74.3,1671.09,UPI,Delivered,Express,Marketplace,,North,3
37592880,250203,31-12-2025,Electronics,Noise Cancelling Headphones,3,8883.25,26,26649.76,0,3549.75,23270.57,UPI,Processin,Pickup Point,Mobile App,,Central,
37611184,726019,06-11-2025,Beauty & Personal Care,Moisturizer,1,778.02,11,778.02,24.72,124.64,841.8,Wallet,Delivered,Pickup Point,Website,FREESHIP,South,5
37622407,761740,02-10-2025,Fashion,Women’s Kurta,1,1569.13,28,1569.13,33.53,135.57,1298.87,Debit Card,Delivered,Standard,Mobile App,,North,5
37627939,870085,16-09-2025,Beauty & Personal Care,Lipstick,4,848.32,2,3393.27,43.23,598.57,3967.2,Net Banking,Processin,Standard,Mobile App,,South,
37638125,950849,17-06-2025,Fashion,Women’s Kurta,3,1410.95,11,4232.84,76.14,452.07,4295.44,UPI,Shipped,Express,Website,,East,
37697156,900979,10-07-2025,Beauty & Personal Care,Sunscreen SPF 50,1,918.76,6,918.76,132.05,155.45,1151.13,Cash on Delivery,Delivered,Express,Website,SAVE20,West,3
37744085,973551,22-05-2025,Books,Data Analytics Handbook,2,928.93,20,1857.86,63.63,74.31,1624.23,Credit Card,Delivered,Standard,Website,FESTIVE15,West,5
37804125,218174,09-07-2024,Fashion,Running Shoes,2,3953.94,1,7907.88,1.27,939.46,8769.53,Credit Card,Delivered,Standard,Mobile App,,West,5
37806295,924729,13-10-2025,Home & Kitchen,Table Lamp,4,1586.76,17,6347.02,40.03,948.25,6256.31,Wallet,Delivered,Standard,Mobile App,FREESHIP,East,6
37821789,982501,18-05-2024,Home & Kitchen,Electric Kettle,4,1952.41,15,7809.63,77.33,1194.87,7910.39,Debit Card,Returned,Express,Website,,West,
37828970,981217,16-10-2025,Electronics,Mechanical Keyboard,3,4918.83,11,14756.49,62.84,2363.99,15560.11,Credit Card,Delivered,Standard,Website,FESTIVE15,Central,5
37832648,104998,08-06-2025,Home & Kitchen,Non-Stick Cookware Set,1,6053.37,16,6053.37,41.14,915.27,6041.24,UPI,Delivered,Standard,Mobile App,LOYALTY5,Central,5
37882484,156356,24-05-2024,Sports & Fitness,Dumbbell Set,2,3191.43,21,6382.87,7.78,907.64,5957.89,Credit Card,Returned,Standard,Website,FESTIVE15,South,
37907943,224962,01-03-2025,Books,Fiction Bestseller,1,541.01,21,541.01,60.62,21.37,509.39,UPI,Confirmed,Standard,Website,FREESHIP,West,
37909546,415392,03-04-2024,Beauty & Personal Care,Moisturizer,1,720.6,16,720.6,89.17,108.95,803.42,UPI,Delivered,Express,Website,,North,3
37929682,504612,10-03-2025,Fashion,Backpack,1,2261.09,15,2261.09,143.64,230.63,2296.2,Debit Card,Delivered,Express,Mobile App,,West,3
37939033,385897,20-11-2024,Grocery,Snack Assortment,4,516.27,15,2065.09,63.64,87.77,1906.74,UPI,Delivered,Standard,Website,,North,5
37944612,360097,03-11-2025,Fashion,Casual Shirt,1,2013.38,23,2013.38,34.42,186.04,1770.76,Debit Card,Delivered,Pickup Point,Website,,West,5
37949595,216247,05-03-2025,Electronics,Mechanical Keyboard,1,4220.02,1,4220.02,30.45,752.01,4960.28,Net Banking,Delivered,Standard,Website,FESTIVE15,Central,5
37976466,870085,25-08-2024,Electronics,1080p Webcam,3,3592.95,12,10778.86,44.56,1707.37,11237.33,UPI,Delivered,Standard,Website,,South,5
38017251,950849,12-03-2024,Fashion,Running Shoes,1,3799.9,6,3799.9,5.93,428.63,4006.47,UPI,Shipped,Standard,Mobile App,,North,
38063481,133161,29-04-2024,Fashion,Running Shoes,3,4132.14,10,12396.43,9.12,1338.81,12504.72,Credit Card,Delivered,Standard,Marketplace,,West,5
38087056,646569,31-10-2025,Grocery,Premium Coffee,1,643.05,10,643.05,210.91,28.94,818.59,Debit Card,Returned,Next Day,Mobile App,LOYALTY5,South,
38094422,938265,12-12-2025,Beauty & Personal Care,Perfume,3,2541.34,30,7624.02,0,960.63,6297.44,Debit Card,Delivered,Standard,Mobile App,FREESHIP,South,5
38094569,982501,30-12-2024,Books,Business Strategy Book,2,723.3,2,1446.59,99.71,70.88,1588.25,Cash on Delivery,Delivered,Standard,Website,LOYALTY5,North,6
38103724,658023,30-07-2024,Sports & Fitness,Gym Bag,1,1808.98,0,1808.98,350.48,325.62,2485.08,Debit Card,Delivered,Same Day,Mobile App,,Central,1
38135245,682946,29-06-2025,Home & Kitchen,Bedsheet Set,1,1959.32,2,1959.32,48.42,345.62,2314.17,Debit Card,Delivered,Standard,Website,FESTIVE15,North,5
38193842,501794,05-07-2024,Sports & Fitness,Yoga Mat,3,1272.2,15,3816.59,37.13,583.94,3865.17,Cash on Delivery,Delivered,Express,Website,,West,3
38225359,615369,23-10-2024,Beauty & Personal Care,Sunscreen SPF 50,1,897.95,12,897.95,68.15,142.24,1000.59,Credit Card,Processin,Express,Mobile App,,Central,
38290116,866302,23-06-2025,Books,Personal Finance Guide,3,739.87,10,2219.62,52.39,99.88,2149.93,UPI,Delivered,Standard,Mobile App,APPONLY10,West,5
38294035,754071,03-05-2025,Fashion,Running Shoes,1,4354.42,21,4354.42,76.44,412.8,3929.23,UPI,Delivered,Express,Website,FREESHIP,Central,3
38334760,360097,23-05-2024,Fashion,Sunglasses,2,1236.64,1,2473.28,66.67,293.83,2809.05,Cash on Delivery,Shipped,Express,Mobile App,WELCOME10,West,
38349843,950849,13-08-2024,Fashion,Backpack,4,2256.54,16,9026.15,9.09,909.84,8500.9,Wallet,Processin,Standard,Mobile App,APPONLY10,South,
38394605,593494,11-02-2024,Sports & Fitness,Cricket Bat,2,5110.87,15,10221.74,0,1563.93,10252.41,UPI,Delivered,Standard,Mobile App,,Central,5
38418433,369352,07-03-2025,Electronics,Noise Cancelling Headphones,2,9615.52,15,19231.03,93,2942.35,19381.73,UPI,Cancelled,Express,Marketplace,LOYALTY5,South,
38427067,754071,10-05-2025,Beauty & Personal Care,Lipstick,1,744.29,1,744.29,78.94,132.63,948.42,UPI,Delivered,Standard,Mobile App,APPONLY10,South,5
38436621,635748,19-12-2024,Home & Kitchen,Electric Kettle,1,1852.51,18,1852.51,92.81,273.43,1885.3,Net Banking,Shipped,Standard,Website,APPONLY10,South,
38436634,453000,07-10-2024,Fashion,Denim Jeans,1,2489.69,8,2489.69,67.5,274.86,2632.87,Debit Card,Returned,Standard,Mobile App,,West,
38439832,843601,08-12-2024,Sports & Fitness,Gym Bag,3,1621.74,17,4865.22,44.06,726.86,4809.05,UPI,Delivered,Standard,Mobile App,,North,5
38467069,901714,04-06-2024,Books,Exam Preparation Book,2,971.32,6,1942.64,57.52,91.3,1974.9,UPI,Returned,Standard,Marketplace,LOYALTY5,West,
38468444,636388,09-02-2025,Fashion,Running Shoes,2,3824.49,10,7648.98,149.99,826.09,7860.16,Debit Card,Delivered,Next Day,Website,,South,2
38487831,153016,12-05-2025,Grocery,Olive Oil 1L,4,937.75,0,3751,105.21,187.55,4043.76,Credit Card,Delivered,Express,Mobile App,,South,3
38522577,577095,04-01-2025,Fashion,Hoodie,1,2086.72,21,2086.72,148,197.82,1994.33,UPI,Confirmed,Next Day,Website,,East,
38539261,150522,17-12-2024,Electronics,Bluetooth Speaker,2,3318.02,12,6636.05,155.41,1051.15,7046.28,Cash on Delivery,Shipped,Next Day,Website,,North,
38597310,117673,22-07-2024,Fashion,Running Shoes,3,3994.22,15,11982.66,4.07,1222.23,11411.56,Credit Card,Delivered,Pickup Point,Mobile App,,West,5
38616376,892256,08-11-2025,Home & Kitchen,Table Lamp,3,1627.05,21,4881.15,0.14,694.1,4550.35,Credit Card,Delivered,Standard,Mobile App,,North,5
38663795,324969,15-04-2024,Home & Kitchen,Mixer Grinder,1,4727.21,11,4727.21,75.72,757.3,5040.24,Net Banking,Delivered,Express,Website,WELCOME10,West,3
38671822,462699,23-11-2024,Beauty & Personal Care,Perfume,3,2579.14,0,7737.42,31.79,1392.74,9161.95,UPI,Delivered,Standard,Mobile App,FREESHIP,West,5
38678597,785070,07-07-2025,Grocery,Olive Oil 1L,4,909.98,0,3639.91,0,182,3821.91,UPI,Delivered,Standard,Marketplace,,West,5
38682027,196350,28-09-2025,Sports & Fitness,Sports Shoes,1,3270.03,17,3270.03,99.29,488.54,3301.95,Debit Card,Delivered,Standard,Mobile App,,West,5
38688729,967182,24-04-2024,Grocery,Olive Oil 1L,2,920.82,26,1841.63,87.05,68.14,1518,UPI,Delivered,Standard,Mobile App,,South,5
38691463,723192,28-09-2025,Home & Kitchen,Mixer Grinder,2,4739.07,20,9478.14,0,1364.85,8947.36,Credit Card,Delivered,Standard,Marketplace,FESTIVE15,East,6
38709773,228176,08-10-2024,Beauty & Personal Care,Sunscreen SPF 50,2,830.36,0,1660.72,105.8,298.93,2065.45,Credit Card,Delivered,Express,Marketplace,,North,3
38712413,900979,09-03-2025,Books,Business Strategy Book,2,732.54,16,1465.08,76.68,61.53,1368.88,Debit Card,Cancelled,Standard,Website,APPONLY10,East,
38723371,674262,07-11-2024,Beauty & Personal Care,Face Serum,2,1249.46,0,2498.92,44.7,449.81,2993.43,Credit Card,Returned,Standard,Mobile App,,Central,
38727659,505043,29-11-2025,Home & Kitchen,Table Lamp,1,1424.79,2,1424.79,67.72,251.33,1715.34,Wallet,Shipped,Standard,Website,,West,
38729776,295820,17-10-2025,Electronics,1080p Webcam,1,3600.97,12,3600.97,47.23,570.39,3786.47,Credit Card,Delivered,Standard,Website,,South,5
38786044,333453,16-05-2024,Books,Fiction Bestseller,2,629.52,17,1259.04,62.29,52.25,1159.54,Credit Card,Delivered,Standard,Website,,South,5
38793668,542719,07-06-2025,Electronics,Power Bank,2,1620.14,15,3240.29,88.87,495.76,3338.88,Net Banking,Delivered,Standard,Mobile App,LOYALTY5,West,5
38802239,811596,29-02-2024,Sports & Fitness,Gym Bag,1,1772.94,5,1772.94,82.79,303.17,2070.25,Debit Card,Shipped,Standard,Mobile App,LOYALTY5,South,
38867609,820962,17-07-2025,Electronics,USB-C Hub,1,2162.87,16,2162.87,115.82,327.03,2259.66,UPI,Processin,Express,Website,SAVE20,North,
38898888,816237,03-03-2025,Beauty & Personal Care,Moisturizer,1,689.59,20,689.59,65.46,99.3,716.43,Credit Card,Delivered,Standard,Mobile App,,West,5
38906203,133161,29-06-2025,Sports & Fitness,Sports Shoes,1,3077.08,15,3077.08,123.66,470.79,3209.97,Debit Card,Delivered,Express,Marketplace,APPONLY10,West,3
38908472,315856,14-12-2025,Home & Kitchen,Table Lamp,1,1542.44,25,1542.44,98.5,208.23,1463.56,Wallet,Delivered,Standard,Website,FESTIVE15,South,5
38910448,157085,22-05-2025,Beauty & Personal Care,Shampoo,3,681.37,1,2044.12,67.82,364.26,2455.76,Cash on Delivery,Delivered,Standard,Website,,West,6
38949491,572666,22-02-2024,Fashion,Cotton T-Shirt,3,835.76,10,2507.29,68.39,270.79,2595.74,Credit Card,Processin,Standard,Mobile App,LOYALTY5,West,
38967849,800216,05-08-2025,Home & Kitchen,Mixer Grinder,3,4753.19,16,14259.57,32.33,2156.05,14166.42,Net Banking,Returned,Standard,Mobile App,,South,
39075547,285918,09-11-2025,Sports & Fitness,Cricket Bat,4,4780.68,10,19122.73,15.55,3097.88,20323.89,Cash on Delivery,Delivered,Standard,Mobile App,SAVE20,West,6
39103265,513727,21-01-2025,Grocery,Protein Cereal,1,637.99,11,637.99,39.37,28.39,635.57,UPI,Shipped,Pickup Point,Website,SAVE20,West,
39110630,319368,23-08-2025,Home & Kitchen,Bedsheet Set,2,1778.48,15,3556.96,168.31,544.22,3735.95,UPI,Delivered,Next Day,Website,,West,2
39120007,204535,09-02-2024,Fashion,Backpack,3,2188.05,26,6564.15,28.5,582.9,5468.87,UPI,Delivered,Standard,Website,,South,5
39125474,377152,17-10-2025,Fashion,Hoodie,3,2321.7,10,6965.11,20.52,752.23,7041.35,UPI,Delivered,Express,Marketplace,LOYALTY5,North,3
39149855,192903,29-07-2025,Home & Kitchen,Storage Organizer,3,914.91,6,2744.74,86.01,464.41,3130.48,Credit Card,Shipped,Standard,Mobile App,,North,
39171110,927867,23-12-2025,Electronics,Wireless Earbuds,3,2463.78,3,7391.35,193.39,1290.53,8653.53,Debit Card,Delivered,Next Day,Marketplace,WELCOME10,West,2
39173462,694959,14-02-2024,Electronics,USB-C Hub,2,2200.46,1,4400.93,10.2,784.25,5151.37,Credit Card,Delivered,Standard,Website,,North,5
39180980,192903,02-02-2025,Beauty & Personal Care,Face Serum,3,1482.19,16,4446.57,0,672.32,4407.44,Net Banking,Shipped,Standard,Mobile App,LOYALTY5,West,
39198761,555489,27-12-2025,Fashion,Backpack,3,2227.43,3,6682.29,67.74,777.82,7327.38,Wallet,Delivered,Express,Website,,North,3
39214893,210506,06-04-2024,Home & Kitchen,Mixer Grinder,1,4989.95,10,4989.95,0,808.37,5299.32,UPI,Delivered,Standard,Website,,South,5
39249524,774026,27-10-2025,Fashion,Sunglasses,3,1222.03,25,3666.09,71.82,329.95,3151.34,UPI,Delivered,Standard,Marketplace,,East,5
39274446,324969,26-10-2024,Fashion,Cotton T-Shirt,3,870.78,16,2612.33,162.22,263.32,2619.9,UPI,Shipped,Next Day,Mobile App,,Central,
39276560,469900,09-07-2024,Grocery,Premium Coffee,2,670.35,6,1340.69,145.3,63.01,1468.56,Debit Card,Delivered,Next Day,Mobile App,,South,2
39320938,760624,10-06-2024,Sports & Fitness,Sports Shoes,3,3214.2,11,9642.61,54.98,1544.75,10181.65,UPI,Delivered,Standard,Website,,West,5
39327007,533192,30-01-2025,Fashion,Denim Jeans,1,2320.15,10,2320.15,96.78,250.58,2435.49,Credit Card,Delivered,Next Day,Website,,West,2
39346515,810253,17-11-2025,Sports & Fitness,Dumbbell Set,1,3432.87,7,3432.87,37.12,574.66,3804.35,Credit Card,Delivered,Standard,Website,FESTIVE15,West,6
39381400,371899,11-02-2025,Sports & Fitness,Yoga Mat,2,1360.18,15,2720.37,66.23,416.22,2794.76,Cash on Delivery,Delivered,Standard,Marketplace,FESTIVE15,South,5
39395344,212225,04-06-2024,Beauty & Personal Care,Moisturizer,1,823.46,15,823.46,108.46,125.99,934.39,Credit Card,Delivered,Express,Marketplace,,North,3
39406232,957716,16-01-2025,Home & Kitchen,Table Lamp,2,1483.42,10,2966.85,52.62,480.63,3203.42,Debit Card,Processin,Standard,Mobile App,LOYALTY5,East,
39413298,986247,14-09-2024,Fashion,Casual Shirt,1,1766.46,16,1766.46,35.08,178.06,1696.97,UPI,Returned,Pickup Point,Website,,North,
39433473,151852,07-04-2024,Electronics,Bluetooth Speaker,3,3363.55,5,10090.66,0,1725.5,11311.63,Credit Card,Delivered,Standard,Website,,Central,5
39453173,360097,29-05-2025,Books,Cookbook,3,769.32,1,2307.95,221.99,114.24,2621.1,UPI,Delivered,Next Day,Mobile App,,South,2
39477599,882469,15-07-2025,Books,Fiction Bestseller,4,632.63,11,2530.54,91.98,112.61,2456.77,UPI,Delivered,Express,Mobile App,FREESHIP,East,3
39484718,934458,03-08-2024,Grocery,Dry Fruits 500g,2,813.43,16,1626.86,49.75,68.33,1484.64,Credit Card,Delivered,Standard,Website,,North,5
39487819,469900,13-09-2024,Fashion,Women’s Kurta,3,1547.64,1,4642.92,21.86,551.58,5169.93,Net Banking,Delivered,Express,Mobile App,SAVE20,West,3
39488452,817095,06-05-2024,Grocery,Protein Cereal,4,625.87,0,2503.47,113.14,125.17,2741.78,UPI,Delivered,Standard,Mobile App,,South,5
39489755,833858,10-12-2025,Electronics,USB-C Hub,1,2280.08,12,2280.08,75.96,361.16,2443.59,Cash on Delivery,Delivered,Standard,Mobile App,APPONLY10,North,5
39519590,260355,01-12-2024,Electronics,Power Bank,3,1551.43,12,4654.28,14.42,737.24,4847.43,Credit Card,Shipped,Standard,Website,,South,
39539478,614894,20-05-2024,Books,Cookbook,2,825.64,10,1651.27,140.53,74.31,1700.98,UPI,Shipped,Express,Website,FREESHIP,North,
39540915,870085,18-09-2024,Electronics,Smartwatch,2,6101.29,12,12202.58,0,1932.89,12671.16,UPI,Delivered,Pickup Point,Website,APPONLY10,West,5
39571211,676565,24-01-2025,Fashion,Running Shoes,4,3955.5,20,15822.01,0,1518.91,14176.52,Cash on Delivery,Delivered,Standard,Website,,North,5
39572616,819409,29-01-2025,Sports & Fitness,Cricket Bat,1,3901.86,0,3901.86,0,702.33,4604.19,Net Banking,Delivered,Standard,Mobile App,,West,5
39577926,819409,24-10-2025,Fashion,Denim Jeans,1,2331.6,12,2331.6,54.78,246.22,2352.81,UPI,Delivered,Standard,Website,,West,5
39641593,918157,25-06-2025,Fashion,Running Shoes,4,4109.54,16,16438.18,0,1656.97,15465.04,UPI,Delivered,Standard,Website,,West,6
39685707,250088,30-10-2024,Fashion,Denim Jeans,2,2263.54,2,4527.07,0,532.38,4968.91,Net Banking,Shipped,Standard,Mobile App,SAVE20,South,
39688769,836088,16-10-2025,Home & Kitchen,Water Bottle,2,1128.87,7,2257.73,159.73,377.94,2637.36,UPI,Delivered,Same Day,Mobile App,,North,1
39707054,545331,22-03-2024,Electronics,Noise Cancelling Headphones,1,7887.52,1,7887.52,0,1405.56,9214.2,UPI,Delivered,Standard,Mobile App,APPONLY10,South,5
39713921,593494,01-10-2025,Fashion,Hoodie,3,2090.77,25,6272.3,0,564.51,5268.73,UPI,Delivered,Standard,Marketplace,FREESHIP,North,5
39734361,404470,18-02-2025,Home & Kitchen,Table Lamp,2,1455.04,12,2910.08,119.23,460.96,3141.06,UPI,Delivered,Express,Mobile App,,South,3
39750972,442761,26-07-2025,Fashion,Running Shoes,1,4070.62,0,4070.62,16.49,488.47,4575.58,Net Banking,Delivered,Standard,Website,,East,5
39767596,446115,21-12-2025,Fashion,Cotton T-Shirt,2,887.86,30,1775.72,35.69,149.16,1427.85,Wallet,Delivered,Standard,Mobile App,,West,5
39778258,469900,07-10-2025,Sports & Fitness,Cricket Bat,2,4452.33,26,8904.66,161.78,1186.1,7937.33,Credit Card,Delivered,Next Day,Website,,West,2
39797585,202824,07-04-2024,Home & Kitchen,Water Bottle,1,1102.5,15,1102.5,57.7,168.68,1163.5,Net Banking,Delivered,Standard,Website,FESTIVE15,South,5
39801546,919527,25-09-2024,Books,Business Strategy Book,3,682.12,1,2046.36,60.47,101.3,2187.67,UPI,Shipped,Standard,Mobile App,,West,
39820947,248381,18-02-2024,Fashion,Cotton T-Shirt,3,924.32,16,2772.96,118.13,279.51,2726.93,Credit Card,Delivered,Express,Mobile App,APPONLY10,North,3
39827464,595261,14-06-2025,Home & Kitchen,Table Lamp,2,1555.41,12,3110.82,100.55,492.75,3330.82,Debit Card,Delivered,Express,Mobile App,,West,3
39846200,922983,31-01-2025,Fashion,Cotton T-Shirt,3,959.31,10,2877.94,109.6,310.82,3010.57,UPI,Delivered,Express,Mobile App,FESTIVE15,South,3
39852221,735116,18-04-2025,Sports & Fitness,Fitness Resistance Bands,1,1032.47,6,1032.47,94.05,174.69,1239.26,Credit Card,Cancelled,Standard,Mobile App,,East,
39858360,753025,22-09-2024,Electronics,Bluetooth Speaker,1,3447,16,3447,211.71,521.19,3628.38,Credit Card,Delivered,Same Day,Website,,North,1
39866168,178252,23-07-2025,Fashion,Hoodie,1,2345.72,25,2345.72,113.33,211.11,2083.73,Cash on Delivery,Processin,Express,Mobile App,SAVE20,North,
39873776,832532,18-07-2025,Books,Exam Preparation Book,1,1022.83,6,1022.83,215.4,48.07,1224.93,Debit Card,Delivered,Next Day,Mobile App,WELCOME10,South,2
39898535,554476,25-02-2025,Electronics,Noise Cancelling Headphones,2,8781.7,16,17563.4,53.36,2655.59,17462.21,Cash on Delivery,Delivered,Standard,Mobile App,SAVE20,South,5
39936570,811520,22-11-2025,Fashion,Running Shoes,1,4230.59,11,4230.59,121,451.83,4338.06,Credit Card,Shipped,Next Day,Marketplace,APPONLY10,North,
39939401,545331,07-12-2024,Fashion,Cotton T-Shirt,2,835.86,21,1671.72,165.17,158.48,1644.31,Credit Card,Delivered,Next Day,Website,FESTIVE15,South,2
39957175,172816,10-06-2025,Books,Exam Preparation Book,3,1046.69,0,3140.07,29.39,157,3326.46,Credit Card,Delivered,Standard,Website,,South,5
39998985,361664,27-07-2024,Sports & Fitness,Fitness Resistance Bands,1,1028.02,6,1028.02,69.83,173.94,1210.11,Debit Card,Delivered,Standard,Mobile App,,South,5
40005106,935452,21-07-2024,Books,Business Strategy Book,2,610.69,11,1221.37,76.45,54.35,1217.82,Debit Card,Delivered,Standard,Website,,North,5
40029533,319368,29-08-2025,Books,Fiction Bestseller,2,700.6,20,1401.21,30.7,56.05,1207.72,Credit Card,Delivered,Pickup Point,Mobile App,SAVE20,East,5
40049248,510338,15-01-2024,Electronics,Wireless Earbuds,3,2526.87,10,7580.62,25.74,1228.06,8076.36,UPI,Delivered,Standard,Marketplace,,North,5
40065278,939766,11-03-2025,Fashion,Casual Shirt,2,1846.05,11,3692.11,71.75,394.32,3752.05,Debit Card,Delivered,Express,Mobile App,LOYALTY5,North,3
40068969,192285,28-03-2024,Home & Kitchen,Bedsheet Set,1,1850.62,0,1850.62,130.08,333.11,2313.81,Debit Card,Delivered,Express,Mobile App,,West,3
40117449,505043,29-05-2024,Fashion,Running Shoes,2,3884.27,0,7768.55,0,932.23,8700.78,Credit Card,Shipped,Pickup Point,Mobile App,,Central,
40122721,708547,27-02-2025,Home & Kitchen,Air Fryer,4,7056.01,21,28224.06,2.68,4013.46,26313.15,Debit Card,Delivered,Standard,Website,,North,5
40122955,218555,18-07-2024,Home & Kitchen,Water Bottle,4,1047.91,1,4191.65,36.18,746.95,4932.86,UPI,Shipped,Standard,Mobile App,,North,
40174154,811520,11-09-2024,Sports & Fitness,Dumbbell Set,1,3452.14,11,3452.14,61.64,553.03,3687.07,UPI,Shipped,Express,Marketplace,,West,
40174699,505043,09-11-2025,Home & Kitchen,Non-Stick Cookware Set,1,5924.57,15,5924.57,8.82,906.46,5951.16,UPI,Delivered,Standard,Website,FREESHIP,South,5
40212002,156356,19-02-2025,Books,Business Strategy Book,1,694.17,11,694.17,104.21,30.89,752.91,Net Banking,Delivered,Standard,Website,LOYALTY5,South,5
40214581,924729,12-09-2025,Sports & Fitness,Cricket Bat,1,4709.5,0,4709.5,131.59,847.71,5688.8,UPI,Returned,Next Day,Marketplace,,North,
40224187,698839,17-10-2024,Beauty & Personal Care,Lipstick,1,807.66,15,807.66,81.87,123.57,891.95,Credit Card,Delivered,Express,Website,FESTIVE15,South,3
40234827,202824,16-03-2024,Home & Kitchen,Mixer Grinder,3,5185.17,15,15555.5,47.17,2379.99,15649.34,UPI,Processin,Standard,Mobile App,,Central,
40273051,900979,16-04-2025,Home & Kitchen,Storage Organizer,2,938.62,11,1877.24,62.24,300.73,2033.71,Net Banking,Returned,Standard,Mobile App,SAVE20,South,
40277379,726894,13-06-2024,Electronics,Bluetooth Speaker,2,2986.95,16,5973.89,86,903.25,6007.32,UPI,Delivered,Express,Mobile App,,West,3
40299384,263044,21-05-2025,Beauty & Personal Care,Sunscreen SPF 50,3,901.48,16,2704.45,71.7,408.91,2752.35,UPI,Delivered,Standard,Website,,West,5
40301352,644492,07-10-2025,Beauty & Personal Care,Shampoo,3,780.52,6,2341.56,81.47,396.19,2678.73,Wallet,Delivered,Standard,Website,LOYALTY5,South,6
40324140,726894,04-01-2024,Fashion,Backpack,6,2320.76,16,13924.58,58.02,1403.6,13158.27,Cash on Delivery,Delivered,Express,Marketplace,,Central,3
40324888,333453,23-11-2024,Beauty & Personal Care,Perfume,1,2554.69,22,2554.69,56.96,358.68,2408.3,Cash on Delivery,Shipped,Standard,Website,,West,
40349372,504612,30-01-2025,Fashion,Denim Jeans,2,2400.51,10,4801.01,8.53,518.51,4847.95,Credit Card,Delivered,Standard,Mobile App,,North,5
40361176,101742,20-11-2025,Sports & Fitness,Dumbbell Set,2,3415.62,7,6831.24,0,1143.55,7496.6,UPI,Delivered,Pickup Point,Mobile App,FREESHIP,North,5
40409285,754071,24-03-2024,Home & Kitchen,Mixer Grinder,3,4633.69,21,13901.06,29.36,1976.73,12987.93,Debit Card,Delivered,Standard,Mobile App,LOYALTY5,West,5
40410448,487208,19-09-2025,Grocery,Dry Fruits 500g,4,750.21,0,3000.85,10.35,150.04,3161.24,Net Banking,Delivered,Standard,Mobile App,,Central,5
40421945,303829,11-07-2025,Fashion,Women’s Kurta,4,1580.43,11,6321.74,35.7,675.16,6337.21,UPI,Shipped,Express,Website,,West,
40430442,979363,30-10-2025,Sports & Fitness,Gym Bag,1,1934,13,1934,103.23,302.86,2088.67,UPI,Delivered,Standard,Mobile App,,West,5
40440171,751689,16-02-2025,Electronics,Noise Cancelling Headphones,3,8654.67,1,25964.01,19.38,4626.79,30350.54,Credit Card,Delivered,Standard,Mobile App,FESTIVE15,South,5
40462066,196770,18-12-2025,Electronics,Smartwatch,1,6578.55,15,6578.55,0,1006.52,6598.29,Net Banking,Delivered,Standard,Website,FESTIVE15,North,5
40471540,930111,09-06-2024,Fashion,Hoodie,1,2259.55,5,2259.55,76.14,257.59,2480.3,Credit Card,Delivered,Standard,Website,,West,7
40474191,377531,20-10-2025,Fashion,Backpack,2,2223.87,21,4447.74,51.73,421.65,3987.09,UPI,Delivered,Express,Website,,South,3
40511781,843601,02-09-2025,Home & Kitchen,Bedsheet Set,2,1866.74,10,3733.48,0,604.82,3964.95,Cash on Delivery,Delivered,Express,Mobile App,,North,3
40524374,507481,20-07-2024,Sports & Fitness,Cricket Bat,1,4432.29,1,4432.29,67.87,789.83,5245.67,Credit Card,Delivered,Express,Mobile App,APPONLY10,Central,3
40538228,450368,04-06-2024,Books,Data Analytics Handbook,2,1042.78,10,2085.57,101.01,93.85,2071.87,Net Banking,Delivered,Express,Website,,North,5
40554849,986247,01-08-2025,Electronics,Wireless Earbuds,2,2234.89,1,4469.79,161.17,796.52,5382.78,Credit Card,Delivered,Next Day,Mobile App,,North,2
40575179,350814,25-07-2024,Home & Kitchen,Bedsheet Set,3,1904.58,6,5713.74,40.05,966.77,6377.74,Debit Card,Delivered,Standard,Mobile App,SAVE20,Central,6
40598248,218174,06-09-2025,Fashion,Backpack,2,2467.79,11,4935.57,14.65,527.12,4934.43,Wallet,Shipped,Standard,Mobile App,,East,
40614864,857238,13-08-2025,Electronics,USB-C Hub,1,2297.23,6,2297.23,58.76,388.69,2606.85,UPI,Returned,Standard,Mobile App,,East,
40640340,555489,15-12-2025,Grocery,Premium Coffee,5,644.93,13,3224.66,40.65,140.27,2986.37,Credit Card,Delivered,Pickup Point,Mobile App,FESTIVE15,West,5
40667704,132368,22-08-2024,Grocery,Protein Cereal,1,595.79,0,595.79,259.36,29.79,884.94,Wallet,Returned,Next Day,Website,,South,
40672578,844808,13-11-2024,Sports & Fitness,Sports Shoes,1,3728.44,18,3728.44,28.28,550.32,3635.92,Cash on Delivery,Delivered,Standard,Mobile App,SAVE20,Central,5
40716888,870085,02-07-2025,Grocery,Organic Rice 5kg,4,726.99,17,2907.97,61.5,120.68,2595.8,Cash on Delivery,Returned,Standard,Website,,South,
40718909,106421,03-11-2025,Fashion,Hoodie,1,2381.15,22,2381.15,86.49,222.88,2166.67,UPI,Delivered,Standard,Website,,South,5
40736117,754071,08-10-2025,Grocery,Snack Assortment,1,496.64,8,496.64,60.46,22.85,540.22,UPI,Shipped,Standard,Mobile App,,East,
40751173,273970,12-06-2025,Electronics,1080p Webcam,4,3522.63,0,14090.51,46.41,2536.29,16673.21,UPI,Returned,Express,Mobile App,,West,
40757867,575698,02-08-2025,Grocery,Protein Cereal,3,611.39,1,1834.17,82.32,90.79,1988.94,Credit Card,Delivered,Standard,Website,FREESHIP,West,5
40784656,706997,20-05-2024,Beauty & Personal Care,Perfume,2,2567.02,11,5134.04,49.35,822.47,5441.12,Cash on Delivery,Delivered,Standard,Marketplace,,Central,5
40850921,228445,18-11-2025,Sports & Fitness,Dumbbell Set,2,3121.08,30,6242.16,59.33,786.51,5215.35,UPI,Shipped,Standard,Mobile App,,East,
40866754,574198,07-02-2024,Fashion,Casual Shirt,2,1748.39,11,3496.78,0,373.46,3485.59,Wallet,Returned,Standard,Website,FESTIVE15,West,
40878186,946244,13-04-2024,Beauty & Personal Care,Shampoo,3,705.38,10,2116.13,54.33,342.81,2301.66,Debit Card,Delivered,Standard,Website,LOYALTY5,West,5
40888106,196350,01-07-2024,Fashion,Backpack,5,2371.62,2,11858.09,204.62,1394.51,13220.06,UPI,Delivered,Next Day,Mobile App,LOYALTY5,West,2
40909639,215726,20-05-2025,Fashion,Cotton T-Shirt,2,880.26,7,1760.51,90.16,196.47,1923.9,Cash on Delivery,Delivered,Standard,Mobile App,,East,5
40916533,945783,25-06-2024,Home & Kitchen,Water Bottle,1,957.73,0,957.73,177.83,172.39,1307.95,Credit Card,Confirmed,Next Day,Website,,South,
40921056,908569,29-10-2024,Home & Kitchen,Table Lamp,1,1561.72,3,1561.72,120.46,272.68,1908.01,Net Banking,Shipped,Express,Marketplace,,North,
40936214,832532,26-04-2025,Fashion,Casual Shirt,2,2047.2,1,4094.39,31.82,486.41,4571.68,UPI,Shipped,Standard,Website,FREESHIP,East,
40940558,484328,17-11-2024,Home & Kitchen,Electric Kettle,1,2210.35,8,2210.35,92.84,366.03,2492.39,Credit Card,Delivered,Standard,Marketplace,FREESHIP,North,5
40984441,532465,14-10-2024,Home & Kitchen,Air Fryer,1,7894.85,10,7894.85,4.97,1278.97,8389.31,Wallet,Delivered,Standard,Mobile App,FREESHIP,West,5
40990879,573260,13-10-2024,Home & Kitchen,Water Bottle,1,928.18,26,928.18,105.7,123.63,916.18,Credit Card,Delivered,Express,Mobile App,FESTIVE15,South,4
41006701,171842,14-12-2025,Books,Fiction Bestseller,3,552.99,5,1658.97,61.3,78.8,1716.12,Debit Card,Cancelled,Standard,Marketplace,,West,
41011045,701235,20-11-2025,Fashion,Cotton T-Shirt,3,834.7,25,2504.09,247.91,225.37,2351.35,Wallet,Confirmed,Same Day,Mobile App,,South,
41021743,292070,20-11-2024,Electronics,USB-C Hub,3,2293.94,8,6881.83,17.9,1139.63,7488.81,Net Banking,Delivered,Standard,Mobile App,WELCOME10,South,5
41058772,505043,07-11-2025,Books,Data Analytics Handbook,2,961.73,10,1923.47,110.13,86.56,1927.81,Debit Card,Delivered,Express,Mobile App,SAVE20,West,3
41069455,156356,12-10-2024,Home & Kitchen,Bedsheet Set,1,2046.58,8,2046.58,64.71,338.91,2286.47,UPI,Delivered,Standard,Website,FESTIVE15,West,5
41087976,477682,13-11-2024,Fashion,Cotton T-Shirt,3,892.63,1,2677.89,112.39,318.13,3081.63,UPI,Delivered,Next Day,Website,LOYALTY5,South,3
41099403,705771,19-03-2025,Grocery,Dry Fruits 500g,6,749.65,5,4497.91,46.27,213.65,4532.93,UPI,Delivered,Standard,Mobile App,,South,7
41107676,859409,13-10-2024,Fashion,Women’s Kurta,1,1375.33,16,1375.33,105.16,138.63,1399.07,UPI,Delivered,Express,Marketplace,,West,3
41136608,285228,03-07-2025,Home & Kitchen,Electric Kettle,2,1880.09,21,3760.18,67.51,534.7,3572.75,Cash on Delivery,Delivered,Standard,Website,,South,5
41138154,361664,09-03-2024,Grocery,Dry Fruits 500g,1,854.14,1,854.14,42.1,42.28,929.98,Debit Card,Delivered,Standard,Mobile App,,South,5
41138925,360910,31-10-2025,Sports & Fitness,Gym Bag,2,1662.36,5,3324.72,0,568.53,3727.01,Wallet,Delivered,Standard,Mobile App,,West,5
41162716,123983,26-03-2025,Sports & Fitness,Gym Bag,2,1589.88,21,3179.76,129.48,452.16,3093.65,Debit Card,Delivered,Express,Marketplace,LOYALTY5,South,3
41164484,732254,25-12-2024,Electronics,Mechanical Keyboard,2,4423.77,7,8847.54,32.53,1481.08,9741.82,Credit Card,Shipped,Standard,Website,FESTIVE15,South,
41164597,626829,15-01-2024,Home & Kitchen,Mixer Grinder,2,5399.18,10,10798.36,2.37,1749.33,11470.22,Net Banking,Delivered,Standard,Mobile App,WELCOME10,West,5
41168196,377531,06-12-2025,Fashion,Backpack,2,2437.17,28,4874.33,174.46,421.14,4105.12,Net Banking,Delivered,Same Day,Marketplace,,West,1
41182127,950849,30-10-2025,Sports & Fitness,Sports Shoes,1,3338.13,8,3338.13,0,552.79,3623.87,UPI,Delivered,Pickup Point,Marketplace,,South,5
41277977,897009,08-06-2024,Books,Fiction Bestseller,3,597.01,6,1791.04,54.24,84.18,1822,Debit Card,Delivered,Standard,Website,,South,5
41287129,726019,20-08-2025,Sports & Fitness,Sports Shoes,3,3232.71,11,9698.13,92.12,1553.64,10277.1,Debit Card,Delivered,Express,Mobile App,FREESHIP,South,3
41288263,602650,28-09-2025,Fashion,Sunglasses,3,1273.57,1,3820.7,13.01,453.9,4249.4,Debit Card,Processin,Standard,Website,,South,
41300454,806629,08-09-2024,Books,Personal Finance Guide,3,752.85,15,2258.55,33.08,95.99,2048.84,Credit Card,Delivered,Pickup Point,Website,FESTIVE15,West,5
41311823,513727,16-08-2025,Home & Kitchen,Mixer Grinder,2,4692.38,1,9384.75,78,1672.36,11041.26,Credit Card,Delivered,Express,Marketplace,,South,3
41367279,303829,20-02-2024,Beauty & Personal Care,Moisturizer,2,713.29,1,1426.59,41.57,254.22,1708.11,UPI,Returned,Pickup Point,Website,,Central,
41375811,141597,23-08-2024,Home & Kitchen,Air Fryer,2,6712.98,16,13425.97,0,2030.01,13307.82,UPI,Returned,Standard,Mobile App,,North,
41390290,726019,11-02-2024,Fashion,Hoodie,2,2125.47,16,4250.95,0,428.5,3999.3,UPI,Delivered,Pickup Point,Mobile App,,West,5
41397268,680558,22-06-2025,Beauty & Personal Care,Moisturizer,2,752.57,10,1505.15,127.46,243.84,1725.94,Cash on Delivery,Cancelled,Express,Website,,East,
41412975,261020,08-05-2025,Home & Kitchen,Storage Organizer,4,917.45,21,3669.81,30.56,521.85,3451.56,UPI,Delivered,Standard,Mobile App,,South,5
41449350,360097,17-06-2024,Electronics,1080p Webcam,2,3867.61,11,7735.22,0,1239.18,8123.53,UPI,Confirmed,Standard,Website,,West,
41468021,905420,22-08-2025,Fashion,Cotton T-Shirt,3,943.52,16,2830.55,161.23,285.32,2824.21,Credit Card,Delivered,Next Day,Website,,West,2
41481904,819409,13-04-2025,Electronics,Wireless Earbuds,3,2435.23,15,7305.7,0,1117.77,7327.61,Debit Card,Delivered,Standard,Website,SAVE20,South,5
41541802,726019,05-10-2025,Sports & Fitness,Fitness Resistance Bands,1,1064.77,13,1064.77,78.54,166.74,1171.63,Debit Card,Delivered,Standard,Mobile App,,West,5
41552698,267818,16-02-2024,Fashion,Hoodie,3,2103.09,20,6309.28,150.1,605.69,5803.21,Wallet,Delivered,Next Day,Website,,West,2
41570550,530556,03-08-2024,Beauty & Personal Care,Hair Dryer,1,2788.01,10,2788.01,89.13,451.66,3050,Debit Card,Delivered,Standard,Marketplace,,East,5
41589219,900979,30-04-2025,Home & Kitchen,Water Bottle,2,1008.97,1,2017.95,136.19,359.6,2493.56,Credit Card,Delivered,Express,Mobile App,,Central,4
41617923,851300,11-11-2024,Grocery,Organic Rice 5kg,5,741.5,10,3707.52,31.82,166.84,3535.43,Cash on Delivery,Shipped,Standard,Website,SAVE20,South,
41631415,402445,02-02-2024,Books,Personal Finance Guide,1,715.51,16,715.51,53.66,30.05,684.74,Credit Card,Delivered,Standard,Marketplace,WELCOME10,South,5
41646323,726894,10-11-2024,Fashion,Sunglasses,4,1233.42,1,4933.68,73.69,586.12,5544.15,Cash on Delivery,Delivered,Standard,Mobile App,,South,5
41656869,844751,11-04-2024,Fashion,Backpack,3,2507.94,15,7523.81,0,767.43,7162.67,UPI,Delivered,Standard,Website,SAVE20,South,7
41689093,288257,26-05-2024,Beauty & Personal Care,Shampoo,3,696.78,10,2090.34,163.37,338.64,2383.32,Credit Card,Delivered,Next Day,Website,LOYALTY5,South,2
41759334,744677,26-01-2024,Books,Data Analytics Handbook,2,864.01,6,1728.02,57.47,81.22,1763.03,Debit Card,Shipped,Standard,Website,FESTIVE15,Central,
41761056,741739,31-12-2025,Electronics,Bluetooth Speaker,5,3388.09,13,16940.44,0,2652.87,17391.05,Debit Card,Delivered,Pickup Point,Marketplace,,South,7
41774903,453000,20-01-2024,Home & Kitchen,Bedsheet Set,1,2037.92,11,2037.92,81.02,326.47,2221.24,Credit Card,Delivered,Standard,Website,,North,5
41784458,658023,19-06-2024,Home & Kitchen,Water Bottle,1,913.1,15,913.1,171.96,139.71,1087.81,Cash on Delivery,Delivered,Express,Website,,South,3
41788480,836088,10-11-2025,Electronics,USB-C Hub,1,2287.9,22,2287.9,29.5,321.22,2135.28,UPI,Delivered,Pickup Point,Mobile App,APPONLY10,South,5
41814990,141597,13-12-2025,Electronics,Noise Cancelling Headphones,1,9533.25,1,9533.25,92.41,1698.83,11229.16,Debit Card,Delivered,Express,Mobile App,WELCOME10,West,3
41815718,672334,24-08-2024,Sports & Fitness,Gym Bag,2,1778.42,0,3556.83,108.77,640.23,4305.83,Debit Card,Processin,Express,Website,,South,
41837098,934458,22-07-2024,Grocery,Olive Oil 1L,2,984.39,21,1968.77,105.46,77.77,1738.56,UPI,Delivered,Express,Mobile App,,West,3
41838420,507481,08-06-2024,Home & Kitchen,Mixer Grinder,2,4370,11,8740,8.54,1400.15,9187.29,UPI,Delivered,Standard,Marketplace,,South,6
41863683,615369,16-04-2024,Electronics,Noise Cancelling Headphones,3,9556.23,25,28668.68,0,3870.27,25371.78,UPI,Delivered,Pickup Point,Mobile App,FESTIVE15,Central,5
41885372,284383,02-03-2025,Home & Kitchen,Mixer Grinder,1,5027.09,6,5027.09,7.2,850.58,5583.24,Credit Card,Delivered,Standard,Mobile App,FESTIVE15,West,5
41890862,453000,21-07-2024,Sports & Fitness,Fitness Resistance Bands,1,996.54,26,996.54,75.18,132.74,945.36,Net Banking,Delivered,Express,Website,LOYALTY5,East,3
41895210,250415,07-10-2024,Home & Kitchen,Table Lamp,1,1471.32,0,1471.32,108.39,264.84,1844.55,UPI,Delivered,Express,Marketplace,FREESHIP,East,4
41917816,496352,19-08-2024,Sports & Fitness,Cricket Bat,2,4644.33,1,9288.66,30.73,1655.24,10881.74,UPI,Delivered,Standard,Website,LOYALTY5,East,5
41919070,981552,18-12-2024,Electronics,Wireless Earbuds,2,2548.74,13,5097.48,0,798.27,5233.08,Credit Card,Delivered,Pickup Point,Mobile App,APPONLY10,West,5
41936967,950712,03-06-2024,Fashion,Women’s Kurta,3,1639.02,1,4917.07,111.58,584.15,5563.63,Cash on Delivery,Shipped,Express,Mobile App,SAVE20,South,
41943273,732254,28-04-2025,Home & Kitchen,Electric Kettle,1,2037.41,25,2037.41,69.43,275.05,1872.54,UPI,Cancelled,Standard,Mobile App,,West,
41968910,869164,12-11-2025,Beauty & Personal Care,Moisturizer,3,825.84,4,2477.51,227.69,428.11,3034.21,Cash on Delivery,Cancelled,Same Day,Mobile App,,West,
41984804,965732,04-07-2024,Electronics,USB-C Hub,2,2372.41,15,4744.81,0,725.96,4759.05,Debit Card,Delivered,Standard,Mobile App,,South,5
41995609,325460,30-12-2024,Fashion,Women’s Kurta,2,1528.92,16,3057.83,20.51,308.23,2897.32,UPI,Delivered,Standard,Mobile App,,South,5
41997356,501794,11-03-2024,Home & Kitchen,Mixer Grinder,2,4512.3,0,9024.61,115.56,1624.43,10764.6,UPI,Processin,Next Day,Mobile App,,West,
42015941,469900,14-04-2025,Home & Kitchen,Water Bottle,2,1007.71,11,2015.42,43.29,322.87,2159.88,Wallet,Delivered,Standard,Website,,West,5
42028411,333453,01-10-2024,Electronics,Noise Cancelling Headphones,3,9480.83,12,28442.48,19.92,4505.29,29554.59,Credit Card,Processin,Standard,Mobile App,,Central,
42034653,147630,24-01-2025,Books,Fiction Bestseller,3,683.14,5,2049.42,102.61,97.35,2146.91,Credit Card,Shipped,Standard,Mobile App,LOYALTY5,West,
42043597,268660,21-12-2024,Home & Kitchen,Table Lamp,1,1502.41,2,1502.41,72.51,265.02,1809.89,Cash on Delivery,Cancelled,Standard,Website,WELCOME10,South,
42047924,228445,21-12-2025,Grocery,Olive Oil 1L,5,886.21,15,4431.05,0,188.32,3954.71,Credit Card,Delivered,Standard,Marketplace,,West,5
42141231,710795,28-06-2024,Home & Kitchen,Water Bottle,3,969.81,15,2909.44,109.88,445.14,3028.04,UPI,Delivered,Express,Mobile App,,West,3
42145979,297445,28-11-2024,Beauty & Personal Care,Hair Dryer,4,2869.96,3,11479.83,0,2004.38,13139.82,Wallet,Delivered,Pickup Point,Marketplace,APPONLY10,Central,5
42156620,215726,18-09-2025,Home & Kitchen,Electric Kettle,1,2032.42,2,2032.42,51.65,358.52,2401.94,Debit Card,Cancelled,Standard,Mobile App,,Central,
42204079,377531,14-01-2024,Electronics,USB-C Hub,4,2261.48,11,9045.91,54.62,1449.15,9554.63,Net Banking,Shipped,Express,Marketplace,,Central,
42231021,586782,24-05-2024,Fashion,Backpack,2,2402,0,4804.01,57.03,576.48,5437.52,Net Banking,Cancelled,Standard,Mobile App,,West,
42241595,844751,29-11-2025,Electronics,Wireless Earbuds,2,2550.06,12,5100.12,155.49,807.86,5451.46,Credit Card,Delivered,Same Day,Mobile App,FESTIVE15,West,1
42242102,277727,15-10-2024,Books,Data Analytics Handbook,4,875.25,1,3501.01,47.53,173.3,3686.83,Credit Card,Processin,Express,Mobile App,,West,
42258066,388158,18-08-2025,Sports & Fitness,Gym Bag,2,1812.44,1,3624.87,0,645.95,4234.57,Credit Card,Processin,Standard,Website,,East,
42285491,707613,03-07-2024,Beauty & Personal Care,Lipstick,4,822.92,16,3291.68,39.85,497.7,3302.56,UPI,Delivered,Pickup Point,Website,,South,5
42289635,870085,14-01-2025,Fashion,Cotton T-Shirt,2,834.59,2,1669.19,50.86,196.3,1882.97,UPI,Delivered,Standard,Mobile App,,West,5
42336421,798962,21-07-2024,Electronics,Bluetooth Speaker,1,3387.18,16,3387.18,80.12,512.14,3437.49,UPI,Delivered,Express,Website,LOYALTY5,North,3
42354546,529594,15-11-2025,Home & Kitchen,Electric Kettle,3,1810.28,5,5430.84,41.97,928.67,6129.94,Net Banking,Delivered,Standard,Mobile App,FREESHIP,West,5
42356791,500347,13-08-2024,Sports & Fitness,Fitness Resistance Bands,2,897.58,5,1795.16,110.51,306.97,2122.88,Debit Card,Delivered,Express,Mobile App,FESTIVE15,West,3
42373289,250088,29-08-2024,Grocery,Organic Rice 5kg,2,688.81,5,1377.62,21.77,65.44,1395.95,Debit Card,Delivered,Standard,Website,WELCOME10,South,5
42406860,901714,30-01-2024,Books,Personal Finance Guide,4,763.26,11,3053.06,98.29,135.86,2951.37,Credit Card,Delivered,Express,Mobile App,,North,3
42435556,905420,13-09-2025,Grocery,Organic Rice 5kg,2,727.9,1,1455.8,27.13,72.06,1540.43,Credit Card,Delivered,Standard,Mobile App,,West,5
42438793,985217,23-01-2025,Electronics,1080p Webcam,3,4001.15,25,12003.45,4.33,1620.47,10627.39,Credit Card,Delivered,Standard,Mobile App,,North,6
42457739,930111,23-07-2025,Fashion,Casual Shirt,1,1498.84,5,1498.84,18.98,170.87,1613.75,UPI,Delivered,Standard,Website,FESTIVE15,West,5
42469995,950921,13-06-2025,Electronics,1080p Webcam,2,3879.67,16,7759.33,90.45,1173.21,7781.5,Credit Card,Returned,Express,Mobile App,,Central,
42496055,361664,18-06-2025,Beauty & Personal Care,Moisturizer,5,837.68,6,4188.4,0,708.68,4645.78,Credit Card,Delivered,Standard,Website,,West,5
42500853,371899,24-05-2024,Grocery,Protein Cereal,1,575.54,0,575.54,158.1,28.78,762.42,Credit Card,Shipped,Next Day,Website,FESTIVE15,North,
42501463,123983,14-02-2025,Grocery,Green Tea,4,424.52,16,1698.08,64.67,71.32,1562.38,Debit Card,Delivered,Standard,Mobile App,,South,5
42510003,555489,07-06-2025,Electronics,1080p Webcam,1,3529.68,11,3529.68,45.54,565.46,3752.42,UPI,Delivered,Standard,Website,SAVE20,North,6
42511719,966122,20-08-2024,Electronics,Noise Cancelling Headphones,2,9160.45,16,18320.89,55.06,2770.12,18214.73,UPI,Shipped,Standard,Mobile App,,South,
42525764,121516,16-11-2024,Grocery,Premium Coffee,6,656.51,3,3939.05,73.82,191.04,4085.74,Cash on Delivery,Shipped,Express,Mobile App,,South,
42570325,333453,01-07-2025,Home & Kitchen,Bedsheet Set,3,1733.84,22,5201.51,37.24,730.29,4824.71,UPI,Delivered,Standard,Marketplace,,West,5
42575553,285228,18-10-2025,Home & Kitchen,Electric Kettle,2,1923.54,16,3847.09,2.44,581.68,3815.68,Net Banking,Delivered,Standard,Website,,West,5
42601706,505043,09-03-2025,Beauty & Personal Care,Shampoo,2,698.34,15,1396.67,129.42,213.69,1530.28,Net Banking,Delivered,Express,Website,,Central,3
42617042,857238,16-04-2024,Books,Exam Preparation Book,2,1072.65,1,2145.31,67.79,106.19,2297.84,UPI,Delivered,Express,Mobile App,,West,3
42618651,844820,03-07-2025,Grocery,Olive Oil 1L,2,929.46,6,1858.93,147.49,87.37,1982.25,Debit Card,Delivered,Next Day,Mobile App,SAVE20,West,2
42639516,224377,01-12-2024,Sports & Fitness,Gym Bag,2,1808.97,16,3617.94,59.14,547.03,3645.24,Debit Card,Shipped,Standard,Website,FESTIVE15,South,
42644297,224962,22-01-2024,Home & Kitchen,Non-Stick Cookware Set,1,5948.65,11,5948.65,271.24,952.97,6518.51,Credit Card,Shipped,Same Day,Mobile App,,Central,
42653624,371143,24-10-2025,Books,Data Analytics Handbook,2,916.94,5,1833.88,125.14,87.11,1954.44,UPI,Delivered,Express,Mobile App,,Central,3
42662983,950712,01-03-2025,Grocery,Protein Cereal,3,560.77,16,1682.31,72.37,70.66,1556.17,UPI,Delivered,Standard,Website,,West,5
42682491,181485,11-08-2025,Grocery,Olive Oil 1L,5,901.67,0,4508.37,0,225.42,4733.79,Credit Card,Delivered,Standard,Mobile App,,West,5
42710498,778728,05-07-2025,Home & Kitchen,Table Lamp,3,1374.83,5,4124.48,173.98,705.29,4797.53,Cash on Delivery,Delivered,Same Day,Marketplace,,West,1
42711673,890771,13-10-2025,Home & Kitchen,Storage Organizer,2,909.73,27,1819.45,267.54,239.08,1834.82,Wallet,Cancelled,Same Day,Marketplace,,South,
42738592,102684,15-11-2025,Grocery,Snack Assortment,4,517.2,12,2068.81,100.72,91.03,2012.3,Cash on Delivery,Shipped,Express,Marketplace,FREESHIP,South,
42740709,870085,24-02-2024,Beauty & Personal Care,Perfume,3,2699.41,17,8098.23,35.67,1209.88,7967.08,UPI,Processin,Standard,Website,SAVE20,West,
42750250,315856,03-04-2024,Books,Fiction Bestseller,2,582.11,10,1164.22,170.59,52.39,1270.78,Debit Card,Delivered,Next Day,Mobile App,APPONLY10,Central,2
42754826,513727,21-09-2025,Home & Kitchen,Bedsheet Set,3,2084.11,11,6252.33,17.32,1001.62,6583.51,UPI,Delivered,Standard,Website,,West,5
42760866,360097,31-12-2024,Beauty & Personal Care,Perfume,2,2549.71,11,5099.42,59.49,816.93,5414.9,UPI,Delivered,Express,Website,,Central,3
42827127,682171,05-10-2024,Electronics,Bluetooth Speaker,1,3033.61,15,3033.61,77.5,464.14,3120.21,Debit Card,Shipped,Express,Website,APPONLY10,West,
42828883,172816,27-07-2024,Electronics,USB-C Hub,1,2330.47,5,2330.47,237.58,398.51,2850.04,Cash on Delivery,Delivered,Same Day,Website,,South,1
42842224,930111,06-08-2024,Fashion,Sunglasses,1,1414.84,0,1414.84,123.84,169.78,1708.46,Debit Card,Delivered,Express,Mobile App,WELCOME10,West,3
42856335,848256,03-06-2025,Sports & Fitness,Sports Shoes,2,3228.45,5,6456.9,11.4,1104.13,7249.58,UPI,Returned,Standard,Marketplace,,North,
42864521,861740,22-12-2024,Electronics,Noise Cancelling Headphones,5,8724.94,14,43624.68,29.12,6753.1,44299.44,Debit Card,Confirmed,Express,Website,WELCOME10,South,
42873417,554091,02-11-2025,Electronics,Wireless Earbuds,1,2180.77,16,2180.77,121.9,329.73,2283.48,Credit Card,Delivered,Express,Website,,East,3
42897448,689987,07-07-2024,Grocery,Snack Assortment,4,489.98,1,1959.92,147.07,97.02,2184.41,Debit Card,Delivered,Express,Mobile App,,East,3
42920324,133161,22-08-2025,Sports & Fitness,Dumbbell Set,3,3340.19,0,10020.56,51.72,1803.7,11875.98,Debit Card,Delivered,Standard,Mobile App,FREESHIP,West,5
42924068,333453,05-01-2024,Grocery,Organic Rice 5kg,5,691.06,2,3455.29,80.12,169.31,3635.61,Debit Card,Delivered,Express,Website,LOYALTY5,West,3
42929878,672689,11-10-2024,Home & Kitchen,Water Bottle,2,953.9,15,1907.81,23.08,291.9,1936.62,Debit Card,Delivered,Pickup Point,Website,LOYALTY5,Central,5
42935688,726894,03-07-2025,Grocery,Protein Cereal,6,581.02,6,3486.11,0,163.85,3440.79,Credit Card,Delivered,Pickup Point,Website,APPONLY10,West,5
42994897,695125,16-02-2025,Home & Kitchen,Non-Stick Cookware Set,2,5848.05,15,11696.1,0,1789.5,11731.18,Credit Card,Delivered,Standard,Marketplace,FREESHIP,South,5
43004986,750637,26-12-2024,Home & Kitchen,Mixer Grinder,1,4842.3,28,4842.3,43.92,627.56,4157.94,Credit Card,Delivered,Express,Mobile App,,North,3
43067142,287592,07-08-2024,Beauty & Personal Care,Sunscreen SPF 50,1,968.39,16,968.39,211.83,146.42,1171.7,UPI,Delivered,Same Day,Website,,Central,1
43083174,968559,02-10-2024,Books,Data Analytics Handbook,4,819.11,22,3276.42,200.51,127.78,2883.9,Credit Card,Delivered,Same Day,Mobile App,,South,1
43089142,500347,07-10-2025,Beauty & Personal Care,Perfume,2,2286.24,5,4572.47,0,781.89,5125.74,Credit Card,Delivered,Standard,Marketplace,,West,5
43095453,870085,24-03-2024,Electronics,Smartwatch,2,6155.72,7,12311.45,0,2060.94,13510.59,Net Banking,Delivered,Standard,Mobile App,,East,5
43107230,891712,03-11-2025,Fashion,Women’s Kurta,2,1556.31,15,3112.61,32.23,317.49,2995.44,Net Banking,Delivered,Pickup Point,Mobile App,LOYALTY5,West,5
43131409,644492,20-09-2025,Home & Kitchen,Non-Stick Cookware Set,2,5604.28,16,11208.56,0,1694.73,11109.92,Credit Card,Shipped,Standard,Mobile App,LOYALTY5,North,
43229969,726019,10-07-2025,Home & Kitchen,Storage Organizer,2,938.72,16,1877.44,30.58,283.87,1891.5,UPI,Delivered,Standard,Mobile App,,East,5
43250088,742541,01-11-2025,Books,Data Analytics Handbook,2,888.04,26,1776.08,249.84,65.72,1629.86,UPI,Delivered,Same Day,Mobile App,FREESHIP,North,1
43267225,497429,14-06-2024,Home & Kitchen,Water Bottle,2,1025.7,17,2051.39,56.28,306.48,2065.41,Net Banking,Delivered,Standard,Mobile App,,West,5
43269430,785070,11-12-2024,Grocery,Premium Coffee,3,591.18,12,1773.53,32.83,78.04,1671.58,UPI,Delivered,Pickup Point,Mobile App,FREESHIP,West,5
43289790,459182,20-07-2024,Home & Kitchen,Non-Stick Cookware Set,2,5571.32,10,11142.63,0,1805.11,11833.48,Credit Card,Delivered,Standard,Website,,North,5
43311380,965732,11-10-2024,Beauty & Personal Care,Lipstick,3,785.32,15,2355.96,84,360.46,2447.03,Net Banking,Delivered,Standard,Website,,West,5
43319169,101742,24-11-2025,Fashion,Cotton T-Shirt,2,906.99,17,1813.97,269.9,180.67,1956.17,Credit Card,Returned,Same Day,Website,,South,
43381858,453000,16-11-2024,Electronics,Mechanical Keyboard,1,4623.77,3,4623.77,59.4,807.31,5351.77,UPI,Delivered,Express,Website,,West,3
43389150,732254,24-11-2024,Sports & Fitness,Dumbbell Set,2,3306.16,15,6612.32,61.81,1011.68,6693.96,UPI,Shipped,Express,Mobile App,APPONLY10,South,
43414406,930111,25-11-2024,Electronics,1080p Webcam,2,3942.24,0,7884.48,102.05,1419.21,9405.74,Credit Card,Shipped,Express,Website,FREESHIP,West,
43426920,989045,25-08-2024,Grocery,Organic Rice 5kg,1,659.48,11,659.48,109.17,29.35,725.46,Credit Card,Delivered,Express,Mobile App,WELCOME10,North,3
43427416,754071,06-09-2024,Fashion,Cotton T-Shirt,1,917.26,6,917.26,38.2,103.47,1003.89,Credit Card,Delivered,Pickup Point,Website,,North,5
43490453,950712,17-06-2024,Electronics,Smartwatch,2,6108.34,1,12216.67,16.06,2177.01,14287.57,Wallet,Delivered,Standard,Mobile App,SAVE20,East,5
43529869,477682,27-10-2025,Sports & Fitness,Fitness Resistance Bands,2,979.89,3,1959.78,67.6,342.18,2310.77,Net Banking,Delivered,Standard,Marketplace,,East,5
43537862,517375,25-04-2025,Sports & Fitness,Sports Shoes,2,3147.87,15,6295.74,109.72,963.25,6424.35,Debit Card,Returned,Next Day,Mobile App,WELCOME10,South,
43541888,901714,13-10-2024,Books,Data Analytics Handbook,3,903.63,1,2710.9,86.85,134.19,2904.83,UPI,Delivered,Standard,Website,,North,5
43562755,901714,31-10-2024,Home & Kitchen,Bedsheet Set,1,1949.85,11,1949.85,36.63,312.37,2084.37,Debit Card,Shipped,Standard,Website,,South,
43564287,459182,16-12-2024,Electronics,Mechanical Keyboard,2,4794.95,10,9589.9,193.48,1553.56,10377.95,Cash on Delivery,Delivered,Next Day,Marketplace,,Central,2
43573586,982501,15-10-2025,Fashion,Women’s Kurta,1,1693.87,10,1693.87,84.79,182.94,1792.21,UPI,Delivered,Express,Website,,West,3
43594196,774026,06-09-2024,Electronics,1080p Webcam,3,3847.49,20,11542.46,32.47,1662.11,10928.55,Cash on Delivery,Confirmed,Standard,Website,,Central,
43596259,717362,18-09-2024,Electronics,Power Bank,1,1544.49,10,1544.49,90.33,250.21,1730.58,Cash on Delivery,Delivered,Standard,Mobile App,,West,5
43598969,663050,13-10-2024,Beauty & Personal Care,Shampoo,3,701.58,7,2104.73,214.3,352.33,2524.03,Credit Card,Delivered,Same Day,Mobile App,,East,1
43628129,289404,26-07-2024,Fashion,Women’s Kurta,1,1627.71,1,1627.71,137.53,193.37,1942.33,UPI,Delivered,Express,Website,,South,3
43665969,108459,26-01-2024,Fashion,Cotton T-Shirt,2,862.52,6,1725.04,48.19,194.58,1864.31,Cash on Delivery,Delivered,Standard,Mobile App,WELCOME10,South,5
43712241,361664,15-02-2024,Sports & Fitness,Dumbbell Set,2,3503.15,11,7006.29,1.57,1122.41,7359.58,UPI,Delivered,Pickup Point,Website,SAVE20,Central,5
43725006,820962,26-10-2025,Sports & Fitness,Gym Bag,2,1909.19,18,3818.37,34.64,563.59,3729.29,UPI,Delivered,Express,Website,,North,3
43734523,713977,11-08-2025,Electronics,Wireless Earbuds,1,2526.83,5,2526.83,148.79,432.09,2981.37,UPI,Delivered,Express,Website,,West,3
43750895,469315,02-10-2024,Fashion,Cotton T-Shirt,1,804.55,16,804.55,62.35,81.1,819.27,Credit Card,Delivered,Standard,Website,APPONLY10,East,5
43753831,717362,27-01-2024,Fashion,Running Shoes,2,3968.18,0,7936.36,188.9,952.36,9077.62,UPI,Delivered,Same Day,Website,SAVE20,North,1
43756762,495243,06-01-2024,Books,Business Strategy Book,3,709.28,21,2127.83,137.97,84.05,1903.01,Credit Card,Returned,Express,Mobile App,,South,
43765936,500301,01-03-2025,Fashion,Running Shoes,2,4047.42,6,8094.84,12.38,913.1,8534.63,Net Banking,Delivered,Standard,Website,LOYALTY5,West,6
43779158,585805,28-06-2024,Electronics,Wireless Earbuds,2,2607.73,20,5215.46,192.68,751.03,5116.08,Credit Card,Delivered,Next Day,Marketplace,,West,2
43800113,934458,17-10-2025,Electronics,Wireless Earbuds,1,2233.98,16,2233.98,42.59,337.78,2256.91,UPI,Delivered,Pickup Point,Mobile App,FESTIVE15,West,6
43820081,239803,03-10-2024,Beauty & Personal Care,Hair Dryer,1,2659.19,5,2659.19,134.9,454.72,3115.85,UPI,Delivered,Express,Marketplace,,North,3
43848554,834010,03-03-2025,Books,Business Strategy Book,3,776.28,15,2328.85,130.66,98.98,2209.16,Debit Card,Delivered,Express,Mobile App,FESTIVE15,West,3
43876366,815904,02-12-2024,Electronics,1080p Webcam,4,3860.77,0,15443.06,58.04,2779.75,18280.85,Debit Card,Delivered,Express,Mobile App,APPONLY10,South,3
43884553,304920,05-11-2024,Electronics,Smartwatch,1,5458.81,11,5458.81,77.44,874.5,5810.28,Credit Card,Delivered,Express,Website,LOYALTY5,South,3
43897601,644492,27-07-2025,Books,Fiction Bestseller,3,576.27,11,1728.82,35.62,76.93,1651.2,UPI,Delivered,Standard,Website,FESTIVE15,East,5
43905811,110791,26-10-2025,Electronics,Noise Cancelling Headphones,3,9022.79,12,27068.36,33.44,4287.63,28141.23,Credit Card,Delivered,Standard,Website,,South,7
43915034,989045,01-01-2024,Grocery,Protein Cereal,4,541.55,1,2166.2,55.45,107.23,2307.22,Credit Card,Delivered,Standard,Website,,West,5
43923455,918157,12-05-2024,Electronics,Mechanical Keyboard,1,4596.41,26,4596.41,135.57,612.24,4149.15,Credit Card,Delivered,Express,Website,,West,3
43931357,706997,15-02-2025,Electronics,USB-C Hub,1,2228.37,16,2228.37,70.18,336.93,2278.94,Net Banking,Delivered,Standard,Website,,West,5
43932849,634593,04-12-2025,Beauty & Personal Care,Face Serum,3,1344.57,2,4033.72,7.63,711.55,4672.23,Debit Card,Shipped,Standard,Mobile App,,Central,
43946484,982501,17-02-2024,Fashion,Women’s Kurta,1,1694.19,5,1694.19,30.02,193.14,1832.64,Credit Card,Delivered,Pickup Point,Mobile App,,South,7
43947608,463141,10-11-2024,Home & Kitchen,Mixer Grinder,2,4832.98,28,9665.95,10.65,1252.71,8222.84,Net Banking,Processin,Standard,Mobile App,,North,
43954875,291368,03-10-2025,Electronics,Power Bank,3,1781.82,2,5345.46,79.87,942.94,6261.36,UPI,Cancelled,Express,Mobile App,,North,
43962687,196770,26-11-2024,Fashion,Cotton T-Shirt,3,892.87,15,2678.6,56.36,273.22,2606.39,UPI,Delivered,Standard,Mobile App,SAVE20,West,5
43965549,710236,16-03-2024,Electronics,Wireless Earbuds,2,2497.37,5,4994.75,74.79,854.1,5673.9,UPI,Processin,Express,Website,,West,
43966428,513429,02-06-2025,Home & Kitchen,Electric Kettle,3,2023.43,1,6070.28,46.05,1081.72,7137.35,Debit Card,Shipped,Express,Website,SAVE20,South,
43975790,218174,11-08-2024,Electronics,Mechanical Keyboard,2,4773.28,6,9546.56,105.25,1615.28,10694.3,Debit Card,Delivered,Express,Marketplace,,North,4
43985554,754071,18-03-2025,Home & Kitchen,Mixer Grinder,3,4902.6,1,14707.81,3.61,2620.93,17185.27,Credit Card,Delivered,Standard,Mobile App,,South,7
44061672,710023,31-07-2024,Grocery,Organic Rice 5kg,4,722.92,0,2891.69,125.64,144.58,3161.91,Cash on Delivery,Delivered,Express,Website,,Central,3
44061957,982086,16-03-2024,Books,Cookbook,2,719.46,1,1438.93,39.16,71.23,1534.93,UPI,Delivered,Standard,Marketplace,,West,6
44102704,174402,27-07-2024,Grocery,Protein Cereal,4,592.9,15,2371.61,171.32,100.79,2287.98,Credit Card,Delivered,Next Day,Website,APPONLY10,West,2
44138064,371143,11-12-2024,Home & Kitchen,Bedsheet Set,2,2030.45,7,4060.89,13.57,679.79,4469.99,Net Banking,Delivered,Standard,Website,SAVE20,South,5
44154278,844808,01-09-2024,Fashion,Hoodie,2,2267.06,6,4534.13,26.34,511.45,4799.87,Debit Card,Delivered,Standard,Website,,Central,5
44168308,766287,29-10-2025,Home & Kitchen,Non-Stick Cookware Set,4,5813.75,20,23254.99,6.08,3348.72,21958.79,UPI,Shipped,Standard,Mobile App,FESTIVE15,South,
44168468,754694,23-10-2024,Beauty & Personal Care,Lipstick,3,867.53,15,2602.6,92.64,398.2,2703.05,Net Banking,Shipped,Express,Website,,Central,
44178723,738812,14-07-2025,Electronics,Bluetooth Speaker,2,3101.98,11,6203.95,23.04,993.87,6538.43,Wallet,Shipped,Standard,Website,FESTIVE15,North,
44187693,568630,26-03-2024,Grocery,Organic Rice 5kg,4,668.18,6,2672.7,122.9,125.62,2760.86,Debit Card,Delivered,Express,Marketplace,FREESHIP,North,3
44205290,262903,08-05-2025,Fashion,Denim Jeans,1,2518.33,12,2518.33,62.39,265.94,2544.46,Credit Card,Shipped,Standard,Website,FREESHIP,West,
44210091,989045,31-03-2025,Electronics,Mechanical Keyboard,2,4635.4,1,9270.8,172.6,1652.06,11002.75,Net Banking,Delivered,Next Day,Website,,West,2
44217514,735875,17-06-2025,Grocery,Snack Assortment,3,521.03,25,1563.08,108.63,58.62,1339.56,Credit Card,Delivered,Express,Website,FREESHIP,North,3
44227168,324083,05-10-2024,Electronics,Noise Cancelling Headphones,2,9529.15,23,19058.3,102.18,2641.48,17418.55,Net Banking,Delivered,Express,Marketplace,APPONLY10,East,3
44244627,444916,10-09-2025,Fashion,Running Shoes,2,4076.92,21,8153.83,118.27,772.98,7332.78,Credit Card,Delivered,Next Day,Website,,West,3
44258604,735116,26-03-2024,Electronics,Noise Cancelling Headphones,1,8662.6,11,8662.6,26.52,1387.75,9123.98,UPI,Delivered,Standard,Mobile App,,Central,5
44282987,783827,11-03-2025,Electronics,Power Bank,2,1604.35,11,3208.69,48.87,514.03,3418.63,Credit Card,Delivered,Standard,Mobile App,FESTIVE15,West,5
44283027,732254,20-12-2024,Fashion,Cotton T-Shirt,1,788.09,10,788.09,299.95,85.11,1094.34,Debit Card,Delivered,Same Day,Website,LOYALTY5,Central,1
44286722,804133,28-07-2025,Home & Kitchen,Non-Stick Cookware Set,4,5870.12,0,23480.48,24.92,4226.49,27731.89,UPI,Delivered,Standard,Website,FESTIVE15,South,6
44291089,315856,03-10-2024,Home & Kitchen,Water Bottle,3,979.81,25,2939.44,48.22,396.82,2649.62,Credit Card,Delivered,Standard,Website,,Central,5
44320739,929215,05-07-2025,Electronics,Noise Cancelling Headphones,1,9182.75,5,9182.75,72.78,1570.25,10366.64,Debit Card,Delivered,Standard,Marketplace,,Central,5
44349951,950849,05-11-2024,Electronics,Bluetooth Speaker,2,3139.39,11,6278.78,3.28,1005.86,6597.25,Debit Card,Shipped,Standard,Website,FREESHIP,North,
44400735,835319,17-03-2024,Home & Kitchen,Air Fryer,2,6762.02,5,13524.04,100.18,2312.61,15260.63,UPI,Delivered,Next Day,Mobile App,,West,2
44407381,634593,12-10-2024,Fashion,Backpack,4,2402.77,2,9611.07,0,1130.26,10549.11,Wallet,Delivered,Standard,Mobile App,,South,6
44441072,231918,06-01-2025,Books,Data Analytics Handbook,2,959.62,16,1919.24,89.22,80.61,1781.99,UPI,Delivered,Standard,Website,,East,5
44451137,595211,22-07-2024,Home & Kitchen,Non-Stick Cookware Set,6,5940.6,16,35643.58,0,5389.31,35329.92,Debit Card,Delivered,Pickup Point,Mobile App,FESTIVE15,North,5
44463458,949856,18-10-2024,Fashion,Backpack,3,2596.15,8,7788.44,14.18,859.84,8039.38,UPI,Returned,Standard,Website,,Central,
44477087,365654,23-08-2025,Home & Kitchen,Water Bottle,1,990.58,1,990.58,61.78,176.52,1218.97,UPI,Delivered,Standard,Mobile App,FESTIVE15,West,5
44488736,371143,05-07-2024,Electronics,Smartwatch,1,5892.17,25,5892.17,0,795.44,5214.57,Wallet,Delivered,Standard,Mobile App,,Central,7
44491528,806671,07-06-2025,Electronics,Mechanical Keyboard,1,4364.32,15,4364.32,0,667.74,4377.41,Credit Card,Delivered,Standard,Mobile App,APPONLY10,North,5
44513758,319368,06-12-2024,Grocery,Green Tea,2,464.12,0,928.24,73.51,46.41,1048.16,Credit Card,Delivered,Standard,Mobile App,SAVE20,North,5
44535231,577095,04-05-2024,Home & Kitchen,Non-Stick Cookware Set,1,5653.16,11,5653.16,0,905.64,5936.95,Credit Card,Shipped,Standard,Marketplace,SAVE20,West,
44546839,870085,09-03-2025,Fashion,Sunglasses,3,1401.71,2,4205.14,38.67,494.52,4654.23,Debit Card,Delivered,Express,Website,,West,3
44576921,333453,11-12-2025,Home & Kitchen,Air Fryer,1,6998.05,24,6998.05,107.06,957.33,6382.91,UPI,Delivered,Next Day,Mobile App,,Central,2
44582219,810253,25-04-2024,Home & Kitchen,Bedsheet Set,3,1964.64,15,5893.92,18.78,901.77,5930.38,Net Banking,Processin,Standard,Website,FREESHIP,West,
44585128,918157,24-10-2024,Home & Kitchen,Storage Organizer,3,890.93,1,2672.8,104.06,476.29,3226.42,Net Banking,Processin,Standard,Website,LOYALTY5,South,
44589821,844808,09-06-2024,Electronics,Smartwatch,3,5604.43,16,16813.29,0,2542.17,16665.33,Debit Card,Delivered,Standard,Website,FREESHIP,North,5
44642632,744677,17-10-2025,Beauty & Personal Care,Perfume,2,2232.86,11,4465.73,0,715.41,4689.91,UPI,Confirmed,Standard,Marketplace,,South,
44682711,311051,12-11-2025,Electronics,Wireless Earbuds,2,2432.8,27,4865.61,1.65,639.34,4192.89,Credit Card,Confirmed,Pickup Point,Mobile App,APPONLY10,North,
44686566,870085,11-01-2025,Books,Personal Finance Guide,2,792,27,1584,111.47,57.82,1325.61,Credit Card,Delivered,Express,Mobile App,,North,3
44706995,861740,12-05-2024,Electronics,1080p Webcam,2,3600.82,7,7201.65,3.81,1205.56,7906.9,Credit Card,Delivered,Standard,Website,APPONLY10,North,6
44707743,872600,12-05-2024,Books,Personal Finance Guide,1,696.51,5,696.51,24.78,33.08,719.54,Wallet,Shipped,Pickup Point,Website,,South,
44710325,424902,03-11-2024,Home & Kitchen,Table Lamp,3,1475.38,11,4426.13,8.76,709.07,4657.09,Credit Card,Returned,Pickup Point,Website,FESTIVE15,East,
44742061,819409,09-09-2025,Grocery,Olive Oil 1L,4,882.5,15,3530.01,100.62,150.03,3251.16,Debit Card,Delivered,Express,Mobile App,FREESHIP,South,3
44750278,981217,20-11-2024,Books,Exam Preparation Book,1,1111.31,3,1111.31,56.1,53.9,1187.97,UPI,Delivered,Standard,Mobile App,,West,5
44769320,473722,07-12-2024,Beauty & Personal Care,Hair Dryer,2,2642.6,10,5285.2,0,856.2,5612.88,Debit Card,Delivered,Standard,Mobile App,,North,5
44786792,918817,05-09-2025,Books,Personal Finance Guide,2,866.77,11,1733.54,76.1,77.14,1696.09,UPI,Returned,Standard,Website,,Central,
44789567,186360,14-12-2025,Books,Fiction Bestseller,5,587.49,20,2937.45,105.91,117.5,2573.37,UPI,Delivered,Express,Mobile App,FESTIVE15,Central,3
44808265,562761,09-06-2024,Sports & Fitness,Gym Bag,1,1884.86,6,1884.86,42.61,318.92,2133.3,UPI,Delivered,Standard,Website,APPONLY10,East,5
44817380,682171,24-08-2025,Books,Data Analytics Handbook,4,840.11,0,3360.46,162.49,168.02,3690.97,UPI,Delivered,Next Day,Mobile App,FREESHIP,South,2
44832590,726019,26-02-2025,Electronics,Mechanical Keyboard,2,4034.92,21,8069.85,108.19,1147.53,7630.9,Credit Card,Delivered,Express,Mobile App,,South,3
44840531,870085,04-05-2024,Fashion,Denim Jeans,2,2481.23,17,4962.45,0,494.26,4613.09,UPI,Delivered,Standard,Website,,North,5
44853391,192903,25-02-2024,Sports & Fitness,Cricket Bat,2,4861.57,11,9723.13,16.04,1557.65,10227.28,UPI,Delivered,Standard,Marketplace,,East,5
44854258,537897,12-10-2025,Fashion,Hoodie,2,2221.38,2,4442.76,171.2,522.47,5047.57,UPI,Delivered,Next Day,Website,LOYALTY5,West,2
44866263,726019,02-09-2024,Fashion,Hoodie,2,2146.9,6,4293.81,0,484.34,4520.52,Net Banking,Delivered,Standard,Website,,South,5
44875413,365654,23-06-2024,Grocery,Premium Coffee,1,687.6,1,687.6,80.08,34.04,794.84,Net Banking,Returned,Standard,Website,LOYALTY5,East,
44877961,111790,07-12-2024,Sports & Fitness,Yoga Mat,1,1267.4,12,1267.4,112.94,200.76,1429.01,Debit Card,Delivered,Express,Mobile App,WELCOME10,West,3
44881268,577700,09-10-2024,Fashion,Backpack,2,2185.94,10,4371.88,22.55,472.16,4429.4,UPI,Delivered,Standard,Marketplace,LOYALTY5,East,5
44889564,754694,05-12-2025,Sports & Fitness,Fitness Resistance Bands,2,994.97,22,1989.93,62.33,279.39,1893.87,UPI,Delivered,Standard,Website,,South,7
44907362,531162,20-04-2025,Beauty & Personal Care,Hair Dryer,5,3104.2,11,15521,0.84,2486.46,16300.99,Cash on Delivery,Delivered,Standard,Mobile App,,West,5
44920459,311051,10-09-2025,Beauty & Personal Care,Lipstick,1,745.07,27,745.07,60.26,97.9,702.06,Credit Card,Returned,Standard,Mobile App,LOYALTY5,Central,
44927517,361664,07-06-2024,Books,Exam Preparation Book,3,1036.81,6,3110.42,107.15,146.19,3177.13,UPI,Cancelled,Express,Mobile App,,West,
44942765,850062,01-10-2024,Fashion,Cotton T-Shirt,1,864.85,18,864.85,29.95,85.1,824.23,Credit Card,Shipped,Standard,Website,,North,
44959989,798962,01-09-2024,Beauty & Personal Care,Hair Dryer,1,2866.51,6,2866.51,94.31,485.01,3273.84,Net Banking,Confirmed,Standard,Website,,South,
44978368,754071,13-12-2024,Home & Kitchen,Non-Stick Cookware Set,1,6214.16,16,6214.16,0,939.58,6159.47,UPI,Delivered,Standard,Website,,South,5
44984509,631873,05-09-2025,Fashion,Cotton T-Shirt,1,924.27,20,924.27,81.26,88.73,909.41,Wallet,Delivered,Express,Mobile App,,South,3
45023586,325495,09-11-2025,Home & Kitchen,Electric Kettle,3,2010.27,7,6030.81,83.98,1009.56,6702.19,Credit Card,Delivered,Next Day,Mobile App,,East,2
45050114,569791,15-03-2024,Electronics,Mechanical Keyboard,3,4866.2,16,14598.61,60.71,2207.31,14530.85,Cash on Delivery,Delivered,Express,Website,,Central,3
45076589,390210,22-11-2025,Books,Personal Finance Guide,3,736.66,23,2209.99,34.86,85.08,1821.63,Cash on Delivery,Processin,Standard,Mobile App,LOYALTY5,South,
45083814,800936,23-05-2024,Grocery,Organic Rice 5kg,3,733.61,6,2200.83,38.31,103.44,2210.53,Net Banking,Delivered,Pickup Point,Website,,West,5
45094417,717362,17-08-2024,Fashion,Denim Jeans,4,2466.94,10,9867.75,21.68,1065.72,9968.37,UPI,Delivered,Standard,Website,,East,5
45094617,610143,21-09-2025,Home & Kitchen,Non-Stick Cookware Set,2,6238.41,10,12476.82,33.76,2021.25,13284.15,Credit Card,Delivered,Express,Mobile App,APPONLY10,South,3
45120395,760221,08-09-2024,Electronics,Wireless Earbuds,2,2563.46,10,5126.92,38.67,830.56,5483.46,UPI,Delivered,Express,Website,,Central,3
45121429,501794,28-05-2025,Fashion,Running Shoes,1,4398.44,20,4398.44,9.44,422.25,3950.44,Credit Card,Shipped,Standard,Marketplace,LOYALTY5,Central,
45129992,864641,07-11-2024,Home & Kitchen,Electric Kettle,3,2046.02,17,6138.07,4.75,917.03,6016.38,UPI,Processin,Standard,Marketplace,FESTIVE15,South,
45133438,756384,04-02-2024,Electronics,Mechanical Keyboard,3,4405.76,16,13217.27,55.42,1998.45,13156.38,Debit Card,Delivered,Standard,Marketplace,,West,5
45159032,680558,08-04-2024,Electronics,Mechanical Keyboard,2,4816.42,0,9632.83,105.6,1733.91,11472.34,Credit Card,Shipped,Express,Marketplace,,West,
45163792,204535,04-08-2024,Fashion,Sunglasses,1,1280.8,11,1280.8,74,136.79,1350.7,Credit Card,Delivered,Standard,Website,,South,5
45228093,935007,02-09-2024,Books,Fiction Bestseller,4,598.65,11,2394.6,65.38,106.56,2303.13,UPI,Delivered,Standard,Website,SAVE20,West,5
45236917,922983,10-06-2024,Electronics,Wireless Earbuds,2,2451.44,5,4902.89,89.5,838.4,5585.65,UPI,Confirmed,Express,Website,,West,
45242284,396652,28-05-2025,Electronics,Smartwatch,3,5623.34,16,16870.03,40.91,2550.75,16762.49,Wallet,Delivered,Standard,Website,LOYALTY5,Central,5
45259015,810253,21-04-2024,Electronics,Smartwatch,1,5200.69,5,5200.69,208.61,889.32,6038.59,Wallet,Processin,Same Day,Mobile App,,North,
45264043,934458,08-03-2024,Fashion,Sunglasses,2,1422.93,11,2845.85,42.89,303.94,2879.64,UPI,Shipped,Pickup Point,Mobile App,APPONLY10,North,
45269554,145945,04-07-2024,Fashion,Sunglasses,6,1345.44,11,8072.63,55.01,862.16,8101.81,Credit Card,Delivered,Express,Website,,South,4
45271935,687769,02-08-2025,Home & Kitchen,Mixer Grinder,1,4943.42,10,4943.42,22.52,800.83,5272.43,UPI,Delivered,Standard,Website,SAVE20,East,5
45289426,477682,22-04-2024,Sports & Fitness,Dumbbell Set,3,3434.9,1,10304.71,26.63,1836.3,12064.59,Credit Card,Delivered,Standard,Mobile App,FREESHIP,South,5
45297342,562335,16-05-2024,Grocery,Green Tea,2,486.43,20,972.85,250.27,38.91,1067.46,Net Banking,Delivered,Next Day,Website,,North,2
45312521,543470,27-06-2025,Books,Exam Preparation Book,1,1004.02,10,1004.02,50.3,45.18,999.1,Credit Card,Processin,Standard,Website,,South,
45325688,262903,15-12-2025,Fashion,Casual Shirt,3,1690.77,12,5072.32,60.04,535.64,5059.32,Net Banking,Processin,Express,Website,,North,
45327893,569778,28-12-2025,Electronics,Bluetooth Speaker,1,3305.31,13,3305.31,29.19,517.61,3422.42,UPI,Processin,Standard,Mobile App,FESTIVE15,North,
45345488,717362,29-08-2024,Sports & Fitness,Sports Shoes,1,3348.26,20,3348.26,119.3,482.15,3280.06,Credit Card,Delivered,Express,Mobile App,,West,3
45346252,870085,22-10-2024,Electronics,Smartwatch,3,6060.48,17,18181.43,0,2716.31,17806.9,UPI,Delivered,Standard,Mobile App,,West,5
45351852,598862,12-08-2025,Beauty & Personal Care,Moisturizer,2,750.16,0,1500.32,36.05,270.06,1806.43,Credit Card,Delivered,Pickup Point,Mobile App,,Central,5
45366598,361664,12-11-2025,Home & Kitchen,Table Lamp,2,1372.01,1,2744.02,55.48,488.98,3261.04,Debit Card,Shipped,Standard,Website,,West,
45372388,260355,27-10-2024,Fashion,Cotton T-Shirt,1,894.82,12,894.82,52.98,94.49,934.91,Credit Card,Delivered,Standard,Website,FESTIVE15,South,5
45386090,610714,07-11-2025,Books,Cookbook,2,871.53,20,1743.06,85.3,69.72,1549.47,Debit Card,Processin,Express,Mobile App,,West,
45426559,123983,17-12-2025,Fashion,Running Shoes,2,4331.39,16,8662.78,11.76,873.21,8161.71,UPI,Delivered,Standard,Website,,South,6
45477931,288257,14-10-2024,Fashion,Sunglasses,1,1312.28,2,1312.28,114.81,154.32,1555.16,Wallet,Delivered,Next Day,Mobile App,,South,2
45499891,979363,01-07-2025,Home & Kitchen,Mixer Grinder,1,4608.62,6,4608.62,0,779.78,5111.88,Cash on Delivery,Delivered,Standard,Mobile App,,West,5
45517395,504871,03-05-2025,Electronics,1080p Webcam,5,3888.63,15,19443.15,74.15,2974.8,19575.63,Credit Card,Delivered,Express,Mobile App,FESTIVE15,South,3
45525989,133161,22-05-2024,Electronics,USB-C Hub,2,2184.83,5,4369.66,48.4,747.21,4946.79,UPI,Delivered,Standard,Website,,West,5
45534133,529594,08-11-2024,Sports & Fitness,Dumbbell Set,2,3502.8,7,7005.59,67.27,1172.74,7755.21,Debit Card,Shipped,Express,Website,LOYALTY5,East,
45537487,192903,11-05-2024,Fashion,Casual Shirt,2,1856.79,1,3713.59,44.79,441.17,4162.41,Net Banking,Delivered,Express,Mobile App,,West,3
45546134,280076,06-03-2025,Beauty & Personal Care,Moisturizer,1,704.9,16,704.9,80.94,106.58,779.64,UPI,Delivered,Express,Marketplace,,South,3
45547128,371143,14-12-2024,Fashion,Cotton T-Shirt,4,856.25,5,3424.99,2.76,390.45,3646.95,Cash on Delivery,Delivered,Standard,Website,,South,5
45580329,735875,19-04-2025,Electronics,Noise Cancelling Headphones,3,9474.46,5,28423.39,194.12,4860.4,32056.74,Credit Card,Delivered,Same Day,Mobile App,FREESHIP,Central,1
45585587,870085,12-09-2025,Fashion,Sunglasses,3,1264.44,12,3793.32,0,400.57,3738.69,UPI,Returned,Standard,Mobile App,,South,
45586665,837604,01-05-2025,Home & Kitchen,Water Bottle,2,1026.24,11,2052.47,51.54,328.81,2207.05,Credit Card,Processin,Standard,Mobile App,,East,
45595442,453000,23-06-2024,Grocery,Dry Fruits 500g,1,820.58,11,820.58,166.13,36.52,932.97,Credit Card,Delivered,Next Day,Website,WELCOME10,South,3
45597006,333453,06-03-2025,Fashion,Cotton T-Shirt,4,1024.01,7,4096.06,8.56,457.12,4275.02,Credit Card,Delivered,Pickup Point,Marketplace,,Central,5
45600278,333453,15-11-2024,Fashion,Casual Shirt,1,1645.17,9,1645.17,94.95,179.65,1771.7,UPI,Delivered,Standard,Website,,North,5
45628249,288257,31-12-2025,Beauty & Personal Care,Lipstick,2,794.56,7,1589.12,70.36,266.02,1814.26,Credit Card,Delivered,Standard,Marketplace,,Central,5
45630729,891579,31-10-2024,Fashion,Women’s Kurta,1,1692.92,2,1692.92,32.72,199.09,1890.87,UPI,Delivered,Pickup Point,Website,FESTIVE15,Central,5
45631652,315856,25-08-2024,Grocery,Premium Coffee,7,654.14,25,4579,86.03,171.71,3691.99,Wallet,Delivered,Express,Website,SAVE20,West,3
45637924,698644,17-12-2024,Electronics,Wireless Earbuds,1,2505.75,16,2505.75,73.5,378.87,2557.2,UPI,Delivered,Standard,Website,,South,5
45640735,352296,01-07-2025,Fashion,Casual Shirt,3,1698.05,10,5094.16,142.71,550.17,5277.62,Debit Card,Delivered,Next Day,Mobile App,APPONLY10,Central,2
45663814,361664,17-04-2024,Fashion,Running Shoes,4,3710.93,16,14843.72,52.25,1496.25,14017.22,Wallet,Shipped,Standard,Website,,West,
45694744,922983,02-10-2025,Fashion,Sunglasses,1,1304.1,10,1304.1,79.9,140.84,1394.43,Debit Card,Delivered,Standard,Website,,South,5
45704855,921050,27-04-2024,Home & Kitchen,Bedsheet Set,2,2053.48,1,4106.96,26.32,731.86,4824.07,Debit Card,Delivered,Standard,Website,,South,6
45725399,192967,15-07-2025,Books,Business Strategy Book,3,711.46,15,2134.38,47.32,90.71,1952.25,Debit Card,Delivered,Standard,Mobile App,,Central,7
45743993,935452,23-12-2024,Home & Kitchen,Water Bottle,3,947.76,11,2843.28,181.63,455.49,3167.64,Cash on Delivery,Delivered,Next Day,Website,SAVE20,West,4
45755298,844820,07-02-2025,Books,Fiction Bestseller,5,658.75,16,3293.75,62.28,138.34,2967.37,Debit Card,Delivered,Standard,Website,,West,5
45755413,196350,14-08-2025,Electronics,Smartwatch,2,5565.97,7,11131.95,5.2,1863.49,12221.4,Cash on Delivery,Delivered,Standard,Mobile App,APPONLY10,South,7
45770032,446115,13-04-2025,Grocery,Premium Coffee,5,634.4,0,3172.02,33.45,158.6,3364.07,UPI,Shipped,Express,Mobile App,,East,
45771894,614046,04-08-2025,Books,Exam Preparation Book,3,995.38,16,2986.13,62.4,125.42,2696.17,UPI,Delivered,Standard,Website,,West,5
45774224,787686,16-07-2025,Beauty & Personal Care,Face Serum,1,1320.02,21,1320.02,66.25,187.71,1296.78,Debit Card,Delivered,Standard,Website,LOYALTY5,West,5
45869493,412789,24-06-2024,Grocery,Olive Oil 1L,5,912.42,15,4562.08,7.39,193.89,4079.05,UPI,Delivered,Standard,Website,,North,5
45879759,290732,16-09-2024,Books,Personal Finance Guide,1,731.68,15,731.68,88.35,31.1,741.38,UPI,Returned,Standard,Mobile App,,South,
45905734,453000,11-12-2024,Grocery,Protein Cereal,2,572.99,11,1145.98,105.46,51,1176.38,Debit Card,Processin,Express,Mobile App,SAVE20,North,
45945997,469900,02-10-2024,Grocery,Dry Fruits 500g,2,754.04,28,1508.08,17.4,54.29,1157.51,UPI,Processin,Standard,Mobile App,,South,
45965028,104587,01-10-2024,Home & Kitchen,Electric Kettle,1,2013.28,6,2013.28,110.43,340.65,2343.56,UPI,Delivered,Express,Website,,West,3
45987348,784248,25-06-2025,Beauty & Personal Care,Moisturizer,2,725.31,7,1450.62,42.34,242.83,1634.25,Credit Card,Delivered,Pickup Point,Website,FESTIVE15,Central,6
46011345,147630,26-08-2025,Sports & Fitness,Gym Bag,1,1813.49,10,1813.49,76.38,293.79,2002.31,Credit Card,Delivered,Standard,Website,FESTIVE15,North,7
46012062,754071,26-06-2024,Electronics,Wireless Earbuds,1,2513.09,6,2513.09,61.39,425.21,2848.9,Credit Card,Delivered,Standard,Mobile App,SAVE20,Central,5
46065713,965732,04-09-2024,Home & Kitchen,Bedsheet Set,1,2081.15,20,2081.15,90.44,299.69,2055.05,Debit Card,Delivered,Express,Website,,South,3
46096651,905420,26-08-2025,Fashion,Sunglasses,2,1319.63,6,2639.26,116.95,297.71,2895.56,Credit Card,Delivered,Express,Website,,East,4
46156293,606957,23-03-2025,Electronics,Bluetooth Speaker,1,3295.18,16,3295.18,36.78,498.23,3302.96,Credit Card,Delivered,Pickup Point,Marketplace,,East,5
46168046,156356,02-11-2024,Home & Kitchen,Mixer Grinder,2,5403.01,11,10806.02,35.96,1731.12,11384.44,Credit Card,Delivered,Standard,Marketplace,APPONLY10,Central,5
46174273,511294,09-11-2024,Electronics,Noise Cancelling Headphones,2,9186.15,7,18372.29,151.27,3075.52,20313.02,Credit Card,Delivered,Next Day,Marketplace,,West,3
46185637,192903,26-11-2024,Fashion,Casual Shirt,2,1651.98,3,3303.96,225.92,384.58,3815.34,Cash on Delivery,Returned,Next Day,Marketplace,,East,
46207036,192903,28-03-2025,Grocery,Green Tea,1,486.33,21,486.33,28.51,19.21,431.92,Cash on Delivery,Returned,Standard,Mobile App,SAVE20,North,
46209620,682946,22-06-2025,Grocery,Green Tea,2,442.44,7,884.87,116.05,41.15,980.13,UPI,Shipped,Express,Website,,Central,
46258644,761245,07-12-2024,Beauty & Personal Care,Shampoo,2,655.42,17,1310.85,87.78,195.84,1371.63,UPI,Delivered,Standard,Website,,Central,5
46260330,648250,09-05-2024,Books,Data Analytics Handbook,7,855.93,5,5991.52,0,284.6,5976.54,Credit Card,Delivered,Standard,Mobile App,,West,7
46275606,784248,18-02-2025,Home & Kitchen,Non-Stick Cookware Set,2,5753.27,17,11506.54,7.73,1719.08,11277.24,Cash on Delivery,Delivered,Standard,Mobile App,WELCOME10,North,5
46306217,554476,09-11-2025,Grocery,Dry Fruits 500g,2,790.53,6,1581.07,121.99,74.31,1682.51,Net Banking,Delivered,Express,Mobile App,,Central,4
46313849,471386,17-11-2024,Fashion,Denim Jeans,2,2773.8,18,5547.6,24.41,545.88,5119.32,Debit Card,Delivered,Standard,Website,,East,5
46336105,710023,04-03-2024,Grocery,Green Tea,2,445.22,5,890.44,36.87,42.3,925.09,Credit Card,Delivered,Pickup Point,Website,,West,5
46341031,411173,03-02-2025,Sports & Fitness,Gym Bag,1,1771.47,16,1771.47,311.89,267.85,2067.77,Debit Card,Delivered,Same Day,Website,,North,1
46345363,382444,04-10-2024,Home & Kitchen,Storage Organizer,1,872.97,11,872.97,49.49,139.85,966.28,Debit Card,Delivered,Standard,Mobile App,,West,5
46348244,889358,10-11-2025,Grocery,Organic Rice 5kg,2,685.3,10,1370.6,15.74,61.68,1310.96,Net Banking,Delivered,Pickup Point,Mobile App,SAVE20,East,5
46352142,212225,27-10-2024,Electronics,Smartwatch,2,6220.61,22,12441.21,17.87,1746.75,11468.76,Cash on Delivery,Delivered,Standard,Mobile App,,West,5
46396967,859409,21-01-2025,Sports & Fitness,Dumbbell Set,2,3547.17,26,7094.35,42.11,944.97,6236.9,Wallet,Delivered,Express,Marketplace,,South,3
46409809,320066,05-11-2024,Beauty & Personal Care,Hair Dryer,4,2779.78,10,11119.12,0.78,1801.3,11809.29,UPI,Delivered,Standard,Website,FREESHIP,North,5
46410239,347406,19-12-2025,Sports & Fitness,Dumbbell Set,2,3338.06,0,6676.11,54.56,1201.7,7932.37,Credit Card,Cancelled,Express,Website,WELCOME10,West,
46439192,891712,29-12-2025,Fashion,Casual Shirt,1,1875.05,2,1875.05,159.59,220.51,2217.65,UPI,Delivered,Express,Website,LOYALTY5,West,5
46463706,146800,27-10-2025,Home & Kitchen,Electric Kettle,3,2095.13,10,6285.4,49.84,1018.23,6724.93,Debit Card,Delivered,Standard,Mobile App,,East,6
46515004,729967,06-04-2025,Fashion,Denim Jeans,2,2507.38,1,5014.77,53.34,595.75,5613.71,UPI,Delivered,Express,Marketplace,,Central,3
46527267,555489,22-12-2024,Grocery,Organic Rice 5kg,1,666.94,8,666.94,70.67,30.68,714.93,Wallet,Shipped,Express,Website,,Central,
46536230,754694,23-02-2024,Home & Kitchen,Water Bottle,2,1065.7,25,2131.41,77.03,287.74,1963.33,Debit Card,Delivered,Standard,Mobile App,SAVE20,East,5
46550439,575698,18-02-2024,Home & Kitchen,Water Bottle,1,1027,11,1027,84.74,164.53,1163.3,Net Banking,Delivered,Express,Website,APPONLY10,Central,3
46583136,511294,01-12-2024,Fashion,Cotton T-Shirt,3,786.22,7,2358.65,63.08,263.22,2519.84,Debit Card,Delivered,Standard,Mobile App,,South,5
46599202,648250,31-07-2024,Home & Kitchen,Non-Stick Cookware Set,1,5625.37,0,5625.37,106.25,1012.57,6744.19,UPI,Delivered,Express,Marketplace,,West,3
46612505,684770,02-04-2024,Beauty & Personal Care,Face Serum,2,1271.08,25,2542.15,65.72,343.19,2315.52,UPI,Delivered,Standard,Mobile App,APPONLY10,West,5
46643717,315098,18-07-2024,Grocery,Green Tea,1,456.92,0,456.92,83.83,22.85,563.6,UPI,Delivered,Standard,Website,,South,5
46646247,572666,07-01-2024,Beauty & Personal Care,Sunscreen SPF 50,2,868.81,25,1737.61,95.64,234.58,1633.43,Net Banking,Shipped,Express,Website,,East,
46653657,537897,28-05-2024,Fashion,Sunglasses,2,1264.15,5,2528.3,64.55,288.23,2754.66,UPI,Delivered,Express,Mobile App,SAVE20,East,3
46657741,682171,05-09-2024,Fashion,Sunglasses,3,1254.8,0,3764.39,59.27,451.73,4275.39,Wallet,Processin,Standard,Mobile App,FESTIVE15,North,
46658326,602650,25-12-2024,Beauty & Personal Care,Moisturizer,4,772.6,18,3090.4,37.35,456.14,3027.62,Credit Card,Delivered,Pickup Point,Marketplace,APPONLY10,East,5
46672340,277727,26-12-2024,Electronics,Power Bank,2,1508.07,11,3016.15,129.07,483.19,3296.63,UPI,Delivered,Express,Marketplace,,North,3
46685432,529767,30-07-2025,Beauty & Personal Care,Lipstick,1,871.37,1,871.37,93.81,155.28,1111.75,UPI,Delivered,Standard,Website,,East,5
46719295,160754,10-08-2024,Electronics,USB-C Hub,1,2099.66,10,2099.66,93.39,340.14,2323.22,Credit Card,Shipped,Standard,Marketplace,,North,
46734093,614894,19-10-2024,Fashion,Denim Jeans,2,2737.77,15,5475.55,11.2,558.51,5223.93,Cash on Delivery,Shipped,Standard,Mobile App,,West,
46735638,689987,18-05-2024,Fashion,Cotton T-Shirt,1,873.83,11,873.83,129.1,93.33,1000.14,Credit Card,Delivered,Express,Website,FESTIVE15,East,4
46759697,196350,27-12-2025,Fashion,Hoodie,3,2352.29,4,7056.87,36.17,812.95,7623.72,UPI,Delivered,Express,Mobile App,,East,4
46805859,880523,15-07-2025,Home & Kitchen,Electric Kettle,4,2041.55,20,8166.19,0,1175.93,7708.88,Net Banking,Delivered,Pickup Point,Website,,South,5
46809288,250088,26-03-2024,Fashion,Denim Jeans,1,2621.47,5,2621.47,100.56,298.85,2889.81,Net Banking,Shipped,Express,Marketplace,,West,
46810761,930111,20-11-2024,Fashion,Denim Jeans,2,2387.29,25,4774.58,0,429.71,4010.65,UPI,Delivered,Pickup Point,Mobile App,,Central,5
46820628,989045,12-02-2024,Home & Kitchen,Storage Organizer,4,976.62,26,3906.49,115.03,520.34,3526.17,UPI,Delivered,Express,Mobile App,,Central,3
46832171,707613,23-11-2025,Home & Kitchen,Air Fryer,2,7160.5,3,14321.01,43.92,2500.45,16435.75,Credit Card,Delivered,Standard,Website,,North,5
46882680,754071,25-11-2024,Electronics,Smartwatch,1,5846.28,1,5846.28,54.89,1041.81,6884.52,Cash on Delivery,Delivered,Standard,Mobile App,,East,5
46890536,159779,21-06-2024,Beauty & Personal Care,Lipstick,3,866.54,0,2599.61,100.6,467.93,3168.14,UPI,Delivered,Standard,Mobile App,,West,5
46921460,531162,10-10-2025,Fashion,Casual Shirt,3,1971.73,13,5915.18,145.76,617.55,5909.52,UPI,Delivered,Next Day,Marketplace,,Central,4
46948704,726894,03-08-2025,Grocery,Dry Fruits 500g,5,824.64,16,4123.18,2.9,173.17,3639.54,Net Banking,Delivered,Standard,Website,,North,5
46963257,192903,18-07-2025,Fashion,Cotton T-Shirt,2,859.12,11,1718.23,29.25,183.51,1741.98,Debit Card,Delivered,Pickup Point,Mobile App,,East,5
46990180,562335,01-05-2025,Fashion,Denim Jeans,2,2201.85,20,4403.7,7.05,422.76,3952.77,UPI,Delivered,Standard,Website,,North,5
46990436,472528,24-06-2024,Beauty & Personal Care,Lipstick,1,727.15,1,727.15,116.02,129.58,965.48,UPI,Delivered,Express,Website,,South,3
47024551,930111,23-02-2025,Books,Personal Finance Guide,2,738.17,0,1476.35,96.69,73.82,1646.86,UPI,Delivered,Express,Mobile App,,West,3
47063175,391078,27-05-2024,Home & Kitchen,Electric Kettle,1,2131.08,10,2131.08,49.24,345.23,2312.44,UPI,Processin,Standard,Mobile App,LOYALTY5,East,
47066321,813219,22-02-2024,Home & Kitchen,Non-Stick Cookware Set,2,5502.81,5,11005.63,62.53,1881.96,12399.84,UPI,Shipped,Express,Mobile App,SAVE20,East,
47074132,843969,08-07-2025,Beauty & Personal Care,Hair Dryer,3,2573.35,20,7720.05,42.68,1111.69,7330.41,UPI,Delivered,Standard,Mobile App,,Central,5
47090022,949856,12-12-2024,Fashion,Cotton T-Shirt,3,846.99,1,2540.98,203.41,301.87,3020.85,Credit Card,Delivered,Next Day,Website,,Central,2
47136592,751476,02-11-2025,Electronics,Wireless Earbuds,3,2470.7,5,7412.09,22.61,1267.47,8331.57,UPI,Shipped,Standard,Marketplace,,Central,
47150898,870085,06-08-2025,Books,Exam Preparation Book,2,1036.28,17,2072.56,104.18,86.01,1910.41,UPI,Delivered,Express,Mobile App,FESTIVE15,West,3
47187754,289404,06-04-2025,Fashion,Women’s Kurta,3,1635.7,1,4907.09,38.08,582.96,5479.06,Wallet,Shipped,Standard,Website,,West,
47187775,798628,28-10-2024,Fashion,Women’s Kurta,1,1570.17,11,1570.17,59.87,167.69,1625.01,UPI,Delivered,Standard,Mobile App,LOYALTY5,North,7
47188047,642321,10-01-2024,Fashion,Sunglasses,3,1269.14,1,3807.43,24.93,452.32,4246.61,Debit Card,Delivered,Express,Marketplace,SAVE20,South,3
47206811,712679,13-05-2024,Electronics,Bluetooth Speaker,1,3353.75,1,3353.75,28.54,597.64,3946.39,UPI,Cancelled,Standard,Mobile App,,West,
47216969,192903,20-03-2025,Books,Business Strategy Book,2,707.5,11,1415,27.96,62.97,1350.28,Debit Card,Returned,Pickup Point,Website,SAVE20,South,
47251797,870085,19-06-2024,Home & Kitchen,Water Bottle,1,1014.36,2,1014.36,90.6,178.93,1263.6,UPI,Confirmed,Express,Website,,Central,
47265664,950712,29-04-2024,Beauty & Personal Care,Shampoo,5,703.79,21,3518.97,99.07,500.4,3379.46,Debit Card,Delivered,Express,Mobile App,LOYALTY5,South,3
47277362,458160,22-05-2025,Fashion,Backpack,5,2152.17,21,10760.83,52.88,1020.13,9574.07,Cash on Delivery,Delivered,Express,Website,,Central,4
47279936,228445,22-04-2025,Home & Kitchen,Air Fryer,2,7276.68,20,14553.37,87.94,2095.69,13826.33,Credit Card,Shipped,Express,Mobile App,APPONLY10,South,
47290337,870688,28-12-2025,Electronics,Noise Cancelling Headphones,4,8096.19,11,32384.77,19.7,5188.04,34030.19,UPI,Processin,Standard,Website,,South,
47292226,371899,08-11-2025,Beauty & Personal Care,Sunscreen SPF 50,2,981.37,10,1962.75,67.98,317.96,2152.41,UPI,Delivered,Standard,Mobile App,FESTIVE15,South,5
47299905,517432,05-02-2024,Home & Kitchen,Non-Stick Cookware Set,2,5474.78,10,10949.55,49.79,1773.83,11678.21,UPI,Delivered,Express,Website,FESTIVE15,East,3
47304263,614046,30-06-2024,Fashion,Running Shoes,3,3768.77,16,11306.31,56.41,1139.68,10693.39,UPI,Shipped,Standard,Mobile App,,South,
47326138,117673,23-07-2024,Grocery,Organic Rice 5kg,2,722.87,0,1445.74,47.25,72.29,1565.28,Debit Card,Delivered,Standard,Marketplace,,Central,5
47344306,446115,02-04-2025,Books,Fiction Bestseller,2,592.78,0,1185.56,96.42,59.28,1341.26,UPI,Delivered,Express,Website,SAVE20,West,3
47369552,196770,28-11-2025,Beauty & Personal Care,Lipstick,2,761.81,17,1523.63,62.21,227.63,1554.45,UPI,Processin,Standard,Mobile App,,South,
47398494,870085,23-06-2024,Home & Kitchen,Air Fryer,2,7504.17,12,15008.35,79.46,2377.32,15664.13,Credit Card,Delivered,Next Day,Website,,South,2
47402931,682946,03-01-2025,Electronics,Power Bank,1,1546.29,17,1546.29,52.29,231.02,1566.73,UPI,Delivered,Standard,Mobile App,,East,5
47406722,674262,19-10-2024,Fashion,Hoodie,3,2084.13,15,6252.4,0,637.74,5952.28,Cash on Delivery,Delivered,Standard,Marketplace,,North,5
47433281,999413,04-01-2025,Electronics,Mechanical Keyboard,2,4331.32,16,8662.64,47.4,1309.79,8633.81,Credit Card,Processin,Express,Marketplace,FESTIVE15,West,
47440584,369352,22-09-2024,Electronics,Smartwatch,3,5843.09,15,17529.26,9.38,2681.98,17591.23,Debit Card,Returned,Standard,Website,FESTIVE15,South,
47442809,726894,13-04-2025,Electronics,Bluetooth Speaker,3,3329.18,6,9987.54,20,1689.89,11098.18,Debit Card,Delivered,Standard,Website,LOYALTY5,North,5
47476048,706997,25-10-2024,Books,Data Analytics Handbook,5,870.07,13,4350.35,0,189.24,3974.04,Credit Card,Shipped,Standard,Mobile App,FREESHIP,South,
47478784,999413,14-01-2025,Fashion,Casual Shirt,3,1847.6,16,5542.79,0,558.71,5214.65,UPI,Delivered,Pickup Point,Marketplace,APPONLY10,West,5
47508962,315856,01-09-2025,Fashion,Casual Shirt,4,1842.81,5,7371.25,40.64,840.32,7883.65,Debit Card,Delivered,Express,Marketplace,,North,3
47513306,844808,01-08-2024,Fashion,Backpack,2,2213.43,11,4426.87,0,472.79,4412.7,Net Banking,Delivered,Standard,Mobile App,,Central,5
47515383,982501,10-12-2024,Beauty & Personal Care,Face Serum,1,1232.18,10,1232.18,59.71,199.61,1368.28,Debit Card,Delivered,Standard,Website,,South,5
47547273,830489,23-10-2024,Electronics,USB-C Hub,1,2358.4,18,2358.4,70.1,348.1,2352.09,Credit Card,Delivered,Standard,Mobile App,,South,6
47586784,701235,29-07-2025,Books,Personal Finance Guide,2,716.03,0,1432.05,52.69,71.6,1556.34,UPI,Delivered,Standard,Mobile App,LOYALTY5,Central,6
47612802,935007,22-03-2024,Fashion,Sunglasses,2,1228.36,6,2456.73,89.24,277.12,2675.69,Net Banking,Delivered,Standard,Website,SAVE20,Central,5
47619952,284849,15-11-2024,Home & Kitchen,Storage Organizer,3,924.73,10,2774.18,72.73,449.42,3018.91,Wallet,Delivered,Standard,Mobile App,,West,5
47655668,663897,02-06-2024,Beauty & Personal Care,Shampoo,3,744.01,15,2232.04,72.63,341.5,2311.36,UPI,Shipped,Standard,Mobile App,,South,
47661041,479554,29-11-2025,Beauty & Personal Care,Shampoo,2,767.17,5,1534.35,93.76,262.37,1813.76,Debit Card,Delivered,Standard,Mobile App,,West,5
47700576,507481,23-02-2024,Sports & Fitness,Cricket Bat,3,4595.87,11,13787.6,62.08,2208.77,14541.81,Credit Card,Delivered,Express,Website,FESTIVE15,North,3
47751228,701235,09-05-2024,Grocery,Snack Assortment,2,483.28,20,966.56,41.53,38.66,853.44,Credit Card,Delivered,Pickup Point,Website,,North,5
47754819,392962,16-11-2024,Home & Kitchen,Non-Stick Cookware Set,2,5949.62,4,11899.24,1.18,2056.19,13480.64,UPI,Delivered,Standard,Mobile App,,Central,5
47759813,531162,18-08-2025,Home & Kitchen,Air Fryer,1,6478.23,11,6478.23,152.9,1037.81,6956.33,Credit Card,Delivered,Next Day,Marketplace,,North,2
47776788,810253,02-08-2024,Books,Fiction Bestseller,2,653.77,5,1307.54,39.16,62.11,1343.43,UPI,Delivered,Standard,Website,,North,5
47780861,267781,03-09-2025,Home & Kitchen,Storage Organizer,2,938.21,16,1876.42,55.49,283.71,1915.39,Net Banking,Delivered,Standard,Marketplace,SAVE20,Central,5
47788579,717362,18-04-2025,Fashion,Backpack,1,2101.19,0,2101.19,118,252.14,2471.33,UPI,Delivered,Express,Website,,South,3
47829227,174402,06-07-2025,Beauty & Personal Care,Hair Dryer,2,2782.55,0,5565.09,245.82,1001.72,6812.63,Credit Card,Shipped,Same Day,Mobile App,,South,
47832306,848924,21-08-2024,Fashion,Cotton T-Shirt,2,943.99,21,1887.97,21.62,178.98,1692.1,UPI,Delivered,Pickup Point,Website,LOYALTY5,West,5
47859702,232711,27-10-2025,Grocery,Snack Assortment,2,551.89,16,1103.77,23.69,46.36,997.22,Debit Card,Delivered,Pickup Point,Website,FREESHIP,North,5
47910565,686303,07-06-2024,Electronics,USB-C Hub,2,2295.29,26,4590.58,3.72,611.47,4012.22,UPI,Delivered,Standard,Website,,Central,5
47931739,531162,07-10-2025,Electronics,Mechanical Keyboard,3,4377.23,6,13131.68,0,2221.88,14565.66,Credit Card,Delivered,Pickup Point,Mobile App,,West,5
47946839,796906,04-01-2025,Home & Kitchen,Table Lamp,1,1391.05,16,1391.05,57.27,210.33,1436.08,Cash on Delivery,Cancelled,Standard,Mobile App,APPONLY10,North,
47947939,847417,29-04-2024,Electronics,USB-C Hub,3,2213.44,17,6640.33,0,992.06,6503.53,Debit Card,Delivered,Standard,Mobile App,,South,5
47958325,844808,22-02-2024,Sports & Fitness,Gym Bag,1,1738.04,1,1738.04,63.9,309.72,2094.28,Net Banking,Delivered,Standard,Mobile App,,North,5
47965732,855779,08-03-2025,Grocery,Organic Rice 5kg,6,692.85,16,4157.12,4.52,174.6,3671.1,Credit Card,Shipped,Standard,Website,FESTIVE15,South,
48004424,119671,30-08-2025,Fashion,Denim Jeans,2,2383.3,1,4766.6,95.36,566.27,5380.56,Cash on Delivery,Shipped,Next Day,Mobile App,SAVE20,East,
48013965,710236,23-03-2024,Grocery,Premium Coffee,1,645.77,0,645.77,62.44,32.29,740.5,Wallet,Delivered,Standard,Website,FESTIVE15,South,5
48022481,717362,29-06-2024,Home & Kitchen,Table Lamp,4,1529.52,15,6118.07,44.08,936.06,6180.5,Credit Card,Delivered,Express,Mobile App,,North,3
48026521,915219,04-11-2025,Grocery,Dry Fruits 500g,3,746.08,7,2238.24,57.38,104.08,2243.02,Credit Card,Delivered,Standard,Mobile App,,South,7
48040815,726019,08-10-2024,Grocery,Organic Rice 5kg,4,769.87,6,3079.49,42.72,144.74,3082.18,Debit Card,Delivered,Standard,Mobile App,FESTIVE15,West,5
48071782,545331,10-04-2024,Grocery,Olive Oil 1L,3,962.2,16,2886.61,39.94,121.24,2585.93,Net Banking,Confirmed,Pickup Point,Website,,East,
48093761,956740,02-05-2024,Fashion,Cotton T-Shirt,1,864.42,6,864.42,57.46,97.51,967.52,UPI,Delivered,Standard,Mobile App,,West,5
48101642,103683,07-04-2025,Fashion,Running Shoes,2,3923.46,5,7846.93,62.76,894.55,8411.89,UPI,Processin,Standard,Marketplace,,Central,
48104609,382444,25-11-2024,Home & Kitchen,Bedsheet Set,1,1834.98,11,1834.98,29.21,293.96,1956.3,UPI,Delivered,Pickup Point,Website,,South,5
48106173,970553,08-01-2024,Home & Kitchen,Bedsheet Set,2,1911.88,21,3823.77,38.23,543.74,3602.75,UPI,Delivered,Standard,Mobile App,FREESHIP,South,5
48126633,361664,17-11-2024,Home & Kitchen,Water Bottle,2,1032.53,3,2065.06,41.85,360.56,2405.52,Credit Card,Delivered,Standard,Website,,West,5
48131361,685812,10-12-2025,Books,Fiction Bestseller,4,625.78,11,2503.11,106.46,111.39,2445.62,Debit Card,Delivered,Express,Website,,Central,5
48152493,282065,31-10-2024,Fashion,Cotton T-Shirt,1,934.58,11,934.58,79.86,99.81,1011.45,UPI,Delivered,Express,Marketplace,SAVE20,West,3
48172176,370350,01-10-2025,Books,Personal Finance Guide,1,790.33,8,790.33,83.46,36.36,846.92,Debit Card,Delivered,Standard,Mobile App,FESTIVE15,South,5
48208401,201481,01-09-2025,Home & Kitchen,Table Lamp,2,1482.13,0,2964.26,243.19,533.57,3741.02,UPI,Returned,Same Day,Website,FESTIVE15,East,
48215812,798962,11-04-2024,Sports & Fitness,Gym Bag,1,1959.37,11,1959.37,93.98,313.89,2151.71,UPI,Delivered,Standard,Website,,Central,7
48245041,602650,29-12-2024,Electronics,USB-C Hub,4,2138.92,16,8555.67,17.88,1293.62,8498.26,Cash on Delivery,Delivered,Standard,Website,WELCOME10,Central,6
48261369,819409,22-09-2025,Beauty & Personal Care,Perfume,1,2675.54,10,2675.54,87.61,433.44,2929.04,Credit Card,Delivered,Standard,Marketplace,,West,5
48281950,513727,23-12-2025,Fashion,Casual Shirt,4,1809.42,6,7237.66,19.77,816.41,7639.58,Cash on Delivery,Returned,Standard,Website,,South,
48327072,517875,16-09-2024,Home & Kitchen,Mixer Grinder,1,5086.44,10,5086.44,69.02,824,5470.82,Cash on Delivery,Delivered,Express,Website,,North,3
48355102,500347,17-02-2024,Sports & Fitness,Sports Shoes,2,3257.06,15,6514.11,0,996.66,6533.65,Credit Card,Delivered,Standard,Website,,West,5
48355241,615369,14-12-2024,Fashion,Denim Jeans,1,2601.66,7,2601.66,60.79,290.34,2770.67,Net Banking,Processin,Standard,Mobile App,,South,
48384279,304920,30-05-2024,Beauty & Personal Care,Lipstick,3,772.86,1,2318.59,85.18,413.17,2793.75,UPI,Delivered,Standard,Mobile App,APPONLY10,Central,5
48396192,575415,25-12-2025,Electronics,Noise Cancelling Headphones,1,9326.19,0,9326.19,23.22,1678.71,11028.12,Wallet,Delivered,Standard,Mobile App,FESTIVE15,North,5
48406179,732254,08-11-2025,Fashion,Cotton T-Shirt,1,938.29,10,938.29,55.74,101.34,1001.54,Debit Card,Delivered,Standard,Website,SAVE20,Central,5
48430201,159779,03-03-2025,Grocery,Premium Coffee,3,662.24,0,1986.71,100.92,99.34,2186.97,Net Banking,Delivered,Express,Website,,Central,3
48442123,706997,20-11-2024,Fashion,Denim Jeans,1,2652.54,16,2652.54,53.45,267.38,2548.96,UPI,Delivered,Standard,Mobile App,,East,5
48464469,479554,18-09-2025,Beauty & Personal Care,Perfume,2,2503.36,15,5006.73,20.1,766.03,5041.85,Net Banking,Delivered,Standard,Marketplace,FESTIVE15,South,5
48470712,568630,06-10-2025,Grocery,Organic Rice 5kg,4,703.23,13,2812.92,71.06,122.36,2640.66,Credit Card,Delivered,Standard,Mobile App,SAVE20,South,5
48478966,870085,28-09-2024,Fashion,Women’s Kurta,3,1648.99,17,4946.96,2.85,492.72,4601.55,UPI,Delivered,Standard,Website,WELCOME10,West,5
48488733,986247,12-11-2025,Books,Business Strategy Book,2,738.56,3,1477.12,68.9,71.64,1573.35,UPI,Delivered,Standard,Mobile App,SAVE20,Central,6
48489327,108459,06-03-2024,Fashion,Cotton T-Shirt,1,916.16,16,916.16,176.27,92.35,1038.19,UPI,Processin,Next Day,Website,,North,
48509200,937798,10-04-2025,Electronics,Wireless Earbuds,1,2419.63,16,2419.63,98.97,365.85,2497.31,Cash on Delivery,Delivered,Express,Website,LOYALTY5,Central,3
48534641,684939,15-10-2025,Grocery,Snack Assortment,3,514.49,10,1543.48,50.85,69.46,1509.44,Debit Card,Processin,Standard,Website,,South,
48540034,784248,29-07-2025,Fashion,Running Shoes,3,4448.32,12,13344.96,182.85,1409.23,13335.64,Credit Card,Delivered,Same Day,Mobile App,,Central,1
48541330,562761,16-07-2024,Grocery,Dry Fruits 500g,2,748.46,11,1496.92,54,66.61,1452.87,UPI,Delivered,Standard,Mobile App,,South,5
48554113,569791,26-09-2024,Fashion,Backpack,2,2333.89,1,4667.79,114.46,554.53,5290.1,Credit Card,Delivered,Express,Website,APPONLY10,North,3
48564106,447552,21-04-2025,Home & Kitchen,Storage Organizer,1,847.55,1,847.55,95.66,151.03,1085.76,Credit Card,Shipped,Standard,Mobile App,SAVE20,West,
48581522,694959,25-07-2025,Electronics,Power Bank,2,1533.14,16,3066.27,72.54,463.62,3111.83,UPI,Processin,Standard,Website,SAVE20,West,
48583686,504871,21-10-2024,Sports & Fitness,Yoga Mat,2,1431.62,22,2863.25,49,402,2684.33,UPI,Delivered,Standard,Website,FESTIVE15,West,6
48597575,901714,06-11-2024,Fashion,Hoodie,2,2269.51,26,4539.02,0,403.06,3761.93,UPI,Delivered,Standard,Mobile App,APPONLY10,Central,6
48603810,575415,26-10-2024,Sports & Fitness,Sports Shoes,1,3420.91,12,3420.91,0,541.87,3552.27,UPI,Confirmed,Standard,Marketplace,SAVE20,Central,
48670632,761245,07-06-2024,Fashion,Denim Jeans,4,2438.94,15,9755.75,0,995.09,9287.48,UPI,Delivered,Pickup Point,Mobile App,APPONLY10,South,5
48683319,726019,27-12-2024,Books,Exam Preparation Book,2,1006.74,3,2013.48,81.39,97.65,2132.12,Credit Card,Shipped,Standard,Mobile App,,North,
48695050,108961,17-09-2024,Grocery,Olive Oil 1L,2,864.2,20,1728.39,56,69.14,1507.85,Debit Card,Shipped,Standard,Mobile App,,West,
48704674,325495,19-11-2024,Electronics,1080p Webcam,2,3775.54,5,7551.09,0,1291.24,8464.78,UPI,Delivered,Pickup Point,Mobile App,LOYALTY5,West,5
48708966,504871,24-06-2025,Home & Kitchen,Mixer Grinder,1,4411.42,20,4411.42,123.81,635.25,4288.2,Net Banking,Delivered,Next Day,Mobile App,SAVE20,West,2
48809434,680558,01-06-2025,Sports & Fitness,Sports Shoes,3,3494.29,10,10482.87,35.34,1698.22,11168.14,UPI,Delivered,Standard,Website,FESTIVE15,South,5
48810024,785070,10-10-2025,Fashion,Denim Jeans,4,2578.88,2,10315.5,68.34,1213.1,11390.63,Debit Card,Shipped,Standard,Marketplace,FREESHIP,Central,
48827283,850062,05-09-2024,Fashion,Casual Shirt,2,1717.53,16,3435.07,26.83,346.26,3258.55,Net Banking,Delivered,Pickup Point,Website,LOYALTY5,West,5
48828830,939874,30-01-2024,Fashion,Running Shoes,3,4293.9,5,12881.69,40.34,1468.51,13746.46,Net Banking,Delivered,Express,Website,,South,3
48836210,870085,20-10-2024,Sports & Fitness,Gym Bag,3,1777.84,7,5333.53,0,892.83,5853.01,UPI,Delivered,Pickup Point,Marketplace,,South,5
48853962,636319,27-09-2025,Fashion,Sunglasses,1,1114.66,6,1114.66,149.53,125.73,1323.04,Debit Card,Delivered,Express,Mobile App,LOYALTY5,West,3
48868133,231491,30-04-2025,Home & Kitchen,Storage Organizer,1,865.95,0,865.95,54.23,155.87,1076.05,Net Banking,Delivered,Express,Mobile App,,Central,3
48881694,478805,13-05-2025,Electronics,Power Bank,1,1574.89,5,1574.89,105.33,269.31,1870.79,UPI,Delivered,Express,Mobile App,,West,4
48898233,156356,20-01-2024,Electronics,Noise Cancelling Headphones,1,7861.44,6,7861.44,0,1330.16,8719.91,Cash on Delivery,Shipped,Standard,Mobile App,FESTIVE15,East,
48900876,121516,21-01-2024,Beauty & Personal Care,Perfume,3,2490.11,6,7470.33,0,1263.98,8286.09,UPI,Delivered,Standard,Mobile App,,Central,5
48908803,389676,05-06-2025,Fashion,Sunglasses,3,1229.43,6,3688.3,10.97,416.04,3894.01,UPI,Shipped,Express,Mobile App,,West,
48925188,289404,08-11-2024,Home & Kitchen,Air Fryer,5,7408.08,11,37040.38,146.66,5933.87,39046.47,Debit Card,Shipped,Next Day,Mobile App,,South,
48944900,784248,11-01-2024,Electronics,Noise Cancelling Headphones,3,8754.44,2,26263.31,6.52,4632.85,30377.41,Debit Card,Delivered,Standard,Mobile App,,South,5
48956296,575698,28-02-2024,Home & Kitchen,Bedsheet Set,4,1965.8,16,7863.2,0,1188.92,7794.01,Net Banking,Delivered,Standard,Mobile App,,West,6
48986377,487208,17-11-2025,Electronics,Mechanical Keyboard,3,4818.15,10,14454.46,50.93,2341.62,15401.56,Debit Card,Delivered,Standard,Website,LOYALTY5,South,5
49006076,663897,15-09-2024,Sports & Fitness,Cricket Bat,2,4225.46,20,8450.91,23.96,1216.93,8001.62,Credit Card,Shipped,Standard,Marketplace,,West,
49015274,917605,09-03-2025,Sports & Fitness,Fitness Resistance Bands,4,1079.94,0,4319.77,103.58,777.56,5200.91,UPI,Delivered,Express,Website,,North,3
49018259,908569,11-11-2024,Beauty & Personal Care,Shampoo,1,649.87,16,649.87,97.97,98.26,742.12,Credit Card,Delivered,Standard,Mobile App,,West,5
49031103,966795,15-04-2024,Sports & Fitness,Sports Shoes,3,3155.59,0,9466.76,36.78,1704.02,11207.56,UPI,Processin,Standard,Mobile App,LOYALTY5,North,
49061994,502392,06-10-2024,Home & Kitchen,Air Fryer,2,6481.93,11,12963.85,52.88,2076.81,13667.52,Wallet,Delivered,Express,Mobile App,,East,3
49073667,967182,08-10-2025,Electronics,Wireless Earbuds,2,2803.4,11,5606.81,2.23,898.21,5890.5,Credit Card,Delivered,Standard,Website,,West,5
49084140,717362,03-06-2025,Books,Personal Finance Guide,1,733.94,15,733.94,146.28,31.19,801.32,Credit Card,Shipped,Next Day,Mobile App,WELCOME10,West,
49110032,248381,29-05-2024,Electronics,USB-C Hub,1,2453.23,11,2453.23,57.63,393.01,2634.01,Credit Card,Cancelled,Standard,Mobile App,LOYALTY5,South,
49126208,513429,23-12-2025,Fashion,Cotton T-Shirt,1,854.46,8,854.46,58.74,94.33,939.17,UPI,Delivered,Pickup Point,Website,,North,5
49130531,981217,01-11-2025,Grocery,Snack Assortment,3,535.88,23,1607.63,53.45,61.89,1353.22,Wallet,Confirmed,Standard,Website,,East,
49133909,572666,22-04-2025,Fashion,Sunglasses,4,1259.94,5,5039.74,16.3,574.53,5378.58,UPI,Delivered,Standard,Website,,East,5
49157806,900979,27-10-2025,Electronics,Wireless Earbuds,2,2351.1,28,4702.2,46.9,609.4,4041.88,Net Banking,Delivered,Standard,Mobile App,WELCOME10,South,5
49170331,250203,22-12-2024,Fashion,Sunglasses,4,1335.13,13,5340.52,31.42,557.55,5235.22,Net Banking,Delivered,Standard,Marketplace,FESTIVE15,South,5
49184455,304920,07-03-2025,Sports & Fitness,Yoga Mat,2,1083.22,1,2166.45,202.07,386.06,2732.92,Net Banking,Shipped,Same Day,Website,LOYALTY5,East,
49205544,402445,23-06-2024,Sports & Fitness,Sports Shoes,1,3367.39,1,3367.39,96.17,600.07,4029.96,Credit Card,Delivered,Next Day,Mobile App,,South,2
49224639,479454,28-12-2025,Beauty & Personal Care,Lipstick,2,787.57,0,1575.14,311.06,283.53,2169.73,Net Banking,Delivered,Same Day,Website,WELCOME10,West,1
49227299,505043,18-01-2025,Books,Cookbook,1,782.09,0,782.09,100.46,39.1,921.65,Credit Card,Delivered,Express,Marketplace,,Central,3
49256934,694959,24-01-2025,Electronics,Power Bank,3,1590.64,6,4771.92,120.65,807.41,5413.66,UPI,Delivered,Next Day,Mobile App,APPONLY10,West,2
49263991,674262,11-11-2025,Home & Kitchen,Mixer Grinder,2,4607.3,10,9214.6,0,1492.77,9785.91,Debit Card,Delivered,Standard,Mobile App,,North,6
49302069,787686,07-08-2024,Electronics,Bluetooth Speaker,2,3298.18,6,6596.36,2.24,1116.1,7318.92,Net Banking,Delivered,Standard,Mobile App,,Central,5
49308697,833858,25-12-2024,Beauty & Personal Care,Lipstick,2,910.27,2,1820.55,124.94,321.15,2230.23,Debit Card,Delivered,Next Day,Marketplace,,North,3
49328733,661978,09-04-2025,Beauty & Personal Care,Shampoo,2,718.59,0,1437.18,141.27,258.69,1837.14,Debit Card,Delivered,Express,Marketplace,,Central,5
49340478,392962,01-07-2024,Electronics,Noise Cancelling Headphones,1,9605.7,7,9605.7,38.5,1607.99,10579.79,Wallet,Returned,Express,Mobile App,LOYALTY5,West,
49364077,104998,09-07-2024,Beauty & Personal Care,Sunscreen SPF 50,2,953.32,11,1906.64,112.5,305.44,2114.85,Net Banking,Delivered,Express,Website,WELCOME10,South,3
49369052,754071,20-12-2025,Beauty & Personal Care,Perfume,1,2269.18,21,2269.18,43.81,322.68,2159.14,Debit Card,Delivered,Pickup Point,Website,,East,5
49388544,160754,07-04-2025,Beauty & Personal Care,Face Serum,2,1480.84,15,2961.68,56.98,453.14,3027.55,Debit Card,Delivered,Standard,Website,,North,5
49390312,531162,17-04-2025,Books,Exam Preparation Book,1,1081.83,1,1081.83,45.92,53.55,1170.48,UPI,Delivered,Standard,Marketplace,,West,5
49396486,834277,30-05-2025,Electronics,Power Bank,3,1574.98,25,4724.94,61.85,637.87,4243.43,Debit Card,Processin,Express,Website,,West,
49437443,979363,07-08-2025,Electronics,Noise Cancelling Headphones,2,8253.95,11,16507.9,237.74,2644.57,17574.34,Cash on Delivery,Delivered,Same Day,Website,,South,1
49444427,156320,27-10-2025,Electronics,Smartwatch,3,5879.65,2,17638.94,0,3111.51,20397.67,Credit Card,Delivered,Standard,Mobile App,,North,5
49459259,168648,21-10-2025,Electronics,Mechanical Keyboard,2,4449.54,6,8899.08,32.46,1505.73,9903.33,UPI,Delivered,Standard,Mobile App,LOYALTY5,West,5
49502938,684770,03-07-2025,Grocery,Protein Cereal,4,611.59,0,2446.36,88.12,122.32,2656.8,Credit Card,Delivered,Standard,Website,FESTIVE15,West,5
49533701,320066,29-03-2024,Fashion,Denim Jeans,2,2691.23,0,5382.46,12.16,645.9,6040.52,UPI,Shipped,Standard,Mobile App,FESTIVE15,West,
49545170,800936,18-10-2024,Electronics,Wireless Earbuds,3,2514.26,1,7542.77,30.6,1344.12,8842.06,UPI,Delivered,Standard,Website,,Central,5
49606468,764466,12-01-2024,Electronics,Mechanical Keyboard,3,4826.26,10,14478.77,232,2345.56,15608.45,Credit Card,Delivered,Same Day,Website,FESTIVE15,East,1
49636340,282065,01-11-2025,Electronics,USB-C Hub,5,2043.49,8,10217.47,59.7,1692.01,11151.78,Debit Card,Delivered,Express,Mobile App,,East,4
49650320,744677,16-10-2025,Electronics,Bluetooth Speaker,1,3450.08,11,3450.08,168.8,552.7,3792.07,Credit Card,Delivered,Next Day,Website,LOYALTY5,East,4
49653615,967102,18-06-2025,Electronics,USB-C Hub,2,2188.55,1,4377.1,6.55,780,5119.88,Net Banking,Delivered,Standard,Marketplace,LOYALTY5,South,5
49655473,680558,08-01-2024,Beauty & Personal Care,Perfume,2,2342.57,10,4685.15,0,758.99,4975.62,UPI,Delivered,Standard,Mobile App,FREESHIP,North,5
49670967,646569,27-09-2025,Beauty & Personal Care,Lipstick,4,925.7,10,3702.8,47.13,599.85,3979.5,Debit Card,Shipped,Standard,Mobile App,WELCOME10,Central,
49675801,276393,01-04-2024,Fashion,Denim Jeans,1,2625.97,1,2625.97,113.21,311.97,3024.89,Cash on Delivery,Delivered,Standard,Marketplace,LOYALTY5,East,5
49714628,468547,29-12-2025,Books,Data Analytics Handbook,2,974.23,10,1948.45,71.07,87.68,1912.36,Debit Card,Processin,Standard,Mobile App,APPONLY10,South,
49763596,521628,26-05-2024,Home & Kitchen,Air Fryer,2,6914.29,5,13828.58,77.31,2364.69,15579.15,Cash on Delivery,Delivered,Express,Website,WELCOME10,South,3
49789573,243325,22-05-2025,Fashion,Casual Shirt,1,1758.13,6,1758.13,48.2,198.32,1899.16,UPI,Delivered,Standard,Marketplace,FREESHIP,North,5
49790511,754071,02-03-2024,Electronics,Smartwatch,2,6419.11,16,12838.22,0,1941.14,12725.24,Credit Card,Returned,Standard,Mobile App,FREESHIP,West,
49795174,674785,01-09-2024,Sports & Fitness,Yoga Mat,2,1296.76,1,2593.51,58.46,462.16,3088.19,Debit Card,Shipped,Standard,Marketplace,,East,
49799232,166979,03-09-2024,Electronics,Mechanical Keyboard,2,4537.14,25,9074.28,8.01,1225.03,8038.75,Credit Card,Delivered,Standard,Mobile App,,East,5
49815554,569791,07-11-2024,Grocery,Dry Fruits 500g,1,781.73,18,781.73,178.78,32.05,851.85,Wallet,Delivered,Same Day,Mobile App,,South,1
49834663,623496,01-03-2025,Home & Kitchen,Bedsheet Set,3,1975.21,15,5925.64,31.26,906.62,5974.67,UPI,Delivered,Standard,Mobile App,FREESHIP,South,5
49865682,392962,04-11-2025,Fashion,Running Shoes,1,3882.55,2,3882.55,132.11,456.59,4393.6,UPI,Delivered,Express,Website,,Central,4
49866322,738812,10-06-2025,Electronics,Smartwatch,1,5764.53,6,5764.53,7.59,975.36,6401.61,Credit Card,Delivered,Standard,Website,,South,6
49890084,538863,18-08-2024,Fashion,Running Shoes,1,3798.42,5,3798.42,0,433.02,4041.52,Debit Card,Confirmed,Pickup Point,Website,,North,
49892666,900979,24-10-2025,Beauty & Personal Care,Lipstick,2,761.97,18,1523.93,54.07,224.93,1528.62,Credit Card,Delivered,Standard,Website,,North,5
49909038,360097,08-08-2025,Fashion,Hoodie,1,2007.38,1,2007.38,114.4,238.48,2340.19,Cash on Delivery,Delivered,Express,Mobile App,,Central,3
49915869,982086,17-03-2024,Fashion,Cotton T-Shirt,2,872.26,11,1744.52,86.22,186.31,1825.15,UPI,Shipped,Standard,Marketplace,,West,
49954084,602650,07-10-2025,Fashion,Sunglasses,2,1378.99,3,2757.98,58.29,321.03,3054.56,Wallet,Delivered,Standard,Website,APPONLY10,West,5
49974984,573260,31-03-2025,Electronics,Power Bank,3,1518.08,6,4554.23,112.08,770.58,5163.64,Net Banking,Delivered,Next Day,Website,,East,2
49994114,590308,23-03-2024,Electronics,1080p Webcam,1,3717.57,20,3717.57,95.01,535.33,3604.4,UPI,Delivered,Express,Website,,West,3
49994281,151852,09-11-2025,Fashion,Casual Shirt,1,1875.81,15,1875.81,189.6,191.33,1975.37,Credit Card,Delivered,Next Day,Mobile App,,West,2
50042538,350814,05-09-2025,Beauty & Personal Care,Hair Dryer,3,2957.45,11,8872.35,40.18,1421.35,9357.92,UPI,Delivered,Standard,Mobile App,,West,5
50045423,532465,11-07-2025,Home & Kitchen,Bedsheet Set,2,1896.61,10,3793.22,6.33,614.5,4034.73,UPI,Delivered,Standard,Mobile App,FREESHIP,West,6
50070136,327386,02-11-2024,Beauty & Personal Care,Hair Dryer,6,2918.9,17,17513.42,0,2616.51,17152.65,UPI,Confirmed,Standard,Website,,West,
50140239,754071,25-11-2024,Fashion,Cotton T-Shirt,1,900.14,13,900.14,90.09,93.97,967.18,Wallet,Delivered,Express,Mobile App,LOYALTY5,North,4
50142901,987344,25-12-2024,Electronics,Power Bank,2,1513.2,5,3026.4,59.09,517.51,3451.68,Net Banking,Delivered,Standard,Mobile App,,Central,5
50165703,453000,06-12-2024,Beauty & Personal Care,Lipstick,2,775.21,21,1550.42,47.79,220.47,1493.09,Debit Card,Delivered,Pickup Point,Website,,South,6
50169495,136962,24-05-2025,Home & Kitchen,Bedsheet Set,2,1883.04,5,3766.08,38.61,644,4260.39,UPI,Processin,Standard,Website,,West,
50202757,727149,28-02-2025,Beauty & Personal Care,Shampoo,2,658.4,0,1316.8,127.23,237.02,1681.05,UPI,Delivered,Express,Marketplace,FESTIVE15,South,3
50202793,192903,22-08-2025,Home & Kitchen,Electric Kettle,2,2016.17,6,4032.34,24.41,682.27,4497.08,Credit Card,Delivered,Standard,Marketplace,,West,5
50218517,167829,11-12-2024,Grocery,Snack Assortment,7,515.7,3,3609.9,18.27,175.08,3694.95,UPI,Delivered,Standard,Mobile App,,South,6
50233362,371899,15-12-2025,Sports & Fitness,Gym Bag,2,1699.49,2,3398.98,40.01,599.58,3970.59,UPI,Delivered,Standard,Website,,North,5
50242573,636319,09-12-2024,Books,Data Analytics Handbook,2,985.93,11,1971.86,78.65,87.75,1921.36,Debit Card,Delivered,Standard,Marketplace,,Central,5
50242777,682946,11-03-2024,Fashion,Women’s Kurta,2,1500.35,22,3000.7,163.24,280.87,2784.66,Debit Card,Delivered,Next Day,Marketplace,,North,3
50246321,361664,28-07-2024,Beauty & Personal Care,Shampoo,2,678.17,6,1356.34,100.49,229.49,1604.94,Wallet,Shipped,Standard,Mobile App,LOYALTY5,North,
50272049,196350,31-10-2025,Electronics,Smartwatch,1,5469.17,14,5469.17,28.46,846.63,5578.58,Cash on Delivery,Delivered,Standard,Mobile App,,West,5
50275854,834010,22-09-2025,Fashion,Backpack,2,2293.52,0,4587.04,45.8,550.44,5183.28,Credit Card,Delivered,Standard,Mobile App,,South,5
50292759,930111,05-12-2025,Electronics,Power Bank,2,1673.3,2,3346.61,51.3,590.34,3921.32,UPI,Delivered,Standard,Website,,South,6
50316195,615369,16-01-2024,Fashion,Cotton T-Shirt,1,950.69,0,950.69,73.95,114.08,1138.72,Credit Card,Delivered,Standard,Website,,South,5
50316938,990734,13-10-2024,Sports & Fitness,Gym Bag,2,1779.37,20,3558.74,59.1,512.46,3418.55,UPI,Delivered,Standard,Website,,North,5
50331939,430032,27-07-2024,Fashion,Cotton T-Shirt,2,792.51,0,1585.01,107.14,190.2,1882.35,UPI,Delivered,Express,Marketplace,,South,3
50343584,844808,20-11-2024,Beauty & Personal Care,Moisturizer,2,728.95,1,1457.9,92.59,259.8,1795.71,UPI,Shipped,Express,Mobile App,,West,
50344959,289404,14-10-2024,Fashion,Women’s Kurta,1,1579.84,16,1579.84,82.71,159.25,1569.03,Wallet,Delivered,Standard,Mobile App,,South,5
50354202,458160,09-06-2024,Fashion,Sunglasses,4,1235.94,1,4943.78,119.81,587.32,5601.47,Debit Card,Shipped,Next Day,Website,SAVE20,Central,
50359867,870085,11-03-2025,Sports & Fitness,Fitness Resistance Bands,1,1060.43,2,1060.43,74,187.06,1300.28,Credit Card,Delivered,Standard,Website,LOYALTY5,North,5
50371006,218174,07-11-2025,Fashion,Cotton T-Shirt,1,866.14,6,866.14,79.44,97.7,991.31,Debit Card,Delivered,Standard,Website,FESTIVE15,East,5
50375604,717362,17-12-2024,Home & Kitchen,Bedsheet Set,2,1967.73,12,3935.47,35.38,623.38,4121.97,Wallet,Delivered,Standard,Website,FREESHIP,West,5
50413730,495243,14-11-2024,Sports & Fitness,Sports Shoes,1,3296.93,8,3296.93,229.15,545.97,3808.3,Wallet,Delivered,Same Day,Mobile App,,West,1
50421325,816237,24-11-2024,Sports & Fitness,Gym Bag,3,1820.55,0,5461.64,109.94,983.1,6554.68,UPI,Delivered,Next Day,Website,,South,2
50421840,453000,01-04-2025,Electronics,Noise Cancelling Headphones,4,8636.2,16,34544.8,226.14,5223.17,34466.94,Cash on Delivery,Delivered,Same Day,Mobile App,,West,1
50426642,333453,10-10-2024,Books,Business Strategy Book,5,719.83,4,3599.13,14.1,172.76,3642.02,UPI,Delivered,Standard,Website,,West,5
50478341,349717,30-11-2024,Grocery,Snack Assortment,4,519.56,27,2078.24,41.77,75.86,1634.75,UPI,Delivered,Standard,Mobile App,,North,5
50478389,119671,02-09-2024,Fashion,Casual Shirt,1,1657.19,11,1657.19,151.04,176.99,1802.93,Debit Card,Delivered,Next Day,Website,,West,3
50484626,572377,17-07-2024,Fashion,Running Shoes,3,4077.65,0,12232.94,15.23,1467.95,13716.12,Credit Card,Delivered,Express,Website,SAVE20,South,3
50496774,746996,28-07-2025,Fashion,Denim Jeans,2,2634.78,0,5269.56,0,632.35,5901.91,Net Banking,Delivered,Standard,Website,FESTIVE15,West,5
50523325,195312,22-03-2024,Beauty & Personal Care,Hair Dryer,2,2771.14,1,5542.29,67.84,987.64,6542.35,Credit Card,Processin,Express,Website,,South,
50526376,850062,25-04-2024,Fashion,Hoodie,4,2392.79,1,9571.16,65.8,1137.05,10678.3,Credit Card,Delivered,Standard,Website,,West,5
50558149,843969,15-10-2024,Home & Kitchen,Non-Stick Cookware Set,2,6482,25,12963.99,14.09,1750.14,11487.22,UPI,Delivered,Standard,Mobile App,,West,5
50560327,192903,04-04-2024,Beauty & Personal Care,Shampoo,4,705.39,11,2821.56,105.18,452.01,3068.38,Debit Card,Delivered,Express,Mobile App,,Central,3
50585040,220409,06-10-2024,Electronics,Power Bank,1,1460.67,16,1460.67,45.56,220.85,1493.37,UPI,Delivered,Standard,Mobile App,,Central,7
50634787,210506,01-11-2024,Beauty & Personal Care,Shampoo,2,706.53,20,1413.06,277.62,203.48,1611.55,Credit Card,Delivered,Same Day,Mobile App,,West,1
50646626,701235,18-11-2024,Electronics,Mechanical Keyboard,2,4602.63,10,9205.25,36.73,1491.25,9812.71,UPI,Delivered,Standard,Mobile App,,East,5
50651977,982501,13-03-2024,Fashion,Hoodie,4,2177.93,10,8711.71,0,940.86,8781.4,Wallet,Delivered,Standard,Mobile App,,North,7
50711781,768068,16-05-2024,Sports & Fitness,Dumbbell Set,2,3823.55,21,7647.1,54.23,1087.42,7182.86,Debit Card,Delivered,Standard,Website,,South,5
50738927,531162,11-02-2025,Books,Business Strategy Book,6,713.87,16,4283.24,1.27,179.9,3779.09,Debit Card,Shipped,Standard,Marketplace,,West,
50742767,468547,23-03-2025,Fashion,Casual Shirt,1,1725.04,10,1725.04,62.12,186.3,1800.96,Cash on Delivery,Delivered,Standard,Website,,Central,5
50742866,156320,18-09-2025,Grocery,Protein Cereal,1,600.67,0,600.67,68.91,30.03,699.61,Credit Card,Delivered,Standard,Mobile App,,Central,5
50788683,457808,16-04-2025,Fashion,Cotton T-Shirt,1,941.24,0,941.24,33.2,112.95,1087.39,Credit Card,Delivered,Pickup Point,Mobile App,,South,5
50788821,999413,08-06-2025,Beauty & Personal Care,Lipstick,3,799.92,16,2399.77,7.71,362.85,2386.37,Wallet,Processin,Standard,Mobile App,,North,
50825964,158692,23-04-2025,Grocery,Protein Cereal,4,572.16,5,2288.64,46.14,108.71,2329.06,Credit Card,Delivered,Express,Website,FREESHIP,Central,3
50873852,738812,04-10-2025,Home & Kitchen,Table Lamp,1,1451.19,13,1451.19,16.75,227.26,1506.55,Credit Card,Delivered,Pickup Point,Website,,West,5
50892146,706543,17-07-2024,Beauty & Personal Care,Perfume,3,2351.55,16,7054.64,176.83,1066.66,7169.39,Debit Card,Shipped,Next Day,Marketplace,WELCOME10,Central,
50945276,476057,15-10-2025,Home & Kitchen,Table Lamp,1,1496.96,25,1496.96,156.77,202.09,1481.58,UPI,Delivered,Next Day,Marketplace,FESTIVE15,Central,2
50958279,288257,02-10-2024,Fashion,Sunglasses,3,1359.85,20,4079.54,28.42,391.64,3683.69,Cash on Delivery,Delivered,Standard,Website,,North,5
50959797,861740,13-07-2024,Home & Kitchen,Air Fryer,2,6989.42,12,13978.85,161.53,2214.25,14677.17,Credit Card,Delivered,Next Day,Website,FESTIVE15,West,3
50991533,530556,11-02-2024,Home & Kitchen,Electric Kettle,4,1859.63,0,7438.53,40.39,1338.94,8817.86,UPI,Delivered,Standard,Website,FESTIVE15,East,5
51003271,284616,15-09-2025,Fashion,Denim Jeans,1,2796.96,25,2796.96,68.8,251.73,2418.25,Cash on Delivery,Delivered,Standard,Website,,South,5
51013704,915934,09-12-2025,Sports & Fitness,Gym Bag,3,1730.85,10,5192.55,0,841.19,5514.48,Credit Card,Delivered,Pickup Point,Website,FESTIVE15,North,5
51045428,850062,23-02-2025,Sports & Fitness,Dumbbell Set,1,3624.82,26,3624.82,65.33,482.83,3230.53,UPI,Delivered,Standard,Website,SAVE20,East,5
51059868,726894,03-04-2025,Fashion,Sunglasses,3,1370.02,6,4110.06,0,463.62,4327.08,UPI,Delivered,Standard,Marketplace,,South,6
51067557,572666,15-05-2025,Home & Kitchen,Electric Kettle,3,1961.17,10,5883.51,54.18,953.13,6302.47,Credit Card,Delivered,Express,Website,FREESHIP,North,3
51072652,711233,14-12-2024,Fashion,Casual Shirt,1,1673.01,20,1673.01,68.79,160.61,1567.81,Wallet,Delivered,Standard,Mobile App,FESTIVE15,West,5
51118967,654045,03-10-2025,Sports & Fitness,Fitness Resistance Bands,2,1015.5,12,2031,90,321.71,2198.99,Net Banking,Delivered,Standard,Marketplace,,Central,5
51123428,215726,31-01-2025,Sports & Fitness,Gym Bag,2,1815.35,22,3630.69,42.24,509.75,3383.93,Debit Card,Delivered,Standard,Website,WELCOME10,West,5
51127155,671302,29-11-2025,Home & Kitchen,Bedsheet Set,3,2030.2,0,6090.6,0,1096.31,7186.91,UPI,Delivered,Standard,Mobile App,,South,6
51156204,698839,22-05-2025,Fashion,Sunglasses,2,1341.5,25,2683,41.7,241.47,2295.42,Credit Card,Delivered,Pickup Point,Marketplace,FREESHIP,South,5
51181195,442761,12-04-2024,Home & Kitchen,Mixer Grinder,2,4838.67,0,9677.33,198.69,1741.92,11617.94,Net Banking,Cancelled,Next Day,Mobile App,FESTIVE15,West,
51183624,303829,14-11-2024,Fashion,Women’s Kurta,2,1676.08,8,3352.16,9.99,370.08,3464.06,UPI,Delivered,Standard,Mobile App,WELCOME10,West,5
51195359,453000,02-05-2024,Beauty & Personal Care,Perfume,5,2367.64,21,11838.19,46.23,1683.39,11081.79,Cash on Delivery,Delivered,Standard,Mobile App,,South,5
51200686,422755,17-04-2025,Home & Kitchen,Air Fryer,2,7064.99,16,14129.98,18.26,2136.45,14023.89,Credit Card,Delivered,Standard,Mobile App,WELCOME10,South,5
51227039,834277,07-11-2025,Home & Kitchen,Water Bottle,2,1006.58,7,2013.16,151.05,337,2360.29,Credit Card,Delivered,Next Day,Mobile App,FREESHIP,North,2
51264590,677141,11-09-2024,Beauty & Personal Care,Hair Dryer,2,2866.39,1,5732.77,0,1021.58,6697.02,UPI,Delivered,Standard,Website,,West,5
51272736,753025,01-04-2024,Beauty & Personal Care,Shampoo,2,694.03,26,1388.06,82.89,184.89,1294.94,UPI,Delivered,Standard,Mobile App,APPONLY10,South,5
51274828,371899,17-12-2025,Electronics,Smartwatch,3,6053.28,25,18159.84,27.19,2451.58,16098.65,UPI,Delivered,Express,Mobile App,APPONLY10,Central,3
51292424,636319,16-09-2024,Fashion,Hoodie,3,2163.3,6,6489.9,25.12,732.06,6857.69,UPI,Shipped,Standard,Website,,East,
51294720,239803,04-01-2025,Electronics,Power Bank,1,1521.82,20,1521.82,32.04,219.14,1468.64,Credit Card,Delivered,Pickup Point,Website,WELCOME10,South,5
51298553,434676,23-11-2025,Home & Kitchen,Bedsheet Set,1,1726.29,7,1726.29,108.88,288.98,2003.31,Wallet,Shipped,Express,Mobile App,,East,
51322052,454658,05-10-2024,Beauty & Personal Care,Face Serum,2,1234.84,10,2469.67,126.21,400.09,2749,UPI,Delivered,Express,Marketplace,,Central,5
51369099,557433,21-12-2025,Sports & Fitness,Cricket Bat,2,3889.79,11,7779.58,93.98,1246.29,8264.1,Debit Card,Delivered,Express,Website,LOYALTY5,South,3
51388940,118062,07-08-2024,Beauty & Personal Care,Lipstick,2,768.07,10,1536.15,279.65,248.86,1911.04,Debit Card,Delivered,Same Day,Website,,Central,1
51405854,360910,24-11-2025,Sports & Fitness,Fitness Resistance Bands,2,987.02,7,1974.05,31.66,330.46,2197.99,Credit Card,Delivered,Pickup Point,Mobile App,,West,6
51411528,981552,28-06-2024,Electronics,1080p Webcam,1,4045.78,1,4045.78,39.34,720.96,4765.62,UPI,Delivered,Standard,Website,,West,5
51459371,347007,17-09-2025,Fashion,Casual Shirt,3,1790.67,5,5372,20.34,612.41,5736.15,Net Banking,Returned,Standard,Website,FESTIVE15,West,
51465541,726894,08-04-2024,Electronics,USB-C Hub,2,2255,1,4510.01,218.57,803.68,5487.16,Debit Card,Delivered,Same Day,Website,,South,1
51496939,202824,02-01-2024,Home & Kitchen,Water Bottle,2,1021.75,10,2043.5,67.66,331.05,2237.86,Debit Card,Delivered,Standard,Website,,West,6
51497415,417948,08-10-2025,Electronics,USB-C Hub,2,2207.53,13,4415.07,0.57,691.4,4533.08,Net Banking,Delivered,Standard,Mobile App,FREESHIP,West,5
51513626,953964,02-03-2024,Home & Kitchen,Table Lamp,2,1725.31,21,3450.61,73.93,490.68,3290.59,Credit Card,Delivered,Standard,Website,,North,5
51524906,251505,06-04-2025,Electronics,Smartwatch,2,5996.45,11,11992.9,0,1921.26,12594.94,UPI,Delivered,Standard,Mobile App,,West,5
51531627,212904,23-02-2025,Grocery,Olive Oil 1L,3,895.6,11,2686.79,70.91,119.56,2581.71,Cash on Delivery,Shipped,Standard,Mobile App,FREESHIP,North,
51542259,715227,30-10-2025,Beauty & Personal Care,Face Serum,1,1308.98,26,1308.98,47.86,174.36,1190.87,Wallet,Delivered,Standard,Mobile App,,East,5
51545085,524835,09-11-2025,Grocery,Protein Cereal,1,601.43,25,601.43,110.91,22.55,584.53,UPI,Delivered,Express,Website,FREESHIP,East,4
51545866,694959,08-11-2024,Home & Kitchen,Storage Organizer,2,861.68,13,1723.35,69.55,269.88,1838.74,Wallet,Delivered,Standard,Website,SAVE20,South,5
51697149,506330,14-09-2025,Books,Data Analytics Handbook,1,827.95,11,827.95,94.51,36.84,868.23,Net Banking,Cancelled,Standard,Mobile App,,West,
51725947,121516,04-10-2024,Beauty & Personal Care,Face Serum,2,1339.74,6,2679.48,99.75,453.37,3071.83,Debit Card,Delivered,Express,Mobile App,FREESHIP,Central,3
51763552,974498,01-11-2025,Home & Kitchen,Electric Kettle,2,2082.19,11,4164.39,10.93,667.14,4384.38,Credit Card,Shipped,Standard,Mobile App,,North,
51771096,967182,28-10-2025,Electronics,1080p Webcam,5,3812.45,8,19062.27,73.03,3156.71,20767.03,UPI,Confirmed,Express,Website,,West,
51771795,922983,17-09-2025,Electronics,Wireless Earbuds,3,2538.26,0,7614.77,14.75,1370.66,9000.18,UPI,Delivered,Standard,Website,,West,5
51773438,575698,06-04-2025,Fashion,Hoodie,1,2103.41,11,2103.41,44.3,224.64,2140.97,Credit Card,Delivered,Standard,Mobile App,SAVE20,South,5
51789557,982086,16-10-2025,Fashion,Denim Jeans,5,2616.79,1,13083.95,0,1554.37,14507.48,Debit Card,Delivered,Express,Mobile App,LOYALTY5,East,3
51800626,672334,02-04-2025,Grocery,Protein Cereal,3,598.74,15,1796.23,98.56,76.34,1701.7,Credit Card,Shipped,Express,Website,,North,
51812030,491942,17-03-2024,Sports & Fitness,Sports Shoes,3,3321.13,1,9963.38,46.76,1775.48,11685.99,Net Banking,Delivered,Standard,Mobile App,,West,5
51831339,950849,27-06-2024,Books,Exam Preparation Book,3,985.92,16,2957.77,79.8,124.23,2688.56,UPI,Delivered,Standard,Website,LOYALTY5,Central,5
51833999,861740,06-01-2024,Beauty & Personal Care,Lipstick,2,797.73,2,1595.45,86.54,281.44,1931.52,Debit Card,Delivered,Express,Marketplace,,West,3
51878129,946242,10-02-2024,Fashion,Cotton T-Shirt,2,870.82,1,1741.65,84.81,206.91,2015.95,Wallet,Delivered,Standard,Marketplace,FREESHIP,West,5
51887507,709126,04-11-2025,Books,Fiction Bestseller,3,608.15,2,1824.44,37.92,89.4,1915.27,UPI,Returned,Pickup Point,Website,,North,
51895656,766287,20-04-2025,Beauty & Personal Care,Shampoo,3,706.19,5,2118.57,70.43,362.28,2445.35,Debit Card,Delivered,Standard,Mobile App,LOYALTY5,West,5
51899737,624815,26-08-2025,Fashion,Women’s Kurta,3,1582.71,16,4748.14,52.05,478.61,4519.1,Cash on Delivery,Delivered,Standard,Website,WELCOME10,East,5
51903347,836940,10-06-2024,Fashion,Casual Shirt,3,1730.4,5,5191.2,71.35,591.8,5594.79,UPI,Delivered,Express,Website,,West,4
51929069,761245,15-08-2025,Books,Fiction Bestseller,2,601.71,0,1203.41,35.75,60.17,1299.33,UPI,Delivered,Pickup Point,Mobile App,LOYALTY5,South,5
51932296,311051,25-01-2025,Fashion,Sunglasses,3,1365.59,2,4096.76,47.86,481.78,4544.46,Debit Card,Processin,Standard,Website,,Central,
51932580,153016,05-08-2024,Home & Kitchen,Mixer Grinder,2,5102.03,15,10204.06,60.6,1561.22,10295.27,Cash on Delivery,Delivered,Standard,Website,FREESHIP,East,5
51941641,751689,16-03-2024,Fashion,Backpack,2,2152.68,1,4305.36,0,511.48,4773.79,UPI,Delivered,Standard,Website,LOYALTY5,Central,7
51977387,553176,05-11-2024,Beauty & Personal Care,Hair Dryer,3,2970.51,5,8911.54,0,1523.87,9989.83,Wallet,Delivered,Standard,Mobile App,,East,7
51980259,879394,21-10-2024,Grocery,Protein Cereal,2,617.44,6,1234.89,97.12,58.04,1315.96,UPI,Shipped,Standard,Mobile App,,Central,
51992252,709126,25-03-2024,Sports & Fitness,Dumbbell Set,2,3516.09,0,7032.17,41.51,1265.79,8339.47,Net Banking,Delivered,Express,Website,FESTIVE15,Central,3
51999711,835319,07-07-2024,Fashion,Casual Shirt,2,1928.91,5,3857.82,161.44,439.79,4266.16,Cash on Delivery,Delivered,Next Day,Website,FESTIVE15,East,3
52025011,891343,09-05-2024,Grocery,Dry Fruits 500g,6,836.24,20,5017.42,163.2,200.7,4377.84,Net Banking,Shipped,Same Day,Mobile App,APPONLY10,Central,
52059775,710236,07-05-2025,Grocery,Snack Assortment,4,473.88,20,1895.5,69.47,75.82,1661.69,Credit Card,Delivered,Standard,Mobile App,SAVE20,East,5
52153134,754071,10-05-2024,Home & Kitchen,Mixer Grinder,2,5132.53,21,10265.06,0,1459.69,9569.09,Cash on Delivery,Delivered,Standard,Mobile App,,East,5
52164420,663897,27-11-2024,Fashion,Denim Jeans,1,2392.34,2,2392.34,77.91,281.34,2703.74,Debit Card,Delivered,Standard,Website,,West,5
52194341,419667,28-09-2025,Electronics,Smartwatch,1,5925.63,21,5925.63,0,842.62,5523.87,Credit Card,Delivered,Standard,Mobile App,,South,5
52228024,311730,05-09-2025,Grocery,Organic Rice 5kg,5,715.48,10,3577.41,131.78,160.98,3512.43,Net Banking,Delivered,Next Day,Website,,North,2
52246238,754071,21-07-2025,Books,Business Strategy Book,3,729.32,6,2187.96,187.04,102.83,2346.55,UPI,Delivered,Next Day,Mobile App,,North,3
52249256,192903,11-10-2025,Beauty & Personal Care,Hair Dryer,3,2952.04,11,8856.11,33.95,1418.75,9334.64,Net Banking,Returned,Standard,Mobile App,,East,
52252866,333453,26-08-2025,Electronics,Wireless Earbuds,3,2315.21,7,6945.63,81.88,1162.7,7704.02,Net Banking,Shipped,Express,Mobile App,WELCOME10,South,
52259678,389676,05-04-2024,Beauty & Personal Care,Face Serum,3,1297.33,1,3891.98,0,693.55,4546.61,Net Banking,Cancelled,Pickup Point,Mobile App,FREESHIP,East,
52276817,520829,30-07-2025,Books,Cookbook,3,835.22,16,2505.66,47.92,105.24,2257.91,UPI,Delivered,Standard,Mobile App,,West,5
52308209,786341,09-11-2024,Electronics,Mechanical Keyboard,1,4287.35,3,4287.35,27.94,748.57,4935.24,Debit Card,Delivered,Standard,Website,,West,5
52361471,721866,11-06-2024,Electronics,USB-C Hub,1,2105.01,1,2105.01,71.58,375.11,2530.65,UPI,Shipped,Standard,Marketplace,,West,
52395160,121516,31-10-2024,Beauty & Personal Care,Moisturizer,2,813.18,8,1626.37,37.69,269.33,1803.28,Debit Card,Delivered,Pickup Point,Mobile App,,South,5
52410511,870085,27-11-2024,Books,Data Analytics Handbook,5,953.95,14,4769.75,126.89,205.1,4433.98,UPI,Delivered,Express,Marketplace,,West,3
52436959,953964,21-04-2025,Home & Kitchen,Mixer Grinder,2,4939.16,11,9878.32,44.79,1582.51,10419,UPI,Delivered,Standard,Mobile App,APPONLY10,South,5
52437713,484328,21-07-2025,Fashion,Running Shoes,1,4066.56,16,4066.56,109.69,409.91,3935.51,Net Banking,Delivered,Express,Marketplace,,Central,3
52487406,458160,17-07-2024,Books,Data Analytics Handbook,2,910.8,6,1821.6,79.5,85.62,1877.42,Wallet,Shipped,Standard,Website,FESTIVE15,West,
52492466,732254,03-08-2024,Sports & Fitness,Yoga Mat,1,1263.14,20,1263.14,238.78,181.89,1431.18,Cash on Delivery,Shipped,Next Day,Website,,Central,
52514935,930111,21-06-2024,Fashion,Backpack,3,2351.6,10,7054.79,243.97,761.92,7355.2,Wallet,Delivered,Same Day,Marketplace,,West,1
52521663,403318,07-01-2025,Home & Kitchen,Non-Stick Cookware Set,1,5895.13,6,5895.13,0,997.46,6538.88,UPI,Delivered,Standard,Website,FESTIVE15,South,5
52539151,103683,02-07-2025,Fashion,Women’s Kurta,1,1571.05,0,1571.05,66,188.53,1825.58,Wallet,Returned,Standard,Mobile App,,North,
52547371,365302,24-06-2025,Electronics,USB-C Hub,2,2075.66,15,4151.32,43.66,635.15,4207.43,Debit Card,Delivered,Standard,Marketplace,,West,5
52570063,192903,21-06-2024,Fashion,Sunglasses,3,1322.19,1,3966.58,2.37,471.23,4400.51,UPI,Delivered,Pickup Point,Marketplace,,North,5
52580878,326621,17-10-2024,Grocery,Protein Cereal,2,579.47,16,1158.94,191.17,48.68,1213.36,UPI,Delivered,Next Day,Website,FESTIVE15,North,2
52616377,292070,29-06-2024,Sports & Fitness,Gym Bag,2,1600.45,6,3200.89,1.01,541.59,3551.44,Credit Card,Delivered,Pickup Point,Website,,South,7
52644723,726894,13-03-2024,Electronics,USB-C Hub,2,2169.6,1,4339.2,7.69,773.25,5076.75,Credit Card,Delivered,Pickup Point,Website,,North,5
52650344,706997,07-05-2024,Fashion,Cotton T-Shirt,2,992.16,6,1984.31,124.66,223.83,2213.74,Wallet,Delivered,Express,Mobile App,,South,4
52656044,882469,01-06-2024,Home & Kitchen,Electric Kettle,3,2066.85,1,6200.55,86.93,1104.94,7330.41,UPI,Delivered,Express,Mobile App,WELCOME10,West,3
52676903,595261,17-07-2025,Home & Kitchen,Storage Organizer,1,894.43,2,894.43,142.98,157.78,1177.3,Credit Card,Shipped,Express,Website,,East,
52679705,884657,27-11-2024,Home & Kitchen,Non-Stick Cookware Set,1,5927.96,27,5927.96,49.5,778.93,5155.84,Debit Card,Delivered,Standard,Marketplace,SAVE20,West,6
52705686,500347,03-08-2025,Fashion,Cotton T-Shirt,2,843.5,20,1687,55.13,161.95,1566.68,UPI,Cancelled,Standard,Website,,South,
52719416,957716,01-12-2025,Fashion,Sunglasses,3,1260.81,5,3782.43,39.81,431.2,4064.32,Debit Card,Delivered,Express,Website,WELCOME10,East,3
52724493,512209,26-11-2024,Fashion,Casual Shirt,1,1806.27,15,1806.27,85.35,184.24,1804.92,UPI,Processin,Standard,Mobile App,,South,
52728538,306269,04-06-2024,Sports & Fitness,Dumbbell Set,1,3294.2,5,3294.2,71.56,563.31,3764.36,Debit Card,Delivered,Next Day,Mobile App,,West,2
52736498,937798,29-11-2025,Beauty & Personal Care,Shampoo,4,737.75,6,2950.99,163.6,499.31,3436.84,UPI,Shipped,Next Day,Mobile App,,North,
52747120,869164,14-11-2024,Beauty & Personal Care,Moisturizer,3,766.86,12,2300.57,191.33,364.41,2580.24,UPI,Delivered,Next Day,Website,LOYALTY5,South,3
52757088,894122,21-08-2024,Home & Kitchen,Electric Kettle,4,1950.92,15,7803.69,100.95,1193.97,7928.06,UPI,Delivered,Express,Website,SAVE20,Central,4
52796411,453000,24-08-2024,Grocery,Premium Coffee,2,653.71,1,1307.41,58,64.72,1417.06,UPI,Confirmed,Standard,Marketplace,APPONLY10,Central,
52798826,250088,10-03-2024,Electronics,Smartwatch,2,5361.87,20,10723.73,82.48,1544.22,10205.68,Credit Card,Delivered,Express,Website,,North,3
52807642,214343,02-10-2024,Home & Kitchen,Electric Kettle,1,1878.89,12,1878.89,115.38,297.62,2066.42,Wallet,Delivered,Express,Mobile App,,North,3
52818217,726894,03-06-2025,Beauty & Personal Care,Perfume,1,2370.51,16,2370.51,37.82,358.42,2387.47,Wallet,Delivered,Pickup Point,Mobile App,LOYALTY5,North,5
52818253,315098,16-06-2025,Fashion,Running Shoes,1,3945.47,25,3945.47,67.43,355.09,3381.62,Wallet,Returned,Standard,Mobile App,,Central,
52833991,917060,08-06-2024,Electronics,Power Bank,1,1656.2,10,1656.2,76.21,268.3,1835.09,Credit Card,Delivered,Standard,Website,,Central,5
52886231,506330,01-06-2025,Fashion,Backpack,2,2569.3,11,5138.6,47.58,548.8,5169.73,Credit Card,Delivered,Standard,Website,,South,5
52906549,170738,16-07-2024,Books,Fiction Bestseller,1,572.89,15,572.89,42.43,24.35,553.74,Cash on Delivery,Delivered,Standard,Mobile App,,West,5
52934412,874750,03-11-2024,Electronics,USB-C Hub,2,2107.26,6,4214.53,2.02,713.1,4676.78,Credit Card,Delivered,Standard,Website,,Central,5
52948919,196350,13-04-2025,Fashion,Women’s Kurta,1,1710.03,2,1710.03,81.68,201.1,1958.61,Cash on Delivery,Delivered,Standard,Mobile App,LOYALTY5,North,5
53015211,537897,10-08-2024,Electronics,Noise Cancelling Headphones,3,8652.09,10,25956.27,51.81,4204.92,27617.37,Cash on Delivery,Delivered,Express,Mobile App,SAVE20,South,3
53019627,196350,06-08-2025,Fashion,Hoodie,3,2043.2,7,6129.6,23.63,684.06,6408.22,Debit Card,Delivered,Standard,Website,,Central,5
53039299,615369,09-02-2025,Home & Kitchen,Air Fryer,2,7344.9,10,14689.79,40.02,2379.75,15640.58,Cash on Delivery,Delivered,Standard,Mobile App,,Central,5
53051115,210934,01-03-2025,Sports & Fitness,Sports Shoes,2,3060.9,10,6121.81,31.52,991.73,6532.88,Debit Card,Delivered,Standard,Mobile App,,East,5
53053758,530281,18-09-2024,Fashion,Casual Shirt,2,1927.53,21,3855.07,27.4,365.46,3438.37,UPI,Delivered,Standard,Mobile App,SAVE20,West,5
53067337,861740,30-11-2025,Fashion,Sunglasses,1,1345.45,7,1345.45,95.69,150.15,1497.11,Net Banking,Delivered,Express,Marketplace,,West,3
53151730,966121,21-05-2025,Home & Kitchen,Bedsheet Set,2,1930.87,10,3861.73,14.96,625.6,4116.12,Net Banking,Shipped,Standard,Website,SAVE20,South,
53181485,210506,06-04-2024,Electronics,Bluetooth Speaker,1,3466.99,5,3466.99,13.84,592.86,3900.34,Debit Card,Delivered,Standard,Website,APPONLY10,West,5
53198963,940044,06-11-2024,Electronics,USB-C Hub,4,2256.97,12,9027.86,12.76,1430.01,9387.29,UPI,Returned,Standard,Website,,Central,
53204011,446115,20-10-2024,Home & Kitchen,Non-Stick Cookware Set,1,5695.79,12,5695.79,78.25,902.21,5992.76,Credit Card,Delivered,Express,Mobile App,,South,3
53230110,377152,08-11-2024,Home & Kitchen,Non-Stick Cookware Set,3,5410.06,10,16230.17,9.22,2629.29,17245.66,UPI,Delivered,Express,Website,,Central,3
53233683,710236,20-11-2025,Fashion,Women’s Kurta,2,1583.22,17,3166.45,79.43,315.38,3022.96,Wallet,Delivered,Standard,Website,,Central,6
53291672,360097,03-12-2024,Fashion,Sunglasses,2,1185.67,6,2371.35,44.64,267.49,2541.2,Wallet,Delivered,Standard,Mobile App,SAVE20,West,5
53338650,311051,02-07-2024,Grocery,Organic Rice 5kg,1,682,2,682,105.46,33.42,807.24,UPI,Delivered,Express,Website,,West,3
53343009,224377,03-08-2025,Sports & Fitness,Gym Bag,2,1793.08,26,3586.16,86.95,477.68,3218.39,UPI,Processin,Standard,Website,LOYALTY5,South,
53343246,307597,28-09-2025,Beauty & Personal Care,Face Serum,2,1222.51,25,2445.02,60.62,330.08,2224.46,Debit Card,Shipped,Standard,Website,FREESHIP,North,
53348691,196770,04-03-2024,Home & Kitchen,Table Lamp,3,1421.17,10,4263.52,0,690.69,4527.86,Debit Card,Delivered,Pickup Point,Website,,North,5
53419693,315098,02-08-2025,Electronics,Bluetooth Speaker,1,3452.04,20,3452.04,102.95,497.09,3361.67,Credit Card,Delivered,Express,Website,,West,3
53427042,846202,27-10-2025,Fashion,Casual Shirt,5,1858.02,13,9290.08,223.8,969.88,9276.05,UPI,Delivered,Same Day,Website,FESTIVE15,West,1
53445785,732254,21-10-2024,Beauty & Personal Care,Shampoo,5,746.73,10,3733.67,29.65,604.85,3994.8,Credit Card,Shipped,Standard,Marketplace,,West,
53489540,663897,03-01-2025,Beauty & Personal Care,Shampoo,4,701.86,0,2807.43,23.62,505.34,3336.39,UPI,Delivered,Standard,Mobile App,,North,5
53501014,671644,22-10-2024,Home & Kitchen,Water Bottle,2,956.83,19,1913.66,77.49,279.01,1906.56,Credit Card,Delivered,Standard,Mobile App,FREESHIP,Central,5
53502470,753025,05-02-2025,Grocery,Protein Cereal,4,678.35,1,2713.41,108.66,134.31,2929.25,Credit Card,Shipped,Express,Website,APPONLY10,South,
53521161,224962,17-10-2025,Electronics,Mechanical Keyboard,3,4826.03,1,14478.1,11.61,2580,16924.93,UPI,Delivered,Standard,Website,FESTIVE15,West,5
53525979,468547,10-10-2025,Fashion,Casual Shirt,2,1708.94,2,3417.89,93.18,401.94,3844.65,Net Banking,Processin,Next Day,Website,,West,
53544465,654045,02-09-2025,Grocery,Premium Coffee,5,592.26,10,2961.31,274.14,133.26,3072.58,Wallet,Delivered,Same Day,Website,,West,1
53568108,754071,16-06-2024,Home & Kitchen,Non-Stick Cookware Set,4,5847.33,6,23389.32,129.42,3957.47,26072.85,UPI,Delivered,Same Day,Mobile App,,West,1
53608212,844808,17-02-2024,Fashion,Women’s Kurta,4,1711.78,16,6847.1,0,690.19,6441.75,Net Banking,Delivered,Standard,Mobile App,LOYALTY5,West,5
53612254,453000,06-09-2025,Fashion,Running Shoes,1,3594.03,1,3594.03,8.9,426.97,3993.96,Credit Card,Confirmed,Standard,Marketplace,,West,
53626222,231491,17-03-2025,Books,Business Strategy Book,2,749.22,0,1498.44,50.26,74.92,1623.62,UPI,Delivered,Standard,Mobile App,,East,5
53649031,784248,10-01-2025,Beauty & Personal Care,Moisturizer,1,719.37,2,719.37,29.41,126.9,861.29,Debit Card,Delivered,Standard,Mobile App,FREESHIP,Central,5
53649337,918817,30-12-2024,Sports & Fitness,Fitness Resistance Bands,1,1083.17,8,1083.17,138.68,179.37,1314.57,UPI,Delivered,Express,Mobile App,,East,3
53675039,434676,20-04-2025,Electronics,Mechanical Keyboard,2,4914.09,15,9828.18,120.57,1503.71,9978.23,Wallet,Returned,Next Day,Mobile App,,West,
53685401,227208,07-09-2025,Fashion,Cotton T-Shirt,2,918.46,5,1836.92,82.11,209.41,2036.59,Credit Card,Delivered,Standard,Mobile App,,East,5
53690604,795823,06-12-2025,Electronics,USB-C Hub,3,2430.38,22,7291.15,116.36,1023.68,6827.14,UPI,Delivered,Express,Mobile App,,East,3
53693064,538513,08-09-2025,Grocery,Green Tea,2,444.5,26,889,43.35,32.89,734.1,UPI,Delivered,Pickup Point,Marketplace,,West,7
53695638,156320,19-01-2025,Beauty & Personal Care,Shampoo,3,705.28,20,2115.85,80.14,304.68,2077.5,Credit Card,Delivered,Standard,Website,LOYALTY5,North,5
53724261,582774,15-06-2025,Beauty & Personal Care,Perfume,1,2347.7,20,2347.7,57.88,338.07,2274.11,UPI,Delivered,Standard,Website,LOYALTY5,South,5
53744265,459466,25-11-2025,Books,Fiction Bestseller,1,555.15,13,555.15,106.19,24.15,613.32,UPI,Delivered,Express,Mobile App,LOYALTY5,South,3
53755627,533590,03-09-2024,Beauty & Personal Care,Hair Dryer,3,2736.58,0,8209.73,15.5,1477.75,9702.98,Cash on Delivery,Shipped,Standard,Website,,South,
53760301,132368,09-11-2025,Electronics,Mechanical Keyboard,1,4492.99,2,4492.99,0,792.56,5195.69,UPI,Delivered,Pickup Point,Mobile App,,West,5
53793827,446115,13-07-2024,Home & Kitchen,Bedsheet Set,1,1987.77,0,1987.77,102.92,357.8,2448.49,Credit Card,Delivered,Standard,Website,,Central,5
53811056,365654,12-11-2025,Home & Kitchen,Mixer Grinder,1,5330.55,1,5330.55,0,949.9,6227.14,Credit Card,Returned,Standard,Website,LOYALTY5,South,
53854572,766905,03-05-2025,Beauty & Personal Care,Shampoo,3,687.55,10,2062.64,20.07,334.15,2210.6,UPI,Delivered,Standard,Website,SAVE20,South,5
53866597,848013,24-02-2024,Beauty & Personal Care,Face Serum,1,1479.15,11,1479.15,244.74,236.96,1798.14,Credit Card,Delivered,Next Day,Website,,South,2
53872749,152077,03-10-2025,Electronics,Noise Cancelling Headphones,2,8473.17,7,16946.33,64.93,2836.82,18661.84,Credit Card,Delivered,Standard,Website,,East,5
53875355,276393,30-03-2025,Electronics,Noise Cancelling Headphones,1,9250.35,1,9250.35,77.83,1648.41,10884.09,Cash on Delivery,Delivered,Express,Mobile App,,Central,3
53880025,574198,08-06-2024,Fashion,Cotton T-Shirt,3,847.16,16,2541.47,39.12,256.18,2430.13,UPI,Delivered,Pickup Point,Mobile App,WELCOME10,Central,5
53889165,553819,03-06-2024,Home & Kitchen,Water Bottle,1,1013,11,1013,111.1,162.28,1174.95,Net Banking,Shipped,Next Day,Website,SAVE20,South,
53890030,615369,14-11-2024,Fashion,Women’s Kurta,4,1642.29,20,6569.16,265.77,630.64,6151.74,UPI,Delivered,Same Day,Marketplace,WELCOME10,West,1
53892824,631873,11-01-2024,Sports & Fitness,Cricket Bat,2,4081.56,5,8163.11,51.59,1395.89,9202.43,Credit Card,Returned,Standard,Mobile App,,North,
53900626,216247,18-04-2025,Sports & Fitness,Yoga Mat,3,1283.68,1,3851.04,56.82,686.26,4555.61,Wallet,Delivered,Express,Website,LOYALTY5,West,3
53907012,726019,18-08-2025,Home & Kitchen,Non-Stick Cookware Set,1,6265.61,26,6265.61,54.39,834.58,5525.52,Debit Card,Returned,Express,Website,,West,
53923009,761740,13-01-2025,Sports & Fitness,Fitness Resistance Bands,1,1066.96,1,1066.96,260.06,190.13,1506.48,Net Banking,Delivered,Same Day,Mobile App,,East,1
53944334,562761,06-12-2024,Fashion,Women’s Kurta,3,1658.58,23,4975.73,76.98,459.76,4368.05,Wallet,Shipped,Express,Website,,North,
53956115,701235,06-11-2025,Sports & Fitness,Dumbbell Set,2,3929.67,17,7859.35,0.42,1174.19,7697.87,Wallet,Processin,Standard,Marketplace,WELCOME10,South,
53968189,108459,02-02-2024,Electronics,Noise Cancelling Headphones,2,9188.55,16,18377.1,131.38,2778.62,18346.76,Credit Card,Delivered,Next Day,Website,FESTIVE15,West,2
53972683,982501,11-08-2025,Grocery,Premium Coffee,3,661.87,10,1985.61,65.57,89.35,1941.97,Cash on Delivery,Shipped,Standard,Website,,South,
54000101,986247,08-11-2024,Home & Kitchen,Storage Organizer,1,840.26,13,840.26,65.12,131.59,927.74,Debit Card,Shipped,Standard,Mobile App,,South,
54000888,473494,27-08-2025,Books,Fiction Bestseller,3,628.19,5,1884.58,66.16,89.52,1946.03,Debit Card,Delivered,Standard,Mobile App,APPONLY10,South,5
54003704,290732,01-10-2024,Books,Exam Preparation Book,4,971.42,10,3885.69,0,174.86,3671.98,UPI,Delivered,Standard,Mobile App,,West,5
54037499,457808,04-11-2024,Fashion,Women’s Kurta,3,1589.64,20,4768.93,68.08,457.82,4341.04,Cash on Delivery,Delivered,Express,Website,,South,4
54047345,196350,01-11-2025,Fashion,Running Shoes,2,4337.96,4,8675.91,170.88,999.46,9499.21,UPI,Delivered,Next Day,Marketplace,FREESHIP,West,2
54059049,192903,11-11-2025,Fashion,Women’s Kurta,2,1475.56,1,2951.12,74.31,350.59,3346.51,Debit Card,Delivered,Standard,Mobile App,,West,5
54060504,990734,09-07-2025,Home & Kitchen,Non-Stick Cookware Set,2,5278.72,10,10557.44,7.15,1710.31,11219.16,UPI,Delivered,Standard,Mobile App,FREESHIP,North,5
54072084,192967,09-11-2025,Sports & Fitness,Fitness Resistance Bands,1,1099.74,10,1099.74,96.55,178.16,1264.48,Credit Card,Processin,Express,Mobile App,,North,
54076295,950712,21-12-2024,Beauty & Personal Care,Moisturizer,1,753.77,3,753.77,62.34,131.61,925.11,Debit Card,Delivered,Express,Website,,South,3
54096460,365654,18-02-2024,Fashion,Casual Shirt,1,1763.63,1,1763.63,76.09,209.52,2031.6,Debit Card,Shipped,Express,Mobile App,WELCOME10,East,
54096990,203119,13-11-2024,Books,Personal Finance Guide,1,763.68,28,763.68,77.22,27.49,654.56,Cash on Delivery,Shipped,Standard,Mobile App,,North,
54121256,786341,27-04-2025,Fashion,Cotton T-Shirt,1,889.5,11,889.5,24.83,95,911.49,Credit Card,Shipped,Pickup Point,Marketplace,SAVE20,South,
54158435,111331,10-01-2025,Home & Kitchen,Air Fryer,3,6335.78,21,19007.34,0,2702.84,17718.64,Debit Card,Processin,Standard,Website,FESTIVE15,West,
54159749,250415,15-03-2024,Home & Kitchen,Storage Organizer,2,896.58,15,1793.15,39.53,274.35,1838.06,Credit Card,Delivered,Standard,Website,,East,7
54174708,680558,14-11-2024,Fashion,Hoodie,1,2180.48,20,2180.48,116.41,209.33,2070.12,UPI,Shipped,Express,Mobile App,FESTIVE15,South,
54200809,726894,03-07-2025,Home & Kitchen,Air Fryer,1,7893.25,6,7893.25,37.35,1335.54,8792.54,Net Banking,Shipped,Express,Website,LOYALTY5,East,
54201848,261020,08-07-2025,Electronics,1080p Webcam,2,3847.03,11,7694.06,79.37,1232.59,8159.67,Wallet,Delivered,Standard,Mobile App,,North,5
54208857,693788,23-08-2025,Fashion,Sunglasses,1,1365.42,5,1365.42,66.37,155.66,1519.18,Net Banking,Delivered,Standard,Website,,Central,5
54246348,510338,12-07-2025,Electronics,Smartwatch,1,5723.54,10,5723.54,95.22,927.21,6173.62,Debit Card,Delivered,Express,Website,,South,4
54275886,894122,01-06-2024,Grocery,Premium Coffee,1,674.71,5,674.71,20.79,32.05,693.81,Debit Card,Delivered,Pickup Point,Mobile App,FREESHIP,South,5
54275908,836021,22-07-2025,Home & Kitchen,Storage Organizer,2,788.53,11,1577.06,43.79,252.64,1700.01,Debit Card,Delivered,Pickup Point,Website,,South,5
54288282,599639,02-11-2024,Beauty & Personal Care,Face Serum,3,1224.42,13,3673.26,33.04,575.23,3804.01,Net Banking,Processin,Standard,Website,,North,
54291039,897009,03-01-2024,Beauty & Personal Care,Hair Dryer,2,2760.44,21,5520.89,49.51,785.07,5196.08,Cash on Delivery,Delivered,Standard,Website,FESTIVE15,West,5
54297191,577095,05-09-2025,Home & Kitchen,Air Fryer,5,7498.45,6,37492.24,12.55,6343.69,41598.95,UPI,Delivered,Standard,Website,FESTIVE15,West,6
54297575,370235,05-02-2025,Sports & Fitness,Fitness Resistance Bands,2,977.5,15,1955.01,129.45,299.12,2090.33,UPI,Delivered,Express,Marketplace,,West,3
54303429,569778,17-06-2025,Fashion,Women’s Kurta,4,1638.43,16,6553.71,0,660.61,6165.73,Net Banking,Cancelled,Pickup Point,Mobile App,LOYALTY5,West,
54348605,428150,12-09-2024,Home & Kitchen,Bedsheet Set,4,1946.65,0,7786.61,46.3,1401.59,9234.5,Wallet,Delivered,Standard,Website,FESTIVE15,North,6
54349001,577700,29-05-2025,Grocery,Dry Fruits 500g,4,857.22,5,3428.89,0,162.87,3420.32,Debit Card,Delivered,Standard,Mobile App,,Central,6
54349919,399824,08-12-2024,Fashion,Women’s Kurta,1,1582.67,0,1582.67,51.8,189.92,1824.39,Net Banking,Delivered,Pickup Point,Website,,West,5
54355591,107212,13-01-2024,Books,Personal Finance Guide,3,806.06,5,2418.18,59.79,114.86,2471.92,UPI,Delivered,Standard,Website,,North,5
54374398,806671,17-09-2024,Fashion,Denim Jeans,4,2702.7,5,10810.78,0,1232.43,11502.67,UPI,Delivered,Standard,Mobile App,FESTIVE15,West,5
54394191,810253,21-03-2025,Books,Business Strategy Book,1,657.31,10,657.31,59.52,29.58,680.68,Net Banking,Delivered,Standard,Marketplace,SAVE20,West,5
54408287,784248,08-01-2024,Fashion,Backpack,2,2329.78,7,4659.55,47.35,520.01,4900.74,UPI,Returned,Standard,Mobile App,,North,
54422363,846202,05-08-2024,Grocery,Organic Rice 5kg,1,696.07,1,696.07,64.84,34.46,788.41,Credit Card,Delivered,Express,Website,WELCOME10,West,3
54438627,216247,14-09-2025,Grocery,Olive Oil 1L,6,855.72,1,5134.34,9.26,254.15,5346.41,Debit Card,Delivered,Pickup Point,Mobile App,,South,5
54472517,704565,09-01-2024,Beauty & Personal Care,Shampoo,2,637.1,10,1274.2,84.5,206.42,1437.7,Debit Card,Delivered,Standard,Mobile App,,South,5
54484236,430032,11-11-2024,Sports & Fitness,Dumbbell Set,3,3400.08,5,10200.25,7.8,1744.24,11442.28,Net Banking,Delivered,Standard,Website,FREESHIP,North,5
54496118,212904,01-05-2025,Electronics,1080p Webcam,4,3887.53,26,15550.11,0,2071.27,13578.35,Credit Card,Delivered,Standard,Mobile App,,West,5
54507293,192903,19-08-2024,Grocery,Dry Fruits 500g,4,774.08,11,3096.33,72.21,137.79,2965.73,Debit Card,Delivered,Standard,Website,,Central,5
54570875,727149,27-11-2025,Fashion,Women’s Kurta,1,1434.08,12,1434.08,69.3,151.44,1482.73,Debit Card,Delivered,Standard,Website,FREESHIP,East,5
54576959,634593,17-10-2024,Sports & Fitness,Sports Shoes,4,3463.56,10,13854.25,0,2244.39,14713.22,Net Banking,Delivered,Standard,Website,SAVE20,North,6
54588728,726894,21-03-2024,Grocery,Premium Coffee,4,660.23,11,2640.92,108.62,117.52,2576.56,UPI,Delivered,Express,Marketplace,,North,3
54597388,521449,21-11-2024,Fashion,Denim Jeans,3,2606.54,15,7819.62,0,797.6,7444.28,Debit Card,Confirmed,Standard,Website,FESTIVE15,North,
54614098,496352,28-05-2024,Beauty & Personal Care,Hair Dryer,2,2629.67,21,5259.34,0,747.88,4902.76,Credit Card,Shipped,Standard,Mobile App,,South,
54633055,654376,29-10-2025,Home & Kitchen,Water Bottle,3,1023.39,17,3070.17,73.34,458.68,3080.26,Wallet,Delivered,Express,Website,SAVE20,East,3
54644576,804133,21-09-2025,Books,Data Analytics Handbook,2,842.73,0,1685.46,109.55,84.27,1879.28,UPI,Delivered,Express,Mobile App,,South,3
54670792,426578,13-12-2024,Books,Data Analytics Handbook,2,846.02,15,1692.05,53.47,71.91,1563.62,Cash on Delivery,Delivered,Express,Mobile App,,South,3
54680275,168648,06-09-2025,Fashion,Running Shoes,2,4147.5,1,8294.99,31.55,985.44,9229.03,UPI,Delivered,Standard,Website,SAVE20,West,5
54684174,529594,03-12-2024,Sports & Fitness,Fitness Resistance Bands,1,1013.1,20,1013.1,109.28,145.89,1065.65,Debit Card,Delivered,Express,Mobile App,FREESHIP,South,3
54693481,545331,29-04-2025,Grocery,Dry Fruits 500g,3,797.47,11,2392.4,33.17,106.46,2268.87,Credit Card,Delivered,Standard,Mobile App,FESTIVE15,North,5
54695146,537897,18-12-2025,Fashion,Hoodie,1,2092.52,0,2092.52,220.39,251.1,2564.01,Credit Card,Delivered,Next Day,Website,,North,2
54698631,572377,06-09-2025,Fashion,Cotton T-Shirt,2,863.6,10,1727.2,230.58,186.54,1971.6,UPI,Delivered,Same Day,Website,FESTIVE15,West,1
54738936,783827,11-11-2025,Beauty & Personal Care,Face Serum,2,1415.61,26,2831.22,76.62,377.12,2548.84,Debit Card,Delivered,Standard,Website,,East,5
54743306,798628,05-11-2025,Sports & Fitness,Dumbbell Set,2,3807.28,6,7614.56,31.61,1288.38,8477.68,Net Banking,Delivered,Standard,Mobile App,WELCOME10,West,5
54757788,784248,28-11-2025,Grocery,Premium Coffee,3,664.4,19,1993.19,79.78,80.72,1774.98,Credit Card,Delivered,Standard,Mobile App,FESTIVE15,South,5
54769542,248381,20-01-2025,Fashion,Casual Shirt,1,1899.52,16,1899.52,73.12,191.47,1860.19,UPI,Confirmed,Standard,Marketplace,SAVE20,Central,
54813498,636319,08-10-2024,Home & Kitchen,Non-Stick Cookware Set,3,5274,11,15822,22.52,2534.68,16638.78,Debit Card,Delivered,Standard,Mobile App,,North,5
54851396,168648,29-07-2025,Beauty & Personal Care,Sunscreen SPF 50,2,901.03,6,1802.06,57.75,304.91,2056.6,UPI,Returned,Standard,Marketplace,SAVE20,East,
54889186,631627,04-05-2024,Beauty & Personal Care,Lipstick,2,869.5,11,1739.01,64.61,278.59,1890.92,Credit Card,Delivered,Standard,Website,,Central,5
54906462,723192,14-01-2024,Books,Fiction Bestseller,4,594.61,0,2378.44,57.06,118.92,2554.42,Wallet,Shipped,Standard,Website,,West,
54911394,210014,09-11-2025,Sports & Fitness,Yoga Mat,2,1176.82,5,2353.64,52.8,402.47,2691.23,Net Banking,Delivered,Standard,Mobile App,LOYALTY5,West,5
54918034,261413,10-03-2024,Sports & Fitness,Sports Shoes,4,3543.47,0,14173.86,0.64,2551.29,16725.79,Credit Card,Processin,Standard,Marketplace,FESTIVE15,South,
54922160,324083,21-12-2025,Home & Kitchen,Storage Organizer,1,891.53,16,891.53,25.11,134.8,908.8,Debit Card,Shipped,Pickup Point,Mobile App,,Central,
54923555,966122,24-11-2024,Home & Kitchen,Storage Organizer,2,841.02,6,1682.04,78.83,284.6,1944.55,Credit Card,Delivered,Express,Website,,South,3
54926038,949856,22-08-2025,Sports & Fitness,Sports Shoes,2,3279.84,11,6559.67,49.77,1050.86,6938.74,UPI,Shipped,Standard,Website,LOYALTY5,West,
54935646,424902,23-10-2024,Fashion,Cotton T-Shirt,4,968.31,1,3873.25,0,460.14,4294.66,Credit Card,Confirmed,Pickup Point,Website,WELCOME10,South,
54980773,511294,14-10-2024,Home & Kitchen,Electric Kettle,3,2106.83,22,6320.49,10.07,887.4,5827.45,UPI,Delivered,Standard,Website,APPONLY10,South,5
55011068,424902,07-05-2024,Electronics,1080p Webcam,3,4012.1,1,12036.3,36.05,2144.87,14096.86,UPI,Delivered,Standard,Website,FESTIVE15,Central,5
55044336,690505,12-06-2025,Home & Kitchen,Mixer Grinder,2,4788.18,11,9576.36,0,1534.13,10057.09,Credit Card,Delivered,Pickup Point,Website,,West,5
55055941,590308,16-03-2025,Sports & Fitness,Gym Bag,1,1827.02,10,1827.02,123.28,295.98,2063.58,Debit Card,Delivered,Next Day,Website,,Central,2
55087073,121516,28-12-2024,Home & Kitchen,Bedsheet Set,7,1932.72,3,13529.07,0,2362.18,15485.38,Credit Card,Shipped,Pickup Point,Website,,South,
55094935,192903,07-09-2025,Electronics,Bluetooth Speaker,2,3227.14,1,6454.28,0,1150.15,7539.89,Cash on Delivery,Delivered,Standard,Website,FESTIVE15,North,5
55153366,136962,14-05-2025,Electronics,1080p Webcam,2,4048.59,15,8097.18,0,1238.87,8121.47,Wallet,Delivered,Standard,Mobile App,,West,5
55189682,981552,07-10-2025,Home & Kitchen,Storage Organizer,2,804.04,18,1608.08,70.84,237.35,1626.82,Net Banking,Delivered,Standard,Website,,South,5
55191460,924729,12-12-2025,Sports & Fitness,Gym Bag,1,2016.88,15,2016.88,67.55,308.58,2090.48,UPI,Processin,Standard,Mobile App,,Central,
55212019,833858,02-01-2025,Fashion,Running Shoes,2,4012.74,15,8025.49,0,818.6,7640.27,UPI,Cancelled,Standard,Mobile App,,West,
55224414,502392,23-11-2024,Home & Kitchen,Mixer Grinder,3,5156.11,18,15468.33,97.6,2283.13,15064.76,Credit Card,Delivered,Next Day,Mobile App,FESTIVE15,North,2
55228284,939766,03-11-2024,Books,Business Strategy Book,4,764.92,11,3059.69,28.2,136.16,2887.48,UPI,Delivered,Pickup Point,Website,LOYALTY5,South,5
55235170,721822,11-03-2025,Electronics,USB-C Hub,1,2057.02,11,2057.02,123.16,329.54,2283.45,UPI,Confirmed,Express,Website,FREESHIP,South,
55277755,231918,09-07-2025,Home & Kitchen,Storage Organizer,6,861.26,6,5167.53,74.16,874.35,5805.99,Debit Card,Delivered,Express,Website,FREESHIP,East,3
55286123,198102,19-06-2025,Home & Kitchen,Electric Kettle,3,1909.37,0,5728.11,0,1031.06,6759.17,Debit Card,Shipped,Standard,Mobile App,APPONLY10,West,
55319102,471386,15-12-2024,Electronics,Power Bank,4,1576,6,6304.01,15.43,1066.64,7007.84,UPI,Returned,Standard,Website,LOYALTY5,West,
55333908,746996,22-03-2025,Grocery,Green Tea,4,437.27,20,1749.08,54.05,69.96,1523.27,UPI,Delivered,Standard,Mobile App,APPONLY10,North,7
55334979,174402,16-04-2024,Home & Kitchen,Electric Kettle,3,1878.68,5,5636.04,12.47,963.76,6330.47,UPI,Shipped,Standard,Marketplace,APPONLY10,South,
55344431,890771,12-10-2025,Fashion,Cotton T-Shirt,3,1008.96,10,3026.87,211.71,326.9,3262.79,UPI,Shipped,Same Day,Mobile App,,East,
55357660,870085,27-06-2025,Electronics,1080p Webcam,1,3646.84,2,3646.84,0,643.3,4217.2,Credit Card,Delivered,Standard,Mobile App,,South,7
55424052,939874,12-12-2025,Fashion,Denim Jeans,1,2345.26,20,2345.26,29.83,225.15,2131.19,UPI,Delivered,Pickup Point,Mobile App,,Central,5
55436703,686303,29-10-2025,Fashion,Casual Shirt,2,1939.85,3,3879.69,46.79,451.6,4261.69,Credit Card,Delivered,Express,Website,,West,3
55477400,953964,15-02-2024,Fashion,Backpack,3,2526.87,1,7580.61,59.23,900.58,8464.61,Credit Card,Delivered,Express,Mobile App,WELCOME10,East,4
55485085,531162,10-03-2025,Home & Kitchen,Electric Kettle,3,2015.74,11,6047.23,294.07,968.77,6644.87,Debit Card,Delivered,Same Day,Mobile App,,East,1
55515719,408709,20-04-2024,Books,Personal Finance Guide,2,777.62,0,1555.23,100.19,77.76,1733.18,Credit Card,Processin,Standard,Marketplace,WELCOME10,Central,
55569337,647542,07-01-2024,Grocery,Green Tea,2,507.5,5,1015,35.42,48.21,1047.88,Credit Card,Delivered,Pickup Point,Website,,East,5
55577743,502392,07-10-2025,Sports & Fitness,Sports Shoes,2,3212.45,16,6424.9,87.68,971.45,6456.05,UPI,Delivered,Express,Mobile App,FREESHIP,Central,4
55607262,260355,09-03-2025,Fashion,Denim Jeans,1,2511.31,0,2511.31,77.37,301.36,2890.04,Debit Card,Delivered,Standard,Mobile App,LOYALTY5,South,5
55641189,469900,18-12-2025,Sports & Fitness,Cricket Bat,1,4387.01,13,4387.01,0,687.01,4503.71,Credit Card,Processin,Standard,Website,FREESHIP,West,
55657624,192903,03-04-2025,Home & Kitchen,Bedsheet Set,3,1956.58,6,5869.75,79.27,993.16,6590,Debit Card,Delivered,Express,Website,FESTIVE15,West,3
55710047,360097,29-03-2025,Electronics,Power Bank,2,1738.53,1,3477.06,75.53,619.61,4137.43,UPI,Delivered,Express,Website,,West,3
55746981,416598,26-06-2025,Home & Kitchen,Electric Kettle,1,1967.64,16,1967.64,30.21,297.51,1980.54,Debit Card,Delivered,Standard,Mobile App,SAVE20,West,5
55771523,744677,17-04-2024,Beauty & Personal Care,Face Serum,2,1327.22,16,2654.45,47.07,401.35,2678.16,Net Banking,Delivered,Pickup Point,Website,APPONLY10,South,5
55784810,457808,11-06-2025,Books,Data Analytics Handbook,3,858.77,5,2576.3,72.3,122.37,2642.15,Cash on Delivery,Delivered,Standard,Website,FESTIVE15,South,5
55825521,874750,19-08-2025,Electronics,Noise Cancelling Headphones,2,8758.98,11,17517.96,13.91,2806.38,18411.27,UPI,Delivered,Standard,Mobile App,SAVE20,South,5
55843679,369352,28-09-2024,Beauty & Personal Care,Shampoo,2,688.44,10,1376.88,36.09,223.05,1498.33,Net Banking,Delivered,Standard,Marketplace,,South,5
55845333,945783,17-06-2024,Grocery,Dry Fruits 500g,2,861.66,25,1723.31,51.88,64.62,1408.98,UPI,Returned,Standard,Website,FESTIVE15,South,
55859421,634784,25-02-2025,Books,Cookbook,2,861.02,10,1722.04,224.2,77.49,1851.53,Net Banking,Delivered,Same Day,Mobile App,,South,1
55900262,706543,03-02-2024,Fashion,Running Shoes,2,4106.92,16,8213.84,0,827.96,7727.59,Credit Card,Cancelled,Pickup Point,Mobile App,,North,
55911858,169957,23-09-2024,Home & Kitchen,Air Fryer,1,7308.83,5,7308.83,86.18,1249.81,8279.38,Cash on Delivery,Delivered,Next Day,Marketplace,FESTIVE15,East,2
55999177,623103,27-12-2025,Fashion,Cotton T-Shirt,3,850.66,25,2551.98,77.73,229.68,2221.39,Debit Card,Delivered,Standard,Website,,East,5
56032022,569778,09-01-2024,Grocery,Protein Cereal,4,614.63,1,2458.51,59.21,121.7,2614.83,UPI,Delivered,Standard,Mobile App,LOYALTY5,Central,5
56072765,447552,06-09-2025,Electronics,1080p Webcam,3,4019.9,1,12059.71,5.15,2149.04,14093.3,Wallet,Delivered,Standard,Mobile App,WELCOME10,East,5
56123315,133161,28-11-2025,Beauty & Personal Care,Lipstick,3,798.09,5,2394.27,178.79,409.42,2862.77,UPI,Confirmed,Next Day,Marketplace,,South,
56166415,388095,07-11-2024,Beauty & Personal Care,Moisturizer,4,723.33,1,2893.31,74.1,515.59,3454.07,UPI,Shipped,Standard,Mobile App,FESTIVE15,West,
56174747,761740,14-08-2024,Beauty & Personal Care,Hair Dryer,5,2972.29,26,14861.45,208.22,1979.54,13185.23,Credit Card,Delivered,Same Day,Mobile App,,East,1
56192057,610306,18-11-2025,Grocery,Dry Fruits 500g,6,769.78,3,4618.67,25.28,224.01,4729.4,UPI,Returned,Standard,Mobile App,,East,
56201259,533590,06-12-2025,Fashion,Sunglasses,2,1369.05,12,2738.1,102.22,289.14,2800.89,Net Banking,Delivered,Express,Marketplace,,North,3
56202423,268660,14-10-2025,Home & Kitchen,Electric Kettle,1,1949.81,12,1949.81,53.93,308.85,2078.61,Credit Card,Returned,Standard,Mobile App,,North,
56211784,689987,17-03-2025,Sports & Fitness,Yoga Mat,1,1178.56,21,1178.56,77.82,167.59,1176.47,Debit Card,Delivered,Standard,Website,LOYALTY5,East,6
56224454,680558,16-03-2024,Home & Kitchen,Non-Stick Cookware Set,1,5222.58,20,5222.58,56.48,752.05,4986.59,Wallet,Delivered,Standard,Mobile App,FREESHIP,South,5
56234860,707613,15-12-2025,Fashion,Hoodie,1,2045.75,16,2045.75,95.37,206.21,2020.01,UPI,Confirmed,Express,Website,,South,
56269547,982501,29-05-2024,Fashion,Denim Jeans,2,2557.76,0,5115.51,33.46,613.86,5762.83,Debit Card,Delivered,Standard,Mobile App,,West,5
56270820,121516,08-11-2025,Sports & Fitness,Dumbbell Set,3,3805.72,26,11417.16,39.62,1520.77,10009.09,Credit Card,Delivered,Standard,Website,FREESHIP,South,5
56275836,624815,30-11-2024,Grocery,Snack Assortment,5,489.63,13,2448.13,169.4,106.49,2405.76,Debit Card,Delivered,Next Day,Website,,East,2
56318534,290732,04-12-2024,Beauty & Personal Care,Lipstick,2,883.05,12,1766.1,71.12,279.75,1905.04,UPI,Delivered,Standard,Website,FESTIVE15,West,5
56324706,360097,27-01-2024,Books,Data Analytics Handbook,1,835.23,1,835.23,198.41,41.34,1066.63,UPI,Delivered,Same Day,Website,,West,2
56378200,206289,24-11-2025,Books,Cookbook,1,814.8,6,814.8,106.74,38.3,910.95,UPI,Delivered,Express,Website,,East,3
56390621,644492,15-12-2024,Beauty & Personal Care,Hair Dryer,3,2964.32,11,8892.96,137.1,1424.65,9476.48,Cash on Delivery,Delivered,Same Day,Mobile App,,West,1
56420851,966122,17-11-2024,Electronics,USB-C Hub,2,2013.82,11,4027.64,0,645.23,4229.83,Credit Card,Delivered,Standard,Mobile App,,South,7
56429229,732254,07-11-2025,Fashion,Casual Shirt,1,1680.32,5,1680.32,71.69,191.56,1859.55,Debit Card,Delivered,Standard,Website,,South,5
56439765,131624,30-07-2024,Fashion,Denim Jeans,2,2448.22,10,4896.44,0,528.82,4935.62,Credit Card,Delivered,Standard,Website,APPONLY10,West,5
56463480,119671,05-04-2025,Home & Kitchen,Mixer Grinder,1,5311.41,16,5311.41,9.68,803.08,5274.34,Cash on Delivery,Delivered,Standard,Mobile App,LOYALTY5,West,7
56467679,740145,06-06-2024,Electronics,Mechanical Keyboard,1,4536.88,1,4536.88,122.35,808.47,5422.33,UPI,Cancelled,Express,Website,SAVE20,North,
56489624,778249,17-09-2025,Fashion,Sunglasses,3,1322.56,5,3967.69,24.71,452.32,4246.34,Credit Card,Processin,Standard,Website,APPONLY10,South,
56538501,507481,25-11-2025,Home & Kitchen,Bedsheet Set,2,1884.95,3,3769.91,30.46,658.23,4345.5,Credit Card,Delivered,Express,Website,,South,3
56540967,123983,17-03-2025,Beauty & Personal Care,Perfume,4,2497.73,1,9990.93,0,1780.38,11671.4,Credit Card,Delivered,Standard,Mobile App,,South,5
56557766,477682,13-02-2025,Books,Data Analytics Handbook,6,894.32,6,5365.93,48.7,252.2,5344.87,UPI,Delivered,Express,Mobile App,,East,3
56574020,924729,22-12-2024,Sports & Fitness,Cricket Bat,1,4508.32,2,4508.32,17.27,795.27,5230.69,UPI,Delivered,Standard,Mobile App,SAVE20,Central,5
56579815,966122,21-08-2025,Fashion,Denim Jeans,1,2668.57,11,2668.57,50.87,285,2710.9,Wallet,Delivered,Standard,Mobile App,,North,5
56591918,741413,10-09-2025,Home & Kitchen,Electric Kettle,3,2136.26,15,6408.79,0,980.54,6428.01,Credit Card,Delivered,Standard,Mobile App,LOYALTY5,South,5
56615357,663897,20-01-2025,Grocery,Dry Fruits 500g,2,771.47,5,1542.94,36.29,73.29,1575.37,Cash on Delivery,Returned,Standard,Mobile App,FESTIVE15,South,
56619283,979363,24-12-2024,Home & Kitchen,Water Bottle,1,925.08,6,925.08,103.73,156.52,1129.83,Debit Card,Delivered,Standard,Marketplace,,South,5
56664470,682946,08-12-2025,Fashion,Hoodie,2,2114.73,7,4229.46,1.38,472.01,4406.79,UPI,Processin,Standard,Mobile App,,South,
56692195,946242,27-09-2025,Fashion,Denim Jeans,3,2658.39,6,7975.17,8.77,899.6,8405.03,UPI,Delivered,Standard,Mobile App,,South,5
56692474,859409,04-08-2025,Electronics,Wireless Earbuds,1,2557.75,6,2557.75,59.41,432.77,2896.47,UPI,Confirmed,Standard,Mobile App,FESTIVE15,Central,
56744550,250203,25-10-2024,Electronics,Mechanical Keyboard,1,4675.16,8,4675.16,0,774.21,5075.36,UPI,Delivered,Standard,Mobile App,SAVE20,North,5
56774877,513429,01-08-2025,Home & Kitchen,Water Bottle,1,1095.96,11,1095.96,187.95,175.57,1338.92,Cash on Delivery,Delivered,Next Day,Website,SAVE20,Central,2
56781792,108459,25-04-2024,Electronics,Mechanical Keyboard,3,4235.05,1,12705.14,51.64,2264.06,14893.79,UPI,Returned,Standard,Website,,North,
56792492,388158,27-07-2025,Home & Kitchen,Mixer Grinder,2,5004.2,11,10008.39,73.37,1603.34,10584.18,Credit Card,Delivered,Express,Website,LOYALTY5,North,3
56804023,311051,05-03-2024,Beauty & Personal Care,Moisturizer,1,783.62,7,783.62,110.78,131.18,970.73,Credit Card,Delivered,Express,Website,FESTIVE15,West,5
56814262,421462,09-06-2025,Home & Kitchen,Electric Kettle,1,2140.59,10,2140.59,101.51,346.78,2374.82,Cash on Delivery,Delivered,Standard,Website,,South,5
56815973,717362,18-06-2024,Fashion,Sunglasses,3,1275.85,10,3827.55,64.99,413.37,3923.15,UPI,Delivered,Express,Mobile App,,Central,3
56822591,829240,08-06-2025,Grocery,Green Tea,5,433.19,6,2165.97,119.33,101.8,2257.14,UPI,Confirmed,Express,Website,FESTIVE15,West,
56830063,982501,17-12-2024,Beauty & Personal Care,Face Serum,2,1388.13,15,2776.27,17.29,424.77,2801.89,UPI,Delivered,Pickup Point,Mobile App,FREESHIP,East,5
56841323,360097,14-12-2025,Beauty & Personal Care,Sunscreen SPF 50,2,915.2,16,1830.4,70.06,276.76,1884.36,Credit Card,Returned,Standard,Website,FESTIVE15,Central,
56843261,198102,07-08-2024,Electronics,Power Bank,2,1666.24,5,3332.48,91.73,569.85,3827.44,Wallet,Delivered,Express,Website,,West,5
56849397,726019,01-11-2025,Fashion,Backpack,3,2008.93,8,6026.78,131.9,665.36,6341.9,Debit Card,Delivered,Next Day,Mobile App,,North,3
56884433,287592,09-12-2025,Home & Kitchen,Table Lamp,3,1562.37,16,4687.11,43.92,708.69,4689.78,UPI,Delivered,Standard,Mobile App,,South,5
56891493,404470,26-12-2025,Home & Kitchen,Electric Kettle,2,1999.88,19,3999.76,27.86,583.17,3850.84,UPI,Delivered,Standard,Mobile App,,Central,5
56894075,216247,02-09-2024,Fashion,Sunglasses,3,1455.47,1,4366.41,24.21,518.73,4865.69,UPI,Delivered,Standard,Mobile App,,West,5
56930836,950849,30-10-2024,Electronics,Smartwatch,1,6440.71,6,6440.71,21.87,1089.77,7165.91,Credit Card,Delivered,Standard,Marketplace,,South,7
56937986,684939,04-11-2024,Fashion,Hoodie,1,1994.05,17,1994.05,53.62,198.61,1907.29,Cash on Delivery,Delivered,Standard,Mobile App,,North,5
56958156,927867,24-09-2025,Fashion,Casual Shirt,1,1663.95,16,1663.95,27.12,167.73,1592.57,Wallet,Delivered,Standard,Marketplace,,East,5
56959839,574198,06-10-2024,Electronics,Mechanical Keyboard,3,4195.66,21,12586.99,20.7,1789.87,11754.29,Wallet,Delivered,Standard,Website,APPONLY10,South,5
56967935,277727,16-02-2024,Electronics,Power Bank,2,1596.85,11,3193.71,43.7,511.63,3397.73,Credit Card,Delivered,Standard,Marketplace,SAVE20,West,5
56993259,390210,26-10-2025,Home & Kitchen,Storage Organizer,4,950.4,6,3801.6,21.71,643.23,4238.44,UPI,Delivered,Standard,Mobile App,SAVE20,West,5
56998524,603463,16-11-2024,Fashion,Casual Shirt,1,1694.73,25,1694.73,67.87,152.53,1491.45,Credit Card,Shipped,Express,Marketplace,,South,
57012323,210014,08-02-2025,Fashion,Denim Jeans,3,2537.44,15,7612.33,98.49,776.46,7345.43,Credit Card,Delivered,Express,Mobile App,,East,3
57060200,348796,09-04-2025,Grocery,Green Tea,3,494.15,0,1482.46,81.36,74.12,1637.94,Credit Card,Processin,Standard,Website,,East,
57066620,210014,30-06-2024,Beauty & Personal Care,Face Serum,4,1235.19,15,4940.78,17.37,755.94,4972.97,UPI,Delivered,Standard,Website,,North,5
57073807,589919,03-01-2025,Fashion,Casual Shirt,3,1910.21,10,5730.64,0,618.91,5776.49,Debit Card,Delivered,Pickup Point,Mobile App,LOYALTY5,South,5
57081454,674262,20-11-2024,Beauty & Personal Care,Hair Dryer,2,2945.12,0,5890.24,26.69,1060.24,6977.17,Credit Card,Delivered,Standard,Mobile App,,South,5
57083961,170738,02-04-2025,Fashion,Cotton T-Shirt,3,877.37,25,2632.1,66.99,236.89,2277.96,Credit Card,Shipped,Standard,Website,,West,
57093863,663897,12-07-2024,Beauty & Personal Care,Perfume,1,2304.27,10,2304.27,27.88,373.29,2475.01,Debit Card,Delivered,Standard,Website,,North,5
57109212,390210,28-05-2024,Fashion,Backpack,1,2202.4,1,2202.4,34.88,261.65,2476.91,UPI,Delivered,Pickup Point,Website,FREESHIP,South,5
57134697,390210,14-06-2024,Grocery,Protein Cereal,1,610.87,11,610.87,35.67,27.18,606.52,UPI,Delivered,Standard,Mobile App,,North,5
57167120,882469,02-10-2025,Home & Kitchen,Electric Kettle,3,2001.86,6,6005.58,116.36,1016.14,6777.75,Debit Card,Delivered,Next Day,Website,,West,2
57170426,813219,29-01-2024,Books,Cookbook,2,848.74,15,1697.49,70.01,72.14,1585.02,Credit Card,Delivered,Standard,Website,LOYALTY5,South,5
57173379,666114,20-01-2025,Electronics,1080p Webcam,1,3657.22,5,3657.22,114.15,625.38,4213.89,UPI,Delivered,Next Day,Mobile App,,South,3
57192545,262903,02-06-2024,Beauty & Personal Care,Perfume,2,2360.49,22,4720.97,8.72,662.82,4353.9,Credit Card,Shipped,Standard,Website,SAVE20,North,
57194917,735875,07-08-2024,Fashion,Backpack,2,2235.77,5,4471.54,31.78,509.76,4789.5,Debit Card,Delivered,Express,Mobile App,,East,3
57196895,150522,14-07-2025,Electronics,Wireless Earbuds,4,2384.46,20,9537.85,21.62,1373.45,9025.35,UPI,Returned,Standard,Website,APPONLY10,Central,
57209417,315327,20-07-2025,Books,Cookbook,5,857.3,15,4286.49,73.44,182.18,3899.14,UPI,Delivered,Express,Mobile App,,South,5
57242061,456102,16-05-2025,Sports & Fitness,Gym Bag,2,1747.64,16,3495.27,284.86,528.49,3749.38,UPI,Shipped,Same Day,Mobile App,,West,
57246355,710795,05-11-2024,Fashion,Backpack,3,2277.86,2,6833.59,101.76,803.63,7602.31,UPI,Delivered,Express,Mobile App,,South,3
57285991,682946,03-11-2025,Sports & Fitness,Gym Bag,2,1925.39,12,3850.79,153.51,609.97,4152.18,UPI,Returned,Next Day,Website,,South,
57315603,562335,30-06-2025,Fashion,Sunglasses,3,1219.13,0,3657.38,233.1,438.89,4329.37,UPI,Delivered,Same Day,Website,,West,1
57316091,318678,11-12-2024,Grocery,Organic Rice 5kg,3,728.66,10,2185.97,156.52,98.37,2222.26,UPI,Confirmed,Next Day,Website,SAVE20,West,
57317912,750637,25-01-2024,Beauty & Personal Care,Lipstick,3,888.08,21,2664.24,106.59,378.85,2590.19,Wallet,Delivered,Express,Mobile App,,Central,3
57327900,479554,02-12-2025,Home & Kitchen,Bedsheet Set,1,1787.54,25,1787.54,209.28,241.32,1791.26,UPI,Delivered,Next Day,Marketplace,,West,2
57354506,476057,20-01-2024,Grocery,Snack Assortment,3,511.98,15,1535.94,86.76,65.28,1457.59,UPI,Delivered,Standard,Mobile App,,South,5
57372273,506330,20-03-2025,Grocery,Premium Coffee,4,659.74,21,2638.98,28.18,104.24,2217.21,UPI,Shipped,Pickup Point,Mobile App,,South,
57380351,901714,03-08-2024,Fashion,Women’s Kurta,1,1731.35,6,1731.35,77.65,195.3,1900.42,Debit Card,Delivered,Standard,Website,FESTIVE15,South,5
57390423,473494,22-01-2024,Electronics,Smartwatch,2,6147.45,5,12294.89,38.4,2102.43,13820.98,Net Banking,Returned,Express,Marketplace,,South,
57391362,694959,02-10-2025,Grocery,Protein Cereal,3,604.6,6,1813.79,98.7,85.25,1888.91,Wallet,Shipped,Express,Mobile App,,South,
57420603,562761,16-11-2025,Grocery,Olive Oil 1L,1,844.73,6,844.73,34.25,39.7,868,Debit Card,Shipped,Pickup Point,Website,,West,
57429665,990734,07-05-2025,Grocery,Dry Fruits 500g,1,834.63,0,834.63,45.57,41.73,921.93,UPI,Delivered,Standard,Mobile App,,East,5
57473613,426578,16-10-2025,Home & Kitchen,Air Fryer,3,6816.24,15,20448.73,152.34,3128.66,20662.42,Net Banking,Delivered,Next Day,Mobile App,,Central,2
57479550,663897,24-10-2025,Fashion,Running Shoes,3,4062.31,12,12186.94,0,1286.94,12011.45,Credit Card,Shipped,Standard,Website,WELCOME10,West,
57523471,682171,12-01-2024,Sports & Fitness,Yoga Mat,3,1350.7,5,4052.11,14.5,692.91,4556.91,UPI,Delivered,Standard,Mobile App,,South,5
57525618,468547,04-02-2024,Sports & Fitness,Dumbbell Set,2,3413.27,10,6826.53,110.73,1105.9,7360.51,Credit Card,Delivered,Express,Mobile App,FESTIVE15,East,3
57530462,250415,10-02-2024,Books,Exam Preparation Book,5,1043.88,5,5219.41,97.86,247.92,5304.22,Net Banking,Delivered,Express,Website,,North,4
57577054,701235,02-03-2024,Grocery,Organic Rice 5kg,2,698.12,10,1396.23,102.78,62.83,1422.22,Wallet,Returned,Express,Website,,Central,
57606906,442761,03-10-2024,Fashion,Casual Shirt,3,1834.34,12,5503.02,8.94,581.12,5432.72,UPI,Shipped,Standard,Website,FESTIVE15,West,
57614702,986247,21-12-2024,Fashion,Casual Shirt,1,1898.59,3,1898.59,46.37,221,2109,UPI,Delivered,Standard,Website,,North,5
57615444,687769,15-11-2025,Fashion,Casual Shirt,2,1743.41,10,3486.83,35.77,376.58,3550.5,Debit Card,Delivered,Standard,Marketplace,,North,6
57639269,203119,21-10-2025,Fashion,Cotton T-Shirt,4,918.06,11,3672.22,47.75,392.19,3708.22,UPI,Shipped,Express,Website,,Central,
57666334,156320,10-05-2025,Sports & Fitness,Sports Shoes,1,3311.64,10,3311.64,136.35,536.49,3653.32,Net Banking,Returned,Express,Website,,South,
57709746,515524,11-05-2025,Fashion,Denim Jeans,2,2785.66,11,5571.32,16.89,595.02,5570.38,Credit Card,Shipped,Standard,Website,SAVE20,South,
57720152,648746,11-10-2025,Home & Kitchen,Air Fryer,2,7991.26,7,15982.52,246.4,2675.47,17785.61,UPI,Returned,Same Day,Mobile App,,West,
57757895,870085,28-12-2024,Sports & Fitness,Fitness Resistance Bands,2,986.7,2,1973.41,28.44,348.11,2310.49,UPI,Delivered,Pickup Point,Mobile App,FESTIVE15,East,5
57764495,288257,08-11-2024,Fashion,Cotton T-Shirt,3,854.42,7,2563.27,139.83,286.06,2809.73,UPI,Delivered,Express,Website,,South,3
57784692,393562,04-07-2025,Beauty & Personal Care,Perfume,1,2327.32,20,2327.32,90.38,335.13,2287.37,Credit Card,Delivered,Express,Mobile App,,East,3
57805519,682946,02-11-2025,Books,Business Strategy Book,3,707.23,9,2121.68,237.36,96.54,2264.63,Credit Card,Delivered,Same Day,Mobile App,WELCOME10,Central,1
57822133,874750,14-10-2024,Fashion,Running Shoes,2,4117.68,16,8235.36,74.36,830.12,7822.18,Credit Card,Delivered,Express,Marketplace,,East,3
57827464,905420,19-06-2025,Home & Kitchen,Non-Stick Cookware Set,2,6013.7,21,12027.39,0,1710.3,11211.94,UPI,Delivered,Standard,Mobile App,,West,5
57842652,945783,10-11-2024,Fashion,Sunglasses,2,1200.76,12,2401.53,199.05,253.6,2566,Debit Card,Delivered,Next Day,Website,FREESHIP,North,2
57860172,701235,12-11-2025,Fashion,Women’s Kurta,1,1435.35,15,1435.35,99.7,146.41,1466.16,Net Banking,Delivered,Express,Mobile App,,Central,5
57860276,881262,30-01-2024,Home & Kitchen,Electric Kettle,4,1978.38,11,7913.52,15.21,1267.75,8325.99,Debit Card,Returned,Express,Website,FESTIVE15,West,
57882662,732254,11-09-2025,Fashion,Running Shoes,1,3898.75,0,3898.75,35.64,467.85,4402.24,Net Banking,Delivered,Standard,Website,FESTIVE15,Central,5
57933824,674262,03-06-2025,Fashion,Cotton T-Shirt,1,882.23,10,882.23,93.17,95.28,982.46,Debit Card,Delivered,Express,Website,,West,3
57936516,107212,15-03-2024,Sports & Fitness,Yoga Mat,1,1300.94,0,1300.94,36.74,234.17,1571.85,UPI,Delivered,Pickup Point,Mobile App,,East,5
57942869,531162,12-09-2024,Home & Kitchen,Mixer Grinder,3,4903.78,6,14711.35,21.83,2489.16,16339.66,Net Banking,Delivered,Express,Website,,North,4
57956500,350814,06-10-2025,Home & Kitchen,Bedsheet Set,1,1964.8,13,1964.8,137.59,307.69,2154.66,Debit Card,Delivered,Express,Mobile App,,South,3
57983646,531162,21-05-2025,Books,Fiction Bestseller,1,612.78,21,612.78,75.86,24.2,584.16,Debit Card,Delivered,Express,Marketplace,,Central,3
57994550,506330,22-11-2025,Home & Kitchen,Non-Stick Cookware Set,1,6523.59,1,6523.59,68.08,1162.5,7688.93,UPI,Confirmed,Express,Mobile App,,West,
57997353,565699,12-01-2024,Books,Business Strategy Book,3,715.62,1,2146.87,148.37,106.27,2380.04,Credit Card,Delivered,Express,Mobile App,LOYALTY5,East,3
58001604,956740,26-06-2025,Fashion,Cotton T-Shirt,1,843.43,6,843.43,117.44,95.14,1005.4,UPI,Processin,Express,Website,,Central,
58015584,371899,06-01-2024,Fashion,Cotton T-Shirt,2,857.75,0,1715.49,35.45,205.86,1956.8,UPI,Delivered,Pickup Point,Website,,South,5
58024696,634784,09-12-2024,Fashion,Women’s Kurta,2,1559.72,10,3119.43,82.81,336.9,3227.2,UPI,Delivered,Standard,Mobile App,,East,5
58040402,750198,29-07-2025,Fashion,Backpack,4,2241.21,26,8964.85,102.42,796.08,7532.49,Wallet,Delivered,Express,Website,FREESHIP,West,3
58057386,434676,09-07-2025,Books,Fiction Bestseller,2,617.12,0,1234.23,89.88,61.71,1385.82,Debit Card,Cancelled,Express,Website,,South,
58060498,446115,28-05-2024,Home & Kitchen,Electric Kettle,3,2113.58,15,6340.75,95.98,970.14,6455.76,Debit Card,Processin,Next Day,Mobile App,,North,
58074962,270432,16-12-2024,Grocery,Olive Oil 1L,4,899.62,11,3598.48,207.96,160.13,3570.74,Wallet,Delivered,Same Day,Website,,South,1
58086538,569778,19-03-2025,Beauty & Personal Care,Shampoo,2,735.35,21,1470.7,21.74,209.13,1392.72,UPI,Delivered,Pickup Point,Website,WELCOME10,East,5
58088606,170738,28-03-2024,Home & Kitchen,Non-Stick Cookware Set,1,5834.27,0,5834.27,16.86,1050.17,6901.3,Credit Card,Delivered,Standard,Website,LOYALTY5,West,5
58097437,726019,03-04-2024,Sports & Fitness,Sports Shoes,4,3383.7,16,13534.81,21.26,2046.46,13436.96,Debit Card,Delivered,Standard,Mobile App,LOYALTY5,East,5
58102204,284383,11-01-2025,Home & Kitchen,Electric Kettle,2,2083.95,16,4167.89,75.68,630.19,4206.9,Cash on Delivery,Delivered,Express,Mobile App,,Central,3
58111459,981217,21-04-2024,Electronics,Mechanical Keyboard,4,4258.53,16,17034.1,0,2575.56,16884.2,UPI,Delivered,Express,Website,,West,3
58129856,891579,28-10-2025,Electronics,1080p Webcam,1,3959.02,5,3959.02,38.65,676.99,4476.71,UPI,Delivered,Standard,Mobile App,,East,5
58139163,671302,28-11-2024,Books,Business Strategy Book,3,715.51,2,2146.53,191.9,105.18,2400.68,Credit Card,Delivered,Next Day,Website,,South,2
58139361,348796,13-01-2024,Fashion,Backpack,4,2238.16,5,8952.64,91.14,1020.6,9616.75,Debit Card,Delivered,Same Day,Marketplace,,Central,1
58161276,915964,28-08-2025,Sports & Fitness,Sports Shoes,1,3636.67,0,3636.67,110.57,654.6,4401.84,Net Banking,Delivered,Next Day,Website,WELCOME10,South,2
58168182,806817,30-06-2024,Electronics,Wireless Earbuds,3,2198.13,16,6594.38,0,997.07,6536.35,Credit Card,Confirmed,Standard,Mobile App,,North,
58172608,615369,29-11-2025,Beauty & Personal Care,Hair Dryer,1,2590.98,2,2590.98,44.76,457.05,3040.97,UPI,Confirmed,Standard,Mobile App,,West,
58176140,949856,12-07-2025,Fashion,Sunglasses,2,1251.08,11,2502.16,108.39,267.23,2602.54,Credit Card,Delivered,Express,Mobile App,,North,3
58179950,192903,03-05-2024,Fashion,Women’s Kurta,1,1500.25,1,1500.25,38.16,178.23,1701.64,Debit Card,Processin,Pickup Point,Mobile App,,East,
58185512,170738,22-05-2024,Home & Kitchen,Storage Organizer,2,885.12,10,1770.24,33.62,286.78,1913.62,Credit Card,Delivered,Pickup Point,Website,,West,5
58187002,663897,17-02-2024,Sports & Fitness,Dumbbell Set,2,3360.96,15,6721.92,53.69,1028.45,6795.77,Debit Card,Cancelled,Express,Mobile App,,South,
58196078,663897,12-09-2024,Grocery,Dry Fruits 500g,4,838.62,0,3354.46,36.3,167.72,3558.48,UPI,Confirmed,Express,Website,,West,
58209000,663897,29-08-2024,Grocery,Dry Fruits 500g,5,772.34,20,3861.68,47.32,154.47,3291.13,Debit Card,Delivered,Standard,Website,,South,5
58233113,554476,02-01-2025,Sports & Fitness,Cricket Bat,2,4365.84,16,8731.68,156.81,1320.23,8811.65,Net Banking,Delivered,Next Day,Mobile App,,North,2
58239534,614046,15-04-2024,Home & Kitchen,Electric Kettle,1,2029.15,11,2029.15,128.4,325.07,2259.41,Credit Card,Delivered,Express,Mobile App,LOYALTY5,South,3
58241343,290732,27-07-2025,Grocery,Olive Oil 1L,4,956.67,0,3826.66,2.28,191.33,4020.27,Net Banking,Returned,Standard,Mobile App,,West,
58243888,562761,19-03-2025,Beauty & Personal Care,Shampoo,1,681.28,6,681.28,39.82,115.27,795.49,Wallet,Delivered,Pickup Point,Website,,North,6
58260382,193934,09-10-2025,Books,Personal Finance Guide,2,814.03,11,1628.05,65.15,72.45,1586.56,Credit Card,Delivered,Standard,Website,,North,5
58281481,930111,02-05-2024,Grocery,Green Tea,5,435.22,15,2176.12,30.53,92.49,1972.72,Net Banking,Delivered,Standard,Mobile App,FESTIVE15,East,5
58288011,726019,14-12-2025,Fashion,Women’s Kurta,3,1629.47,6,4888.4,66.26,551.41,5212.77,Wallet,Delivered,Express,Marketplace,LOYALTY5,North,3
58288905,930111,12-06-2025,Beauty & Personal Care,Perfume,2,2600.39,0,5200.77,0,936.14,6136.91,Net Banking,Delivered,Standard,Marketplace,,East,5
58293465,922983,27-01-2024,Home & Kitchen,Mixer Grinder,2,5031.77,10,10063.54,11.2,1630.29,10698.68,UPI,Delivered,Standard,Mobile App,APPONLY10,West,5
58302651,555489,21-04-2024,Fashion,Hoodie,2,2102.83,11,4205.65,24.18,449.16,4216.37,Credit Card,Delivered,Standard,Mobile App,FREESHIP,West,5
58304012,215726,05-05-2024,Fashion,Hoodie,3,2065.23,2,6195.69,43.07,728.61,6843.46,Cash on Delivery,Delivered,Standard,Mobile App,LOYALTY5,South,5
58335520,512209,10-08-2024,Grocery,Protein Cereal,2,633.45,10,1266.9,97.17,57.01,1294.39,UPI,Delivered,Express,Marketplace,SAVE20,South,4
58361934,517375,15-11-2025,Sports & Fitness,Dumbbell Set,2,3337.14,12,6674.27,54.12,1057.2,6984.68,Wallet,Confirmed,Standard,Marketplace,FESTIVE15,West,
58373852,930111,05-10-2024,Electronics,1080p Webcam,2,3629.12,12,7258.24,50.13,1149.7,7587.08,Credit Card,Shipped,Standard,Website,,North,
58376059,874750,07-12-2025,Electronics,USB-C Hub,1,2059.93,21,2059.93,168.01,292.92,2088.27,UPI,Shipped,Next Day,Website,APPONLY10,East,
58393462,248381,05-04-2024,Beauty & Personal Care,Perfume,3,2276.12,1,6828.35,45.91,1216.81,8022.79,Debit Card,Delivered,Standard,Mobile App,WELCOME10,South,5
58404317,974498,08-10-2024,Sports & Fitness,Yoga Mat,2,1218.67,21,2437.35,36.43,346.59,2308.53,UPI,Delivered,Pickup Point,Mobile App,,Central,5
58428533,786341,27-08-2024,Grocery,Green Tea,2,464.88,16,929.75,125.91,39.05,945.95,Wallet,Delivered,Express,Website,APPONLY10,Central,4
58435859,832532,05-07-2024,Grocery,Protein Cereal,4,631.9,6,2527.59,174.19,118.8,2668.92,Debit Card,Delivered,Next Day,Mobile App,,West,2
58450683,798962,20-07-2024,Books,Business Strategy Book,3,653.33,11,1959.98,243.66,87.22,2075.26,Net Banking,Delivered,Same Day,Mobile App,FREESHIP,South,1
58453658,710236,02-02-2025,Books,Data Analytics Handbook,2,911.85,5,1823.69,58.95,86.63,1878.09,Credit Card,Shipped,Standard,Mobile App,,North,
58454443,658023,06-02-2025,Books,Fiction Bestseller,2,583.92,10,1167.85,81.21,52.55,1184.83,Credit Card,Delivered,Standard,Mobile App,APPONLY10,West,5
58520256,215726,27-10-2025,Sports & Fitness,Yoga Mat,3,1377.23,14,4131.68,87.3,639.58,4280.12,Net Banking,Delivered,Express,Website,,South,4
58530253,288257,08-01-2024,Electronics,USB-C Hub,4,2325.48,5,9301.94,1.54,1590.63,10429.01,UPI,Delivered,Pickup Point,Marketplace,,Central,5
58532559,882469,08-04-2025,Sports & Fitness,Sports Shoes,3,3415.94,6,10247.82,51.1,1733.93,11417.98,UPI,Confirmed,Express,Mobile App,FREESHIP,West,
58557603,844820,31-03-2025,Sports & Fitness,Dumbbell Set,3,3687.48,1,11062.43,69.78,1971.33,12992.92,Net Banking,Delivered,Express,Website,WELCOME10,East,3
58564863,513727,24-11-2025,Beauty & Personal Care,Sunscreen SPF 50,2,987.91,6,1975.82,59.39,334.31,2250.97,Credit Card,Delivered,Standard,Website,,South,5
58568037,694959,02-05-2024,Home & Kitchen,Table Lamp,2,1496.37,21,2992.73,102.51,425.57,2892.34,Wallet,Delivered,Express,Website,SAVE20,East,3
58570143,901714,19-08-2024,Fashion,Hoodie,2,2314.33,11,4628.66,103.34,494.34,4717.19,UPI,Delivered,Next Day,Mobile App,,East,2
58599158,160754,30-01-2025,Fashion,Sunglasses,2,1200.4,0,2400.8,107.2,288.1,2796.1,Net Banking,Delivered,Express,Mobile App,LOYALTY5,East,5
58614327,999413,08-09-2025,Fashion,Casual Shirt,2,1727.34,1,3454.69,25.46,410.42,3856.02,Debit Card,Shipped,Pickup Point,Mobile App,,North,
58656048,404470,23-07-2024,Electronics,Wireless Earbuds,1,2748.34,27,2748.34,69.05,361.13,2436.47,Net Banking,Delivered,Express,Website,FESTIVE15,West,3
58679369,594362,08-09-2024,Beauty & Personal Care,Shampoo,3,680.54,15,2041.63,112.12,312.37,2159.88,Debit Card,Delivered,Express,Mobile App,,West,3
58680283,304920,19-09-2024,Home & Kitchen,Electric Kettle,1,2109.9,26,2109.9,41.77,281.04,1884.14,Cash on Delivery,Delivered,Standard,Marketplace,FREESHIP,East,5
58694033,827198,10-07-2024,Beauty & Personal Care,Shampoo,5,790.08,26,3950.39,84.38,526.19,3533.86,UPI,Delivered,Express,Mobile App,FESTIVE15,West,3
58762704,360097,03-12-2024,Fashion,Backpack,4,2255.78,21,9023.12,9.15,855.39,7992.8,Credit Card,Delivered,Standard,Website,,North,5
58765815,123983,14-12-2025,Electronics,Wireless Earbuds,2,2441.81,3,4883.63,60.47,852.68,5650.27,Credit Card,Shipped,Express,Mobile App,,North,
58776508,172816,31-01-2024,Fashion,Denim Jeans,2,2657.27,25,5314.54,0.76,478.31,4464.97,Credit Card,Shipped,Pickup Point,Mobile App,,West,
58795592,167829,08-11-2024,Grocery,Dry Fruits 500g,2,797.06,1,1594.12,161.48,78.91,1818.57,UPI,Delivered,Next Day,Mobile App,,East,2
58809177,634593,30-01-2024,Fashion,Sunglasses,2,1240.75,20,2481.49,90.45,238.22,2313.86,Credit Card,Delivered,Standard,Website,SAVE20,North,5
58812029,210506,14-12-2024,Fashion,Women’s Kurta,1,1531.41,17,1531.41,49.3,152.53,1472.9,Wallet,Delivered,Standard,Mobile App,,West,7
58812696,603463,06-12-2024,Electronics,Smartwatch,2,5878.03,17,11756.05,54.34,1756.35,11568.21,UPI,Delivered,Express,Website,FESTIVE15,West,3
58822678,199346,23-12-2024,Home & Kitchen,Table Lamp,1,1441.07,5,1441.07,166.1,246.42,1781.54,Credit Card,Delivered,Next Day,Website,,West,3
58863205,677141,24-02-2024,Electronics,Power Bank,2,1646.47,11,3292.95,108.67,527.53,3566.93,Cash on Delivery,Delivered,Standard,Mobile App,,East,5
58892225,453000,12-11-2025,Home & Kitchen,Table Lamp,1,1399.21,6,1399.21,112.41,236.75,1664.42,UPI,Delivered,Express,Website,,East,4
58904172,900979,08-09-2025,Beauty & Personal Care,Hair Dryer,3,2743.71,16,8231.12,198.42,1244.55,8357.11,Credit Card,Delivered,Next Day,Website,,North,2
58951617,531162,03-04-2025,Electronics,1080p Webcam,1,3725.56,1,3725.56,0,663.89,4352.19,Debit Card,Delivered,Pickup Point,Website,,South,6
58957489,621502,30-07-2024,Fashion,Denim Jeans,2,2563.59,11,5127.17,40.76,547.58,5151.52,UPI,Delivered,Express,Mobile App,,North,3
58958268,806817,26-08-2025,Grocery,Olive Oil 1L,3,900.17,16,2700.5,63.52,113.42,2445.36,UPI,Delivered,Standard,Mobile App,,North,5
58981093,106421,30-01-2025,Sports & Fitness,Yoga Mat,1,1306.26,10,1306.26,204.77,211.61,1592.01,Credit Card,Delivered,Next Day,Mobile App,FREESHIP,South,2
58994347,506330,16-12-2024,Fashion,Denim Jeans,1,2341.38,11,2341.38,27.9,250.06,2361.79,Wallet,Delivered,Standard,Website,,South,5
59017439,706543,17-12-2024,Electronics,1080p Webcam,2,4059.79,18,8119.59,38.69,1198.45,7895.2,UPI,Delivered,Standard,Mobile App,,West,5
59062484,192903,18-05-2024,Home & Kitchen,Bedsheet Set,2,2050.57,1,4101.14,31.51,730.82,4822.46,Credit Card,Delivered,Standard,Mobile App,,North,5
59077738,844820,06-12-2025,Electronics,Wireless Earbuds,4,2447.64,3,9790.56,0,1709.43,11206.27,UPI,Delivered,Standard,Mobile App,LOYALTY5,West,5
59079830,450368,10-10-2025,Electronics,USB-C Hub,1,2224.08,5,2224.08,84.3,380.32,2577.5,UPI,Delivered,Standard,Mobile App,,West,5
59105253,850500,05-02-2024,Fashion,Backpack,2,2354.85,0,4709.71,12.25,565.17,5287.13,Net Banking,Delivered,Standard,Website,,Central,5
59110507,615369,17-07-2024,Grocery,Organic Rice 5kg,2,651.93,0,1303.86,77.23,65.19,1446.28,Debit Card,Cancelled,Standard,Marketplace,,West,
59114092,411173,26-05-2024,Sports & Fitness,Fitness Resistance Bands,2,986.75,1,1973.5,78.72,351.68,2384.16,Wallet,Delivered,Standard,Marketplace,,West,5
59118559,870085,01-09-2024,Fashion,Casual Shirt,1,1635.01,12,1635.01,36.05,172.66,1647.52,UPI,Delivered,Pickup Point,Mobile App,WELCOME10,East,5
59129812,950849,27-01-2025,Sports & Fitness,Sports Shoes,1,3155.89,1,3155.89,29.41,562.38,3716.12,Credit Card,Delivered,Standard,Website,,South,7
59132747,938265,20-03-2025,Books,Data Analytics Handbook,1,893.52,10,893.52,111.81,40.21,956.19,Credit Card,Delivered,Express,Marketplace,FESTIVE15,West,3
59148791,192967,26-04-2024,Electronics,Smartwatch,2,6137.46,15,12274.91,3.87,1878.06,12315.6,Credit Card,Processin,Standard,Marketplace,,South,
59176304,217513,20-10-2025,Electronics,USB-C Hub,2,2052.51,15,4105.03,126.24,628.07,4243.59,UPI,Shipped,Same Day,Website,WELCOME10,South,
59183528,745205,10-11-2025,Home & Kitchen,Water Bottle,2,1059.31,11,2118.63,87.26,339.4,2312.24,Wallet,Delivered,Standard,Website,,West,5
59209048,517875,05-08-2024,Electronics,Wireless Earbuds,4,2613.47,15,10453.88,35.1,1599.44,10520.34,Debit Card,Delivered,Standard,Mobile App,,West,5
59224590,231918,14-12-2024,Sports & Fitness,Dumbbell Set,1,3891.05,18,3891.05,74.23,574.32,3839.21,UPI,Delivered,Express,Marketplace,FESTIVE15,East,3
59243566,478805,21-05-2025,Electronics,Noise Cancelling Headphones,3,9685.2,10,29055.61,12.62,4707.01,30869.68,UPI,Processin,Standard,Mobile App,,West,
59244584,311051,02-12-2024,Electronics,Noise Cancelling Headphones,1,9940.03,17,9940.03,7.53,1485.04,9742.79,UPI,Delivered,Standard,Mobile App,LOYALTY5,North,5
59273578,192903,20-05-2025,Beauty & Personal Care,Shampoo,1,688.89,11,688.89,69.01,110.36,792.48,UPI,Shipped,Standard,Mobile App,FREESHIP,North,
59287041,832532,28-12-2024,Fashion,Running Shoes,1,3895.07,18,3895.07,31.55,383.28,3608.79,UPI,Delivered,Standard,Mobile App,WELCOME10,South,6
59315832,651709,06-01-2024,Beauty & Personal Care,Moisturizer,3,726.08,21,2178.23,29.42,309.74,2059.96,UPI,Delivered,Pickup Point,Mobile App,LOYALTY5,Central,6
59354300,333453,27-11-2025,Home & Kitchen,Mixer Grinder,1,4937.87,29,4937.87,11.13,631.06,4148.08,Net Banking,Delivered,Standard,Mobile App,,East,7
59385766,270564,13-04-2025,Electronics,1080p Webcam,3,3679.29,10,11037.88,86.66,1788.14,11808.89,Cash on Delivery,Delivered,Express,Website,,East,3
59398036,206289,25-12-2024,Fashion,Hoodie,3,2201.44,6,6604.32,28.13,744.97,6981.16,UPI,Delivered,Standard,Mobile App,SAVE20,North,5
59401950,682946,23-11-2024,Grocery,Snack Assortment,3,488.13,19,1464.39,102.09,59.31,1347.56,Debit Card,Delivered,Standard,Mobile App,,West,5
59426318,672334,06-08-2024,Beauty & Personal Care,Face Serum,2,1236.73,0,2473.46,114.26,445.22,3032.94,Cash on Delivery,Delivered,Express,Mobile App,FESTIVE15,West,3
59430164,810253,21-10-2025,Electronics,1080p Webcam,1,3663.76,20,3663.76,85.71,527.58,3544.3,Cash on Delivery,Confirmed,Standard,Website,,West,
59432227,456102,30-11-2025,Sports & Fitness,Dumbbell Set,3,3369.17,23,10107.52,18.51,1400.9,9202.2,Credit Card,Delivered,Standard,Website,SAVE20,West,5
59436456,870688,14-12-2024,Fashion,Denim Jeans,4,2529.89,18,10119.57,21.97,995.77,9315.79,UPI,Shipped,Standard,Mobile App,,West,
59440275,151852,13-10-2024,Fashion,Cotton T-Shirt,2,854.83,7,1709.67,87.58,190.8,1868.37,UPI,Delivered,Standard,Website,FESTIVE15,Central,6
59448722,350814,22-11-2025,Fashion,Running Shoes,1,3934.57,8,3934.57,0,434.38,4054.18,UPI,Delivered,Standard,Mobile App,FESTIVE15,South,6
59455449,726019,06-07-2024,Fashion,Casual Shirt,2,1813.93,1,3627.86,47.7,430.99,4070.27,Credit Card,Returned,Standard,Mobile App,,Central,
59463023,760624,25-09-2024,Home & Kitchen,Non-Stick Cookware Set,4,6092.1,1,24368.4,49.5,4342.45,28516.67,Net Banking,Delivered,Express,Website,FREESHIP,South,3
59471496,602650,11-02-2025,Grocery,Premium Coffee,2,690.96,1,1381.92,82.53,68.4,1519.03,Credit Card,Delivered,Standard,Mobile App,WELCOME10,North,5
59503703,360097,28-11-2024,Grocery,Dry Fruits 500g,3,847.41,26,2542.24,53.71,94.06,2029.03,Wallet,Processin,Standard,Website,,West,
59541456,317180,20-11-2025,Beauty & Personal Care,Lipstick,3,830.58,17,2491.74,31.53,372.27,2471.94,Debit Card,Delivered,Pickup Point,Mobile App,,South,5
59547696,634593,16-03-2025,Home & Kitchen,Table Lamp,1,1585.01,5,1585.01,199.28,271.04,1976.08,UPI,Delivered,Next Day,Mobile App,SAVE20,Central,2
59594982,934458,20-11-2024,Beauty & Personal Care,Sunscreen SPF 50,1,814.18,8,814.18,65.66,134.83,949.54,Cash on Delivery,Shipped,Standard,Marketplace,,South,
59634973,181485,27-05-2024,Beauty & Personal Care,Shampoo,2,718.65,15,1437.3,253.14,219.91,1694.75,Credit Card,Delivered,Same Day,Mobile App,FREESHIP,South,1
59636015,857238,24-03-2025,Electronics,1080p Webcam,3,4087.74,11,12263.23,115.12,1964.57,12993.96,UPI,Delivered,Express,Mobile App,,West,3
59641681,611808,11-11-2025,Home & Kitchen,Electric Kettle,3,1918.61,7,5755.84,128.98,963.53,6445.44,Debit Card,Delivered,Next Day,Mobile App,,West,2
59663145,167829,01-10-2024,Fashion,Cotton T-Shirt,1,950.63,21,950.63,63.33,90.12,904.45,UPI,Delivered,Standard,Mobile App,,Central,5
59691034,371899,11-02-2024,Sports & Fitness,Gym Bag,4,1657.77,5,6631.09,230.59,1133.92,7664.05,Cash on Delivery,Delivered,Same Day,Mobile App,,West,1
59717187,590308,02-12-2024,Beauty & Personal Care,Face Serum,1,1175.28,12,1175.28,46.09,186.16,1266.5,UPI,Returned,Standard,Marketplace,,Central,
59771968,212225,24-10-2025,Beauty & Personal Care,Lipstick,2,794.11,2,1588.22,69.33,280.16,1905.95,Credit Card,Delivered,Standard,Website,,Central,5
59806630,311051,20-07-2024,Home & Kitchen,Electric Kettle,3,1947.09,22,5841.26,0,820.11,5376.29,Net Banking,Delivered,Standard,Website,,South,5
59809378,848013,09-06-2024,Fashion,Casual Shirt,1,1771.34,26,1771.34,61.95,157.29,1530.03,Net Banking,Shipped,Standard,Mobile App,APPONLY10,South,
59812922,644492,21-07-2024,Home & Kitchen,Storage Organizer,2,823.35,6,1646.71,108.37,278.62,1934.9,Net Banking,Shipped,Express,Mobile App,,North,
59833056,108961,15-02-2025,Home & Kitchen,Mixer Grinder,2,4952.65,25,9905.31,21.87,1337.22,8788.07,UPI,Delivered,Standard,Mobile App,LOYALTY5,North,5
59901919,446849,06-05-2025,Grocery,Snack Assortment,5,508.49,0,2542.47,47.02,127.12,2716.61,UPI,Delivered,Standard,Mobile App,,West,5
59950181,311051,12-10-2024,Home & Kitchen,Table Lamp,2,1412.51,24,2825.01,44.85,386.46,2578.32,Cash on Delivery,Cancelled,Standard,Website,FREESHIP,Central,
59963757,870085,31-03-2024,Books,Personal Finance Guide,1,758.7,2,758.7,88.74,37.18,869.45,UPI,Shipped,Standard,Mobile App,,West,
59990044,686303,02-12-2025,Grocery,Green Tea,2,449.61,6,899.22,147.82,42.26,1035.35,Credit Card,Delivered,Express,Marketplace,,South,3
59990944,377531,17-11-2025,Sports & Fitness,Cricket Bat,1,4310.65,3,4310.65,68.65,752.64,5002.62,UPI,Shipped,Standard,Marketplace,,North,
59993366,447552,13-09-2025,Fashion,Hoodie,3,2112.28,1,6336.84,108.62,752.82,7134.91,Credit Card,Cancelled,Express,Marketplace,,West,
59995309,754071,08-01-2025,Beauty & Personal Care,Face Serum,3,1203.94,6,3611.82,18.43,611.12,4024.66,UPI,Delivered,Standard,Website,,Central,5
60020816,694959,05-11-2024,Beauty & Personal Care,Moisturizer,4,742.37,18,2969.5,123.31,438.3,2996.6,UPI,Shipped,Express,Website,,North,
60023393,847417,03-10-2025,Home & Kitchen,Electric Kettle,2,2075.13,9,4150.25,210.74,679.81,4667.28,UPI,Delivered,Same Day,Marketplace,FESTIVE15,Central,1
60057093,754071,15-02-2025,Sports & Fitness,Yoga Mat,3,1354.13,6,4062.39,0,687.36,4506.01,UPI,Delivered,Standard,Website,,North,5
60073811,701235,17-09-2025,Books,Fiction Bestseller,1,661.02,0,661.02,131.67,33.05,825.74,UPI,Delivered,Express,Mobile App,,South,3
60083624,981217,09-11-2024,Sports & Fitness,Dumbbell Set,1,3564.1,16,3564.1,87.27,538.89,3620,Debit Card,Shipped,Express,Mobile App,,East,
60109920,218555,06-10-2025,Fashion,Backpack,2,2177.56,11,4355.12,34.92,465.13,4376.11,UPI,Delivered,Standard,Website,,Central,5
60145600,760221,31-01-2025,Beauty & Personal Care,Face Serum,3,1429.43,15,4288.3,140.87,656.11,4442.04,UPI,Delivered,Next Day,Mobile App,,North,2
60194508,435017,03-10-2024,Fashion,Women’s Kurta,3,1634.42,26,4903.26,12.22,435.41,4076.04,UPI,Delivered,Standard,Website,,North,5
60208993,573260,13-01-2025,Electronics,Bluetooth Speaker,1,3048.88,11,3048.88,282.02,488.43,3483.95,Debit Card,Delivered,Same Day,Mobile App,LOYALTY5,South,1
60245651,891712,01-11-2025,Electronics,Noise Cancelling Headphones,3,8921.19,7,26763.56,155.62,4480.22,29525.95,Wallet,Delivered,Next Day,Website,,North,2
60252057,393562,29-07-2025,Electronics,Noise Cancelling Headphones,2,8810.33,20,17620.67,13.25,2537.38,16647.17,Credit Card,Processin,Standard,Website,,West,
60271574,459466,26-04-2025,Fashion,Backpack,2,2062.75,16,4125.5,49.8,415.85,3931.07,UPI,Delivered,Express,Mobile App,,South,3
60305250,361664,30-01-2024,Fashion,Running Shoes,1,4396.82,26,4396.82,151.09,390.44,3795.18,Wallet,Processin,Next Day,Mobile App,APPONLY10,South,
60315859,360097,09-11-2024,Grocery,Protein Cereal,4,702.61,28,2810.46,154.25,101.18,2278.96,Debit Card,Shipped,Next Day,Website,,East,
60326919,217513,30-04-2025,Books,Exam Preparation Book,2,979.74,0,1959.49,302.22,97.97,2359.68,UPI,Delivered,Same Day,Website,SAVE20,North,1
60333050,751689,05-02-2025,Electronics,Mechanical Keyboard,1,4593.58,1,4593.58,3.38,818.58,5369.6,Cash on Delivery,Delivered,Standard,Mobile App,,West,5
60334346,717362,02-08-2025,Sports & Fitness,Cricket Bat,2,4117.93,5,8235.87,0,1408.33,9232.41,UPI,Shipped,Standard,Website,FREESHIP,East,
60402643,874750,30-06-2025,Books,Personal Finance Guide,3,745.28,11,2235.83,80.33,99.49,2169.71,UPI,Returned,Standard,Website,LOYALTY5,West,
60408217,701235,07-06-2025,Electronics,Wireless Earbuds,2,2527.56,10,5055.12,11.59,818.93,5380.13,Credit Card,Returned,Standard,Website,,North,
60501571,146800,18-06-2025,Home & Kitchen,Mixer Grinder,4,4777.2,0,19108.81,59.56,3439.59,22607.96,Cash on Delivery,Delivered,Express,Mobile App,,South,4
60545209,602650,25-07-2025,Fashion,Women’s Kurta,2,1588.96,6,3177.92,101.49,358.47,3447.2,Net Banking,Shipped,Express,Mobile App,,West,
60556245,132368,29-06-2025,Home & Kitchen,Bedsheet Set,1,1770.96,0,1770.96,71.9,318.77,2161.63,Cash on Delivery,Delivered,Express,Marketplace,,West,3
60556777,513727,08-11-2024,Fashion,Running Shoes,1,3971.68,11,3971.68,88.11,424.18,4047.09,Credit Card,Delivered,Express,Website,,East,3
60561842,731007,28-05-2025,Electronics,Mechanical Keyboard,3,4421.3,21,13263.91,26.93,1886.13,12391.55,Credit Card,Delivered,Standard,Website,,South,5
60564398,108961,22-08-2024,Electronics,1080p Webcam,1,3494.65,0,3494.65,103.16,629.04,4226.85,Debit Card,Delivered,Next Day,Website,WELCOME10,South,2
60609166,572377,05-09-2024,Grocery,Protein Cereal,4,601.55,25,2406.18,111.41,90.23,2006.28,Credit Card,Delivered,Express,Mobile App,APPONLY10,South,3
60612041,217513,10-10-2024,Electronics,Smartwatch,2,5776.33,12,11552.67,38.02,1829.94,12034.31,UPI,Delivered,Standard,Mobile App,LOYALTY5,West,5
60627797,798628,31-01-2025,Fashion,Cotton T-Shirt,2,926.4,21,1852.81,114.41,175.65,1753.78,Wallet,Processin,Express,Website,FREESHIP,South,
60629271,292070,11-08-2024,Electronics,Power Bank,2,1623.53,1,3247.06,0,578.63,3793.22,Credit Card,Cancelled,Pickup Point,Website,,South,
60642578,192903,16-08-2025,Home & Kitchen,Table Lamp,1,1397.55,26,1397.55,51.93,186.15,1272.27,Debit Card,Delivered,Standard,Mobile App,LOYALTY5,North,5
60648247,869164,05-02-2024,Sports & Fitness,Sports Shoes,2,3293.38,12,6586.75,15.08,1043.34,6854.76,UPI,Delivered,Standard,Website,,South,5
60682771,682946,24-10-2024,Books,Personal Finance Guide,4,746.85,17,2987.38,57.33,123.98,2660.84,Debit Card,Confirmed,Standard,Marketplace,,East,
60686928,506330,12-12-2025,Beauty & Personal Care,Sunscreen SPF 50,4,906.28,3,3625.11,127.7,632.94,4277,Cash on Delivery,Delivered,Express,Marketplace,,West,3
60720235,572156,28-09-2025,Home & Kitchen,Air Fryer,3,7233.03,5,21699.09,0,3710.55,24324.69,UPI,Delivered,Pickup Point,Mobile App,,West,5
60721048,604653,17-10-2025,Home & Kitchen,Mixer Grinder,5,5387.62,12,26938.09,173.87,4266.99,28146.38,UPI,Delivered,Next Day,Marketplace,,West,2
60733694,970553,20-11-2024,Grocery,Protein Cereal,3,582.25,26,1746.75,37.17,64.63,1394.39,UPI,Delivered,Pickup Point,Mobile App,WELCOME10,East,5
60734307,949521,29-11-2025,Home & Kitchen,Non-Stick Cookware Set,2,5727.78,3,11455.57,0,2000.14,13112.04,UPI,Delivered,Pickup Point,Mobile App,WELCOME10,East,5
60741306,745205,02-11-2024,Home & Kitchen,Non-Stick Cookware Set,2,5725.08,6,11450.15,11.32,1937.37,12711.83,Credit Card,Delivered,Standard,Mobile App,,Central,5
60755219,457808,06-11-2024,Fashion,Casual Shirt,1,1935.63,20,1935.63,185.88,185.82,1920.2,Cash on Delivery,Cancelled,Next Day,Mobile App,APPONLY10,Central,
60756190,671644,27-12-2024,Grocery,Premium Coffee,3,651.87,9,1955.61,37.45,88.98,1906.04,Credit Card,Shipped,Standard,Mobile App,,South,
60763936,830489,20-09-2025,Home & Kitchen,Electric Kettle,4,1863.44,11,7453.76,31.73,1194.09,7859.67,Debit Card,Delivered,Standard,Marketplace,,South,5
60818584,738812,18-08-2024,Sports & Fitness,Dumbbell Set,2,3294.14,1,6588.28,37.67,1174.03,7734.1,Cash on Delivery,Cancelled,Standard,Mobile App,,West,
60821042,338179,13-11-2024,Electronics,Wireless Earbuds,4,2647.18,2,10588.72,17.45,1867.85,12262.25,UPI,Delivered,Standard,Marketplace,LOYALTY5,East,5
60859312,939766,18-07-2024,Grocery,Dry Fruits 500g,5,751.63,6,3758.15,0,176.63,3709.29,UPI,Delivered,Standard,Mobile App,WELCOME10,South,5
60881137,371899,06-09-2024,Beauty & Personal Care,Moisturizer,2,764.52,0,1529.04,116.33,275.23,1920.6,Net Banking,Returned,Express,Website,,North,
60881594,930111,24-08-2024,Electronics,Wireless Earbuds,3,2334.13,15,7002.39,0,1071.37,7023.4,Net Banking,Delivered,Pickup Point,Mobile App,FREESHIP,West,5
60898317,635748,09-02-2025,Sports & Fitness,Cricket Bat,2,3981.1,1,7962.2,21.15,1418.86,9322.59,Debit Card,Delivered,Standard,Marketplace,FESTIVE15,East,5
60904668,704565,20-01-2024,Beauty & Personal Care,Lipstick,1,746.61,10,746.61,51.14,120.95,844.04,Credit Card,Delivered,Standard,Mobile App,LOYALTY5,Central,6
60961252,338179,31-05-2024,Sports & Fitness,Gym Bag,3,1788.8,12,5366.41,70.82,850.04,5643.3,Net Banking,Returned,Express,Mobile App,,South,
60965035,760624,18-11-2024,Grocery,Green Tea,3,426.16,3,1278.48,52.19,62.01,1354.33,Credit Card,Delivered,Standard,Website,,West,5
61002969,402445,22-09-2025,Fashion,Cotton T-Shirt,3,841.75,1,2525.25,90.1,300,2890.1,Net Banking,Returned,Standard,Website,FREESHIP,North,
61004191,292070,12-01-2025,Home & Kitchen,Water Bottle,2,1054.53,11,2109.06,34.06,337.87,2248.99,Debit Card,Delivered,Pickup Point,Website,FREESHIP,East,5
61021242,262903,04-11-2025,Electronics,Smartwatch,3,5535.96,4,16607.88,42.21,2869.84,18855.61,UPI,Delivered,Standard,Mobile App,,Central,5
61021759,615369,01-09-2024,Fashion,Denim Jeans,3,2453.34,0,7360.02,68.56,883.2,8311.78,UPI,Delivered,Express,Website,,West,3
61088170,569778,04-05-2024,Beauty & Personal Care,Lipstick,1,759.96,1,759.96,85.6,135.42,973.38,UPI,Shipped,Standard,Mobile App,FREESHIP,East,
61143963,277727,18-11-2024,Beauty & Personal Care,Hair Dryer,5,2967.46,8,14837.31,85.38,2457.06,16192.77,Cash on Delivery,Delivered,Express,Marketplace,,South,3
61159174,930111,24-07-2025,Books,Fiction Bestseller,5,563.52,0,2817.59,93.62,140.88,3052.09,UPI,Delivered,Standard,Mobile App,FREESHIP,Central,5
61208200,682946,24-12-2024,Fashion,Casual Shirt,5,1788.93,2,8944.63,125.34,1051.89,9942.97,UPI,Delivered,Next Day,Mobile App,LOYALTY5,Central,2
61220196,847417,10-06-2024,Electronics,USB-C Hub,1,2176.85,12,2176.85,134.92,344.81,2395.36,UPI,Delivered,Express,Website,WELCOME10,North,5
61286810,117620,20-04-2024,Books,Data Analytics Handbook,2,944.09,0,1888.19,55.29,94.41,2037.89,UPI,Delivered,Standard,Marketplace,,Central,5
61328701,553819,30-01-2024,Sports & Fitness,Sports Shoes,2,2943.79,6,5887.58,56.59,996.18,6587.1,Credit Card,Delivered,Express,Website,APPONLY10,North,3
61343411,615369,07-09-2024,Sports & Fitness,Dumbbell Set,1,3124.33,10,3124.33,39.73,506.14,3357.77,Cash on Delivery,Cancelled,Pickup Point,Mobile App,,East,
61345624,477682,30-06-2025,Grocery,Green Tea,3,468.48,26,1405.43,51.55,52,1143.57,Credit Card,Delivered,Standard,Mobile App,,East,5
61362359,701235,27-03-2024,Home & Kitchen,Air Fryer,1,7635.68,15,7635.68,80.53,1168.26,7739.12,Credit Card,Delivered,Express,Mobile App,LOYALTY5,West,3
61375304,595211,26-09-2024,Home & Kitchen,Air Fryer,3,6586.7,1,19760.09,52.34,3521.25,23136.08,UPI,Delivered,Standard,Website,LOYALTY5,South,5
61395520,196350,29-12-2024,Grocery,Organic Rice 5kg,4,757.61,7,3030.45,75.19,140.92,3034.43,Net Banking,Shipped,Standard,Mobile App,LOYALTY5,South,
61397039,636319,26-09-2025,Fashion,Hoodie,3,2218.3,16,6654.91,194.92,670.81,6455.85,Cash on Delivery,Delivered,Next Day,Mobile App,,North,2
61409625,611808,22-09-2025,Grocery,Green Tea,4,399.37,5,1597.47,49.16,75.88,1642.64,Wallet,Delivered,Pickup Point,Mobile App,,South,5
61429313,352296,08-09-2025,Fashion,Denim Jeans,1,2409.33,10,2409.33,69.95,260.21,2498.56,Credit Card,Delivered,Standard,Marketplace,,South,5
61430323,172816,10-11-2025,Sports & Fitness,Sports Shoes,1,3184.54,20,3184.54,60.49,458.57,3066.69,Wallet,Delivered,Standard,Marketplace,,South,5
61433864,210506,04-09-2024,Home & Kitchen,Mixer Grinder,2,4768.25,5,9536.5,27.44,1630.74,10717.86,UPI,Delivered,Standard,Mobile App,,South,5
61444796,415392,26-10-2024,Fashion,Backpack,2,2510.74,8,5021.47,64.31,554.37,5238.43,Net Banking,Returned,Express,Marketplace,,South,
61449173,590308,17-04-2025,Books,Personal Finance Guide,1,769.24,20,769.24,115.01,30.77,761.17,Wallet,Delivered,Express,Marketplace,,Central,3
61462066,989045,13-06-2024,Home & Kitchen,Table Lamp,1,1557.05,16,1557.05,79.5,235.43,1622.85,Credit Card,Delivered,Standard,Website,,Central,5
61466344,360097,07-04-2025,Fashion,Casual Shirt,2,1712.33,1,3424.66,45.92,406.85,3843.18,UPI,Delivered,Express,Mobile App,,West,3
61504527,392962,25-08-2025,Sports & Fitness,Cricket Bat,1,4423.27,7,4423.27,25.14,740.46,4879.24,UPI,Delivered,Standard,Marketplace,,South,5
61505476,726894,24-02-2024,Books,Personal Finance Guide,3,765.28,26,2295.83,158.78,84.95,1942.64,UPI,Delivered,Express,Mobile App,WELCOME10,Central,3
61507168,985217,22-07-2025,Fashion,Casual Shirt,3,1845.59,15,5536.77,49.14,564.75,5320.14,Cash on Delivery,Delivered,Express,Mobile App,,South,4
61518574,545331,13-10-2024,Books,Exam Preparation Book,5,1082.92,21,5414.62,43.33,213.88,4534.76,UPI,Shipped,Standard,Marketplace,LOYALTY5,North,
61521167,735875,11-11-2024,Beauty & Personal Care,Moisturizer,1,659.48,7,659.48,66.85,110.4,790.57,UPI,Delivered,Standard,Marketplace,,South,6
61547921,111790,06-11-2024,Electronics,Bluetooth Speaker,2,3455.67,22,6911.34,40.97,970.35,6402.17,Wallet,Delivered,Standard,Website,,South,6
61585260,623496,31-10-2025,Electronics,Bluetooth Speaker,2,3426.39,5,6852.79,0,1171.83,7681.98,UPI,Delivered,Pickup Point,Website,FREESHIP,West,5
61594349,193934,23-11-2025,Fashion,Hoodie,2,2210.55,3,4421.09,216.78,514.62,5019.86,UPI,Delivered,Same Day,Mobile App,FREESHIP,Central,1
61596472,453000,02-03-2024,Fashion,Backpack,2,2323.29,11,4646.57,26.98,496.25,4658.68,UPI,Returned,Standard,Mobile App,,South,
61608795,930111,01-07-2024,Books,Business Strategy Book,2,625.73,10,1251.45,68.4,56.32,1251.03,UPI,Cancelled,Standard,Mobile App,FREESHIP,West,
61611052,398690,13-11-2025,Fashion,Women’s Kurta,2,1725.79,16,3451.58,103.92,347.92,3351.17,Credit Card,Delivered,Standard,Marketplace,LOYALTY5,South,5
61618916,999413,21-04-2024,Home & Kitchen,Electric Kettle,1,2018.35,21,2018.35,49.84,287.01,1931.35,Debit Card,Returned,Standard,Website,,North,
61652758,240369,07-09-2024,Electronics,Mechanical Keyboard,2,4296.38,10,8592.76,28.47,1392.03,9153.98,Credit Card,Delivered,Standard,Marketplace,,South,7
61666190,837604,28-01-2025,Electronics,1080p Webcam,3,3567.88,11,10703.65,81.79,1714.72,11322.76,UPI,Delivered,Express,Mobile App,SAVE20,East,3
61671239,450368,12-10-2024,Grocery,Snack Assortment,3,496.59,10,1489.78,33.18,67.04,1441.02,Wallet,Shipped,Standard,Mobile App,,Central,
61678398,360097,22-05-2025,Fashion,Running Shoes,2,3662.71,26,7325.42,250.53,650.5,6321.84,Cash on Delivery,Cancelled,Same Day,Website,,West,
61737109,453000,03-09-2025,Fashion,Cotton T-Shirt,3,885.62,11,2656.86,31.38,283.75,2679.74,Debit Card,Shipped,Pickup Point,Mobile App,,East,
61742671,529594,11-11-2025,Fashion,Running Shoes,1,3965.71,27,3965.71,85.25,347.4,3327.62,UPI,Delivered,Express,Mobile App,SAVE20,West,4
61756049,717362,11-07-2024,Home & Kitchen,Electric Kettle,3,1840.98,15,5522.95,0,845.01,5539.52,Credit Card,Delivered,Pickup Point,Website,,Central,5
61758902,897009,12-05-2024,Beauty & Personal Care,Shampoo,1,706.44,1,706.44,28.75,125.89,854.02,Net Banking,Delivered,Standard,Website,,Central,6
61769857,393562,11-12-2024,Electronics,Power Bank,3,1761.53,5,5284.6,113.44,903.67,6037.48,Net Banking,Delivered,Express,Website,,North,3
61770469,663897,11-09-2024,Fashion,Backpack,2,2384.85,5,4769.7,27.44,543.75,5102.41,Wallet,Delivered,Standard,Mobile App,LOYALTY5,West,5
61772678,705771,20-12-2025,Fashion,Backpack,2,2117.8,10,4235.59,23.09,457.44,4292.56,Net Banking,Shipped,Standard,Marketplace,FREESHIP,East,
61776699,569791,21-12-2025,Home & Kitchen,Non-Stick Cookware Set,2,5555.79,21,11111.59,65.52,1580.07,10423.75,Credit Card,Delivered,Express,Mobile App,WELCOME10,West,3
61803862,974498,15-09-2024,Electronics,Smartwatch,1,6141.04,21,6141.04,40.46,873.26,5765.14,Wallet,Delivered,Standard,Website,LOYALTY5,West,5
61806246,900979,05-08-2024,Beauty & Personal Care,Lipstick,4,809.42,1,3237.67,19.77,576.95,3802.01,Cash on Delivery,Delivered,Standard,Marketplace,WELCOME10,East,7
61819358,953964,14-11-2024,Home & Kitchen,Water Bottle,1,1055.06,6,1055.06,58.54,178.52,1228.82,Cash on Delivery,Returned,Standard,Website,,North,
61830085,966122,16-10-2025,Grocery,Olive Oil 1L,6,892.12,21,5352.71,12.52,211.43,4452.59,Cash on Delivery,Delivered,Standard,Mobile App,,West,5
61841001,950849,22-10-2025,Home & Kitchen,Non-Stick Cookware Set,4,5650.49,8,22601.95,29.72,3742.88,24566.39,Net Banking,Delivered,Standard,Website,WELCOME10,North,5
61861295,872600,23-04-2025,Home & Kitchen,Air Fryer,1,6555.74,25,6555.74,0,885.02,5801.82,Debit Card,Cancelled,Standard,Marketplace,,West,
61877179,670988,02-11-2024,Beauty & Personal Care,Hair Dryer,2,3126.57,5,6253.14,26.75,1069.29,7036.52,Credit Card,Delivered,Standard,Mobile App,LOYALTY5,West,5
61887594,803960,24-03-2025,Grocery,Organic Rice 5kg,3,683.2,10,2049.61,70.19,92.23,2007.07,Net Banking,Delivered,Standard,Website,FESTIVE15,North,5
61891276,672334,22-06-2025,Grocery,Premium Coffee,5,663.51,25,3317.56,52.81,124.41,2665.39,UPI,Delivered,Standard,Website,,North,5
61906841,798962,06-03-2024,Home & Kitchen,Non-Stick Cookware Set,2,5275.33,16,10550.65,0,1595.26,10457.81,Credit Card,Delivered,Standard,Mobile App,LOYALTY5,South,5
61907093,146800,25-07-2024,Home & Kitchen,Non-Stick Cookware Set,1,5942.22,0,5942.22,15.31,1069.6,7027.13,UPI,Delivered,Standard,Website,,West,6
61936956,949856,14-09-2024,Grocery,Protein Cereal,2,559.68,16,1119.36,225.54,47.01,1212.81,Cash on Delivery,Delivered,Next Day,Mobile App,,Central,2
61962489,602650,16-12-2025,Grocery,Snack Assortment,3,491.78,11,1475.34,164.95,65.65,1543.65,Credit Card,Processin,Next Day,Marketplace,FESTIVE15,West,
61967077,967182,23-01-2025,Electronics,Bluetooth Speaker,1,3204.35,1,3204.35,165.03,571.02,3908.36,Debit Card,Delivered,Next Day,Website,,East,2
61973064,870688,25-02-2025,Home & Kitchen,Electric Kettle,3,2030.12,21,6090.36,19,866.05,5696.43,UPI,Delivered,Pickup Point,Website,,North,5
61978089,121516,27-11-2024,Beauty & Personal Care,Hair Dryer,2,2950.82,13,5901.64,66.4,924.2,6125.03,Net Banking,Shipped,Express,Mobile App,,Central,
62039686,288257,15-09-2024,Electronics,USB-C Hub,4,2263.84,5,9055.38,192.87,1548.47,10343.95,UPI,Delivered,Same Day,Website,APPONLY10,South,1
62059720,216247,09-04-2025,Grocery,Green Tea,2,388.61,11,777.22,35.32,34.59,761.64,UPI,Delivered,Pickup Point,Mobile App,,North,5
62106657,726019,12-11-2025,Electronics,Smartwatch,1,5966.18,18,5966.18,28.72,880.61,5801.6,Wallet,Delivered,Standard,Website,WELCOME10,West,5
62132955,924729,12-01-2025,Grocery,Dry Fruits 500g,3,880.28,15,2640.84,62.68,112.24,2419.63,UPI,Delivered,Standard,Website,WELCOME10,West,5
62139204,218174,23-05-2024,Fashion,Running Shoes,1,4111.6,21,4111.6,41.6,389.78,3679.54,Credit Card,Delivered,Standard,Website,,South,5
62141186,350814,09-08-2024,Fashion,Casual Shirt,3,1955.78,6,5867.33,0,661.83,6177.12,Net Banking,Returned,Standard,Website,,South,
62167292,196350,26-08-2025,Electronics,1080p Webcam,3,3833.92,2,11501.75,59.69,2028.91,13360.31,Net Banking,Delivered,Express,Website,APPONLY10,East,3
62169450,820962,05-09-2025,Fashion,Casual Shirt,2,1699.95,11,3399.9,108.56,363.11,3497.58,UPI,Delivered,Next Day,Website,WELCOME10,East,2
62176955,989803,14-08-2025,Home & Kitchen,Storage Organizer,3,921.14,6,2763.42,82.21,467.57,3147.39,UPI,Delivered,Express,Mobile App,,South,3
62181176,808385,12-04-2025,Fashion,Hoodie,2,2359.95,0,4719.89,106.48,566.39,5392.76,Wallet,Delivered,Express,Website,LOYALTY5,South,3
62183346,772499,18-01-2025,Fashion,Sunglasses,5,1283.77,6,6418.83,110.09,724.04,6867.83,Credit Card,Delivered,Next Day,Website,,East,2
62197817,701235,20-04-2025,Fashion,Backpack,2,2135.08,0,4270.15,32.72,512.42,4815.29,Credit Card,Delivered,Standard,Website,,North,7
62205273,794638,28-11-2025,Home & Kitchen,Storage Organizer,4,924.96,20,3699.84,43.92,532.78,3536.57,Wallet,Delivered,Pickup Point,Mobile App,,East,6
62238511,108459,14-02-2024,Grocery,Green Tea,2,452.44,6,904.88,51.15,42.53,944.27,Net Banking,Delivered,Standard,Mobile App,,South,5
62242747,121516,13-03-2025,Books,Data Analytics Handbook,5,981.15,11,4905.73,23.83,218.31,4608.24,Debit Card,Shipped,Standard,Website,LOYALTY5,West,
62247831,350814,09-03-2025,Fashion,Hoodie,1,2130.86,1,2130.86,103.48,253.15,2466.18,Credit Card,Cancelled,Express,Website,,East,
62255252,453000,03-03-2024,Beauty & Personal Care,Face Serum,2,1243.27,1,2486.54,52.94,443.1,2957.71,Wallet,Delivered,Pickup Point,Mobile App,,South,5
62270809,754071,06-12-2024,Electronics,Power Bank,1,1523.4,13,1523.4,45.42,238.56,1609.34,UPI,Delivered,Standard,Marketplace,FESTIVE15,South,7
62319094,949521,24-05-2024,Books,Business Strategy Book,2,707.35,1,1414.7,66.1,70.03,1536.68,Wallet,Shipped,Standard,Mobile App,,East,
62349048,453000,18-10-2025,Home & Kitchen,Non-Stick Cookware Set,3,5640.47,6,16921.42,43.67,2863.1,18812.9,UPI,Delivered,Standard,Website,LOYALTY5,South,5
62407720,360097,15-11-2025,Home & Kitchen,Electric Kettle,1,1951.78,6,1951.78,70.53,330.24,2235.44,Credit Card,Shipped,Standard,Mobile App,,South,
62430034,953964,03-03-2024,Fashion,Denim Jeans,3,2655.2,11,7965.59,51.95,850.73,7992.06,Wallet,Delivered,Standard,Mobile App,,South,5
62443271,666114,23-11-2025,Fashion,Hoodie,1,2108.86,2,2108.86,65.94,248,2380.62,Credit Card,Delivered,Standard,Mobile App,,North,5
62455469,846202,21-11-2024,Fashion,Sunglasses,1,1387.54,11,1387.54,95.41,148.19,1478.51,UPI,Shipped,Express,Website,,North,
62460701,706997,20-08-2024,Electronics,Noise Cancelling Headphones,2,9063.89,11,18127.79,141.3,2904.07,19179.1,Net Banking,Delivered,Next Day,Marketplace,FESTIVE15,West,2
62470400,930111,12-09-2024,Sports & Fitness,Fitness Resistance Bands,3,1117.99,5,3353.98,49.02,573.53,3808.83,Cash on Delivery,Delivered,Standard,Mobile App,LOYALTY5,West,5
62490600,870085,28-02-2025,Beauty & Personal Care,Sunscreen SPF 50,2,791.95,17,1583.89,17.98,236.63,1569.24,Credit Card,Delivered,Pickup Point,Mobile App,LOYALTY5,Central,6
62504053,453000,22-11-2024,Electronics,USB-C Hub,1,2233.95,21,2233.95,93.09,317.67,2175.58,Wallet,Delivered,Standard,Website,,East,5
62507074,181485,08-02-2024,Sports & Fitness,Sports Shoes,2,3415.16,10,6830.32,0,1106.51,7253.8,Credit Card,Processin,Standard,Marketplace,SAVE20,South,
62512883,644428,13-12-2024,Fashion,Denim Jeans,2,2506.07,11,5012.13,95.77,535.3,5091.87,UPI,Delivered,Express,Mobile App,,West,3
62532675,371143,10-11-2024,Electronics,Wireless Earbuds,2,2212.75,5,4425.51,66.85,756.76,5027.84,Wallet,Delivered,Standard,Mobile App,,North,5
62535198,311051,19-08-2024,Electronics,Mechanical Keyboard,1,4546.17,12,4546.17,82.56,720.11,4803.3,UPI,Confirmed,Standard,Website,,East,
62538734,930111,21-03-2025,Electronics,USB-C Hub,2,2184.03,10,4368.06,0,707.62,4638.87,Credit Card,Delivered,Pickup Point,Mobile App,,South,5
62558019,243325,13-10-2025,Fashion,Sunglasses,1,1502.03,3,1502.03,183.52,174.84,1815.33,Credit Card,Delivered,Next Day,Marketplace,,East,2
62571716,192967,01-03-2024,Electronics,USB-C Hub,2,1965.13,10,3930.27,20.47,636.7,4194.41,Debit Card,Delivered,Express,Mobile App,FESTIVE15,South,3
62600802,966122,09-11-2024,Electronics,Smartwatch,2,6212.6,11,12425.2,36.95,1990.52,13085.9,Cash on Delivery,Delivered,Express,Website,,East,3
62625254,150522,22-07-2024,Books,Fiction Bestseller,3,629.03,20,1887.1,28.26,75.48,1613.42,Credit Card,Delivered,Pickup Point,Mobile App,LOYALTY5,South,5
62632258,804133,01-11-2024,Home & Kitchen,Non-Stick Cookware Set,2,6291.34,0,12582.68,0,2264.88,14847.56,Credit Card,Delivered,Pickup Point,Website,APPONLY10,East,5
62653346,192903,22-04-2025,Books,Fiction Bestseller,3,638.2,16,1914.59,42.12,80.41,1730.79,Credit Card,Delivered,Standard,Website,,West,5
62692611,543715,22-06-2025,Sports & Fitness,Sports Shoes,3,3689.92,16,11069.76,0,1673.75,10972.35,Debit Card,Delivered,Standard,Marketplace,,South,5
62760173,710236,03-03-2024,Beauty & Personal Care,Sunscreen SPF 50,3,908.77,5,2726.31,240.36,466.2,3296.55,UPI,Delivered,Same Day,Marketplace,APPONLY10,South,3
62763459,419667,31-01-2025,Beauty & Personal Care,Lipstick,1,901.3,6,901.3,88.05,152.5,1087.77,UPI,Confirmed,Standard,Mobile App,,West,
62763888,934289,19-07-2025,Home & Kitchen,Table Lamp,4,1570.17,25,6280.7,0,847.89,5558.41,Debit Card,Delivered,Pickup Point,Mobile App,,West,5
62772789,108654,05-05-2024,Home & Kitchen,Non-Stick Cookware Set,2,6106.31,0,12212.63,132.55,2198.27,14543.45,UPI,Delivered,Next Day,Website,LOYALTY5,North,2
62786701,325495,20-12-2025,Fashion,Backpack,2,2214.98,15,4429.97,0,451.86,4217.33,Credit Card,Delivered,Pickup Point,Marketplace,,West,6
62810116,922983,14-11-2024,Sports & Fitness,Dumbbell Set,3,4094.24,10,12282.72,36.41,1989.8,13080.66,UPI,Returned,Express,Website,,Central,
62814450,287592,01-12-2025,Fashion,Running Shoes,3,3855.85,6,11567.56,21.82,1304.82,12200.15,UPI,Delivered,Standard,Website,SAVE20,East,6
62823148,216247,26-07-2024,Beauty & Personal Care,Face Serum,3,1392.08,1,4176.23,14.56,744.2,4893.23,UPI,Processin,Standard,Marketplace,,Central,
62895552,347406,04-09-2024,Grocery,Olive Oil 1L,2,920.1,5,1840.19,71.74,87.41,1907.33,UPI,Delivered,Standard,Mobile App,,East,5
63027323,786341,18-04-2024,Fashion,Sunglasses,4,1428.41,6,5713.62,0,644.5,6015.3,Debit Card,Delivered,Standard,Mobile App,,South,5
63051476,682946,05-10-2024,Fashion,Sunglasses,3,1197.92,12,3593.75,41.49,379.5,3583.49,UPI,Delivered,Standard,Mobile App,,South,5
63064242,273970,23-05-2024,Electronics,Bluetooth Speaker,4,3116.46,15,12465.85,46.78,1907.27,12550.02,Credit Card,Confirmed,Standard,Website,SAVE20,South,
63071768,416598,20-11-2024,Fashion,Women’s Kurta,1,1674.22,13,1674.22,97.79,174.79,1729.15,Cash on Delivery,Delivered,Express,Mobile App,,South,3
63085010,870085,22-06-2025,Electronics,Power Bank,1,1615.6,12,1615.6,77.39,255.91,1755.03,Credit Card,Delivered,Express,Website,,East,3
63112362,882469,07-04-2024,Fashion,Cotton T-Shirt,1,933.43,11,933.43,71.32,99.69,1001.76,Debit Card,Delivered,Standard,Mobile App,SAVE20,West,5
63123545,726894,04-11-2025,Grocery,Organic Rice 5kg,4,793.89,16,3175.57,70.17,133.37,2871.02,Credit Card,Delivered,Standard,Mobile App,,East,6
63194576,491942,26-12-2025,Fashion,Sunglasses,2,1237.24,16,2474.49,119.14,249.43,2447.14,Cash on Delivery,Delivered,Express,Mobile App,,West,3
63198552,600283,20-11-2024,Home & Kitchen,Non-Stick Cookware Set,1,5945.77,23,5945.77,124.5,824.08,5526.82,UPI,Delivered,Express,Website,FESTIVE15,North,3
63199117,446115,12-10-2024,Beauty & Personal Care,Lipstick,2,795.42,7,1590.84,25.98,266.31,1771.77,Wallet,Delivered,Standard,Website,WELCOME10,Central,5
63212283,811520,17-05-2025,Sports & Fitness,Yoga Mat,1,1302.3,1,1302.3,55.34,232.07,1576.69,Credit Card,Delivered,Standard,Mobile App,FREESHIP,East,5
63216995,338179,30-09-2024,Fashion,Cotton T-Shirt,2,1008.12,7,2016.25,92.58,225.01,2192.7,UPI,Delivered,Standard,Marketplace,,West,5
63218012,216247,03-04-2024,Fashion,Casual Shirt,1,1768.07,26,1768.07,67.05,157,1532.42,UPI,Delivered,Standard,Mobile App,WELCOME10,East,5
63225116,850062,15-11-2024,Fashion,Running Shoes,2,4221.81,21,8443.61,9.21,800.45,7480.11,Credit Card,Delivered,Standard,Mobile App,WELCOME10,South,5
63269938,469315,01-08-2025,Grocery,Green Tea,2,473.76,11,947.51,51.8,42.16,937.24,Debit Card,Delivered,Standard,Marketplace,APPONLY10,South,5
63275277,313677,08-11-2024,Grocery,Green Tea,2,442.31,6,884.62,27.54,41.58,900.66,Cash on Delivery,Cancelled,Pickup Point,Website,,North,
63282093,368895,12-04-2025,Grocery,Organic Rice 5kg,4,719.08,10,2876.33,65.52,129.44,2783.66,Debit Card,Confirmed,Standard,Website,,West,
63286226,156356,27-06-2024,Electronics,USB-C Hub,1,2301.86,6,2301.86,118.63,389.48,2671.86,Wallet,Cancelled,Express,Website,SAVE20,East,
63305404,350080,19-05-2024,Beauty & Personal Care,Perfume,3,2542.28,6,7626.85,8.12,1290.46,8467.82,Wallet,Shipped,Standard,Mobile App,,North,
63358926,754071,21-04-2025,Fashion,Hoodie,2,2199.04,11,4398.09,9.03,469.72,4393.05,UPI,Shipped,Standard,Website,FESTIVE15,North,
63363532,950712,02-02-2024,Electronics,Noise Cancelling Headphones,3,8568.17,16,25704.52,0,3886.52,25478.32,UPI,Delivered,Standard,Website,,West,6
63372362,870085,22-06-2025,Fashion,Sunglasses,3,1373.05,12,4119.14,137.71,434.98,4197.53,Cash on Delivery,Delivered,Next Day,Mobile App,,South,2
63419172,982501,22-07-2025,Fashion,Running Shoes,3,3902.23,5,11706.69,13.98,1334.56,12469.9,Debit Card,Delivered,Standard,Website,,South,5
63421129,349717,28-04-2025,Grocery,Green Tea,3,418.26,5,1254.79,43.62,59.6,1295.27,Debit Card,Delivered,Pickup Point,Website,,West,5
63426965,648746,16-11-2024,Electronics,Smartwatch,1,5785.87,27,5785.87,64,760.26,5047.95,Credit Card,Delivered,Express,Mobile App,FREESHIP,East,3
63427393,324969,24-10-2025,Beauty & Personal Care,Shampoo,3,736.31,13,2208.93,36.15,345.92,2303.84,UPI,Delivered,Pickup Point,Website,FESTIVE15,North,5
63529534,751689,12-08-2024,Grocery,Premium Coffee,2,667.23,1,1334.46,183.72,66.06,1570.9,Credit Card,Delivered,Same Day,Website,,South,1
63543838,442761,01-02-2025,Beauty & Personal Care,Lipstick,1,773.79,5,773.79,57.95,132.32,925.37,UPI,Delivered,Standard,Mobile App,SAVE20,Central,5
63599849,701235,10-11-2024,Home & Kitchen,Water Bottle,1,1020.27,15,1020.27,86.69,156.1,1110.02,Credit Card,Delivered,Standard,Mobile App,,East,5
63628058,598862,08-02-2025,Sports & Fitness,Fitness Resistance Bands,3,929.37,10,2788.11,173.59,451.67,3134.56,Wallet,Cancelled,Next Day,Mobile App,,South,
63631081,289404,21-08-2025,Electronics,Power Bank,1,1414.8,11,1414.8,89.51,226.65,1575.33,Credit Card,Delivered,Standard,Mobile App,,West,5
63632403,216247,04-10-2025,Electronics,Bluetooth Speaker,3,3606.99,3,10820.97,18.9,1889.34,12404.58,Cash on Delivery,Delivered,Standard,Mobile App,WELCOME10,North,5
63635542,947579,15-09-2025,Grocery,Dry Fruits 500g,8,842.83,16,6742.66,3.02,283.19,5950.04,Credit Card,Delivered,Standard,Website,,West,5
63637846,900979,21-05-2024,Beauty & Personal Care,Shampoo,1,649.83,16,649.83,114.22,98.25,758.33,Credit Card,Delivered,Express,Website,APPONLY10,West,5
63639906,796294,14-09-2025,Fashion,Backpack,2,2373.11,20,4746.23,198.43,455.64,4451.05,Debit Card,Delivered,Same Day,Marketplace,FESTIVE15,North,2
63647018,982086,02-09-2024,Home & Kitchen,Table Lamp,2,1487.64,16,2975.28,137.86,449.86,3086.96,Wallet,Delivered,Next Day,Mobile App,FESTIVE15,North,2
63661104,982501,05-01-2025,Books,Business Strategy Book,2,720.86,0,1441.73,52.74,72.09,1566.56,UPI,Returned,Pickup Point,Website,FREESHIP,North,
63661967,555489,11-11-2025,Electronics,Bluetooth Speaker,1,3383.71,11,3383.71,100.46,542.07,3654.03,UPI,Delivered,Express,Mobile App,SAVE20,North,3
63675515,870085,15-03-2024,Grocery,Snack Assortment,2,469.45,12,938.89,139.64,41.31,1007.17,UPI,Delivered,Next Day,Mobile App,FESTIVE15,North,2
63706236,347007,05-10-2024,Electronics,1080p Webcam,4,3686.18,2,14744.72,151.58,2600.97,17202.38,Wallet,Delivered,Next Day,Website,LOYALTY5,South,2
63781179,861740,21-12-2024,Fashion,Backpack,4,2568.87,12,10275.47,133.46,1085.09,10260.96,Credit Card,Delivered,Express,Mobile App,,South,4
63787018,930111,08-02-2024,Grocery,Protein Cereal,4,580.99,15,2323.96,52.29,98.77,2126.43,Credit Card,Delivered,Standard,Website,,West,5
63837853,371899,04-07-2024,Home & Kitchen,Bedsheet Set,3,1841.21,25,5523.64,22.34,745.69,4910.76,Wallet,Delivered,Standard,Mobile App,FESTIVE15,West,5
63851233,156356,21-04-2025,Fashion,Sunglasses,2,1306.93,6,2613.87,84.72,294.84,2836.6,Net Banking,Delivered,Standard,Website,FREESHIP,West,5
63867060,934458,15-11-2025,Fashion,Backpack,2,2363.5,16,4727,48.06,476.48,4495.22,UPI,Delivered,Standard,Mobile App,LOYALTY5,East,5
63867169,360097,19-10-2025,Home & Kitchen,Bedsheet Set,3,1787.88,16,5363.64,53.5,810.98,5369.94,Debit Card,Delivered,Express,Mobile App,WELCOME10,Central,3
63876232,554476,14-11-2024,Grocery,Organic Rice 5kg,1,677.15,18,677.15,131.11,27.76,714.13,Credit Card,Shipped,Express,Mobile App,,Central,
63876318,193934,08-10-2024,Grocery,Snack Assortment,7,482.38,1,3376.68,38.38,167.15,3548.44,Cash on Delivery,Shipped,Standard,Mobile App,,South,
63878550,710236,18-04-2025,Home & Kitchen,Storage Organizer,2,911.3,25,1822.61,82.94,246.05,1695.95,Net Banking,Delivered,Standard,Mobile App,,West,5
63908475,210014,16-06-2024,Beauty & Personal Care,Moisturizer,2,732.11,0,1464.22,47.78,263.56,1775.56,Wallet,Delivered,Standard,Marketplace,,South,6
63940239,575698,02-07-2025,Home & Kitchen,Storage Organizer,1,836.91,11,836.91,78.33,134.07,957.25,Credit Card,Delivered,Express,Website,,South,3
63953592,529594,11-02-2024,Sports & Fitness,Gym Bag,2,2049.12,10,4098.25,103.72,663.92,4456.07,Credit Card,Delivered,Express,Website,,East,3
63954348,663897,19-12-2025,Home & Kitchen,Air Fryer,3,7572.14,20,22716.41,0,3271.16,21444.29,Debit Card,Delivered,Pickup Point,Marketplace,,South,5
63963365,806629,18-08-2025,Beauty & Personal Care,Hair Dryer,2,3112.37,0,6224.75,140.33,1120.46,7485.54,Net Banking,Delivered,Next Day,Mobile App,FREESHIP,Central,2
64015678,289404,25-03-2025,Grocery,Green Tea,5,433.47,1,2167.37,98.85,107.28,2351.83,UPI,Delivered,Express,Mobile App,,West,3
64018844,542719,16-10-2024,Grocery,Olive Oil 1L,6,818.21,2,4909.24,9.88,240.55,5061.49,Credit Card,Delivered,Pickup Point,Website,,West,5
64041379,145887,22-06-2025,Sports & Fitness,Cricket Bat,1,4805.96,21,4805.96,68.18,683.41,4548.3,Debit Card,Delivered,Express,Website,,Central,4
64075209,453000,09-04-2024,Fashion,Sunglasses,4,1205.24,21,4820.95,49.65,457.03,4315.23,Credit Card,Shipped,Express,Mobile App,,Central,
64092597,606265,01-01-2024,Fashion,Sunglasses,4,1352.31,10,5409.25,66.17,584.2,5518.7,Debit Card,Delivered,Standard,Website,APPONLY10,East,7
64105064,204535,14-09-2025,Beauty & Personal Care,Moisturizer,1,728.07,16,728.07,78.68,110.08,800.34,Credit Card,Processin,Standard,Marketplace,SAVE20,South,
64125390,101742,22-08-2024,Beauty & Personal Care,Shampoo,2,771.93,0,1543.86,44,277.89,1865.75,UPI,Delivered,Pickup Point,Mobile App,,North,5
64145712,533590,17-02-2024,Electronics,Power Bank,1,1812.13,10,1812.13,184.13,293.57,2108.62,Credit Card,Delivered,Next Day,Mobile App,,West,2
64185051,742541,08-07-2025,Books,Fiction Bestseller,2,598.65,21,1197.3,88.89,47.29,1082.05,Debit Card,Returned,Standard,Mobile App,,South,
64186915,962264,10-04-2024,Grocery,Snack Assortment,2,487.33,1,974.66,64.97,48.25,1078.13,UPI,Delivered,Standard,Mobile App,,North,5
64187154,689987,13-07-2024,Fashion,Casual Shirt,1,1871.32,16,1871.32,68.88,188.63,1829.42,Debit Card,Delivered,Standard,Website,WELCOME10,North,5
64191275,710236,21-02-2024,Books,Fiction Bestseller,2,580.96,0,1161.92,54.75,58.1,1274.77,Debit Card,Delivered,Standard,Website,,Central,5
64201812,682946,01-04-2025,Sports & Fitness,Sports Shoes,4,3179.06,17,12716.22,14.26,1899.8,12468.52,Credit Card,Delivered,Standard,Mobile App,FREESHIP,South,5
64216269,319368,01-07-2025,Books,Fiction Bestseller,1,611.79,10,611.79,106.09,27.53,684.23,Debit Card,Delivered,Express,Mobile App,,West,3
64254748,192903,21-08-2025,Books,Personal Finance Guide,4,720.63,16,2882.52,54.68,121.07,2597.07,UPI,Processin,Standard,Mobile App,FESTIVE15,Central,
64295519,453000,24-06-2024,Beauty & Personal Care,Shampoo,2,783.62,26,1567.24,88.49,208.76,1457.01,Credit Card,Delivered,Standard,Mobile App,,South,6
64297946,477682,06-06-2024,Home & Kitchen,Electric Kettle,3,2145.54,1,6436.63,0,1147.01,7519.27,UPI,Delivered,Standard,Website,,North,5
64300710,210506,09-09-2025,Electronics,1080p Webcam,2,3818.1,0,7636.2,36.83,1374.52,9047.55,UPI,Shipped,Standard,Mobile App,,North,
64305286,760624,04-12-2024,Grocery,Dry Fruits 500g,3,828.89,3,2486.66,44.78,120.6,2577.44,Debit Card,Delivered,Standard,Website,,West,5
64307231,651709,31-10-2025,Home & Kitchen,Bedsheet Set,1,1922.16,23,1922.16,36.17,266.41,1782.64,UPI,Shipped,Pickup Point,Mobile App,,West,
64309735,924729,03-11-2024,Home & Kitchen,Electric Kettle,2,2091.79,2,4183.57,47.88,737.98,4885.76,Debit Card,Delivered,Standard,Website,,South,5
64333876,830489,17-06-2024,Home & Kitchen,Non-Stick Cookware Set,1,5838.71,1,5838.71,104.45,1040.46,6925.23,UPI,Delivered,Express,Website,,South,4
64350060,982501,25-11-2025,Electronics,Mechanical Keyboard,3,4147.85,2,12443.55,40.56,2195.04,14430.28,UPI,Delivered,Standard,Marketplace,,Central,5
64361776,555489,12-12-2024,Grocery,Olive Oil 1L,2,1004.77,21,2009.54,33.72,79.38,1700.64,UPI,Delivered,Pickup Point,Mobile App,,East,5
64368362,289404,08-12-2025,Fashion,Backpack,1,2157.75,6,2157.75,108.59,243.39,2380.27,Debit Card,Delivered,Express,Mobile App,,East,3
64389310,529767,02-11-2024,Books,Personal Finance Guide,4,766.97,21,3067.87,213.14,121.18,2757.94,Credit Card,Shipped,Next Day,Mobile App,,South,
64398539,313677,13-04-2024,Grocery,Olive Oil 1L,4,935.51,21,3742.04,134.42,147.81,3238.44,Credit Card,Cancelled,Express,Mobile App,FREESHIP,North,
64409587,599639,16-11-2025,Sports & Fitness,Dumbbell Set,4,3310.15,8,13240.59,81.25,2192.64,14455.23,Debit Card,Delivered,Express,Website,,South,3
64472670,753025,07-12-2025,Fashion,Running Shoes,5,4211.8,23,21059,21.28,1945.85,18182.56,Net Banking,Delivered,Standard,Website,,West,5
64476923,168793,25-02-2024,Fashion,Denim Jeans,3,2332.28,0,6996.85,161.48,839.62,7997.95,Net Banking,Delivered,Next Day,Website,,South,2
64482706,390210,19-04-2025,Fashion,Backpack,1,2424.39,11,2424.39,55.43,258.93,2472.07,UPI,Delivered,Standard,Mobile App,FESTIVE15,South,5
64498384,971454,14-02-2025,Home & Kitchen,Electric Kettle,3,2059.82,10,6179.47,29.66,1001.07,6592.25,UPI,Delivered,Standard,Website,,North,5
64547457,934458,01-10-2025,Electronics,Power Bank,2,1598.78,21,3197.57,117.75,454.69,3098.52,Wallet,Delivered,Express,Mobile App,FESTIVE15,West,3
64568609,469900,16-07-2025,Electronics,Wireless Earbuds,3,2507.1,6,7521.31,0,1272.61,8342.64,UPI,Confirmed,Standard,Mobile App,,Central,
64618315,726019,29-02-2024,Sports & Fitness,Fitness Resistance Bands,3,973.41,6,2920.22,148.07,494.1,3387.18,Credit Card,Delivered,Express,Mobile App,,East,3
64618776,270432,02-12-2024,Home & Kitchen,Electric Kettle,2,1986.77,16,3973.53,22.21,600.8,3960.78,Debit Card,Returned,Standard,Mobile App,,Central,
64626443,648746,18-10-2025,Sports & Fitness,Dumbbell Set,4,3670.01,14,14680.03,2.21,2272.47,14899.51,Cash on Delivery,Delivered,Standard,Mobile App,,West,6
64649141,694959,28-09-2025,Fashion,Women’s Kurta,2,1615.31,11,3230.62,124.69,345.03,3344.97,Debit Card,Delivered,Next Day,Website,SAVE20,East,2
64661287,191926,03-11-2025,Electronics,Wireless Earbuds,2,2348.42,0,4696.84,59.29,845.43,5601.56,Credit Card,Delivered,Express,Mobile App,WELCOME10,South,5
64668746,119671,30-10-2024,Beauty & Personal Care,Shampoo,3,675.63,8,2026.89,29.66,335.65,2230.05,Net Banking,Cancelled,Pickup Point,Website,,East,
64669431,726019,14-03-2025,Fashion,Cotton T-Shirt,1,951.57,1,951.57,117.4,113.05,1172.5,Wallet,Shipped,Express,Marketplace,,North,
64750925,360097,03-01-2024,Grocery,Premium Coffee,3,644.03,26,1932.1,92.2,71.49,1593.44,UPI,Shipped,Standard,Mobile App,,West,
64751901,562335,31-08-2024,Electronics,Noise Cancelling Headphones,2,9126.43,20,18252.86,5.92,2628.41,17236.62,UPI,Delivered,Standard,Website,SAVE20,North,7
64756245,811520,21-08-2024,Fashion,Women’s Kurta,2,1846.66,1,3693.32,0,438.77,4095.16,Cash on Delivery,Delivered,Standard,Website,,Central,5
64763237,634593,08-07-2024,Books,Fiction Bestseller,2,556.26,10,1112.52,57.54,50.06,1108.87,Credit Card,Delivered,Standard,Marketplace,,East,5
64765226,744677,04-09-2024,Beauty & Personal Care,Face Serum,4,1253.32,11,5013.28,1.35,803.13,5266.3,Debit Card,Delivered,Pickup Point,Marketplace,FESTIVE15,West,6
64766147,371899,20-06-2024,Books,Fiction Bestseller,2,543.82,0,1087.64,87.89,54.38,1229.91,UPI,Delivered,Express,Website,,South,3
64769454,834277,08-11-2025,Electronics,Smartwatch,3,6197.1,27,18591.31,41.68,2442.9,16056.24,Wallet,Delivered,Standard,Website,FREESHIP,West,5
64794696,496352,02-06-2024,Home & Kitchen,Electric Kettle,3,2006.12,21,6018.37,121.75,855.81,5732.07,UPI,Delivered,Next Day,Website,FREESHIP,North,2
64798206,754071,08-04-2025,Fashion,Running Shoes,2,4263.92,21,8527.83,0,808.44,7545.43,UPI,Delivered,Pickup Point,Mobile App,FREESHIP,South,5
64810094,985670,23-03-2024,Books,Business Strategy Book,2,702.91,1,1405.82,70.55,69.59,1531.9,UPI,Shipped,Express,Website,,Central,
64838798,710236,12-09-2025,Fashion,Cotton T-Shirt,3,929.47,0,2788.41,103.57,334.61,3226.59,UPI,Returned,Express,Mobile App,FESTIVE15,West,
64847172,707613,23-02-2024,Home & Kitchen,Table Lamp,2,1472.14,6,2944.27,57.7,498.17,3323.48,UPI,Processin,Standard,Website,,West,
64876661,924729,17-01-2024,Home & Kitchen,Table Lamp,3,1455.12,10,4365.36,23.52,707.19,4659.53,Cash on Delivery,Shipped,Standard,Marketplace,FREESHIP,Central,
64900705,192903,01-12-2024,Beauty & Personal Care,Face Serum,2,1252.07,11,2504.14,281.72,401.16,2911.56,UPI,Delivered,Same Day,Mobile App,,North,1
64938283,820962,10-01-2024,Home & Kitchen,Non-Stick Cookware Set,2,6367.11,11,12734.22,27.4,2040.02,13400.88,UPI,Delivered,Express,Mobile App,,South,3
64941994,453000,16-06-2025,Sports & Fitness,Sports Shoes,1,3122.1,6,3122.1,141.65,528.26,3604.68,UPI,Delivered,Express,Website,LOYALTY5,West,3
64947221,453000,28-05-2025,Fashion,Cotton T-Shirt,3,961.7,26,2885.09,63.89,256.2,2455.06,Credit Card,Processin,Standard,Mobile App,FESTIVE15,South,
64966430,170738,26-06-2024,Fashion,Casual Shirt,3,1847.72,20,5543.16,8.71,532.14,4975.38,UPI,Delivered,Standard,Mobile App,,South,5
64979633,930911,21-08-2025,Fashion,Casual Shirt,3,1755.08,10,5265.24,4.75,568.65,5312.12,Debit Card,Delivered,Standard,Website,,West,5
65014846,390210,15-09-2024,Grocery,Organic Rice 5kg,4,664.28,16,2657.12,40.42,111.6,2384,Cash on Delivery,Delivered,Standard,Website,APPONLY10,Central,5
65031880,981552,25-12-2024,Electronics,Smartwatch,4,6014.32,18,24057.27,32.89,3550.85,23310.7,Cash on Delivery,Delivered,Standard,Marketplace,APPONLY10,South,6
65063441,572377,17-05-2025,Electronics,Power Bank,3,1848.19,10,5544.58,12.83,898.22,5901.17,Wallet,Processin,Standard,Marketplace,SAVE20,North,
65089468,537886,19-04-2025,Books,Cookbook,3,833.18,0,2499.53,31.35,124.98,2655.86,Credit Card,Delivered,Standard,Mobile App,,East,5
65117481,694959,21-05-2024,Home & Kitchen,Bedsheet Set,2,1875.47,21,3750.94,63.54,533.38,3560.16,UPI,Processin,Standard,Website,,South,
65124880,117219,30-01-2025,Home & Kitchen,Bedsheet Set,3,1869.07,16,5607.22,9.77,847.81,5567.64,UPI,Delivered,Pickup Point,Mobile App,,West,5
65127739,651709,01-10-2025,Home & Kitchen,Air Fryer,1,6938.85,3,6938.85,0,1211.52,7942.2,Credit Card,Delivered,Pickup Point,Website,,South,6
65146402,487208,01-11-2025,Home & Kitchen,Electric Kettle,4,2083.64,22,8334.56,0,1170.17,7671.13,Cash on Delivery,Delivered,Standard,Mobile App,FREESHIP,South,6
65149959,915219,09-08-2025,Sports & Fitness,Fitness Resistance Bands,2,998.76,5,1997.53,33.95,341.58,2273.18,Cash on Delivery,Delivered,Pickup Point,Marketplace,SAVE20,South,5
65170424,476057,01-12-2025,Fashion,Running Shoes,3,3894.8,10,11684.41,5.95,1261.92,11783.84,Debit Card,Delivered,Standard,Mobile App,,East,5
65183458,313677,11-01-2025,Books,Exam Preparation Book,4,1022.59,11,4090.36,111.23,182.02,3933.67,Cash on Delivery,Delivered,Next Day,Website,,South,2
65190756,985670,01-11-2025,Electronics,Power Bank,3,1510.46,6,4531.37,0,766.71,5026.2,Wallet,Delivered,Standard,Website,FESTIVE15,West,6
65202328,602650,30-11-2025,Grocery,Organic Rice 5kg,3,617.21,13,1851.64,111.48,80.55,1802.96,UPI,Delivered,Standard,Website,FREESHIP,South,5
65218543,216247,06-10-2025,Fashion,Women’s Kurta,1,1551.28,21,1551.28,59.24,147.06,1431.81,Debit Card,Delivered,Standard,Mobile App,,South,6
65233293,950849,31-07-2024,Home & Kitchen,Mixer Grinder,3,5252.8,21,15758.39,201.43,2240.84,14891.4,Credit Card,Cancelled,Next Day,Mobile App,WELCOME10,North,
65237347,726019,11-08-2024,Grocery,Olive Oil 1L,5,886.48,6,4432.42,0,208.32,4374.79,Net Banking,Delivered,Standard,Marketplace,APPONLY10,West,5
65238793,672034,23-03-2025,Grocery,Organic Rice 5kg,3,723.05,0,2169.16,83.67,108.46,2361.29,Cash on Delivery,Shipped,Standard,Marketplace,,South,
65260215,789768,01-10-2025,Fashion,Casual Shirt,1,1801.85,15,1801.85,40.38,183.79,1755.74,UPI,Delivered,Standard,Mobile App,,South,5
65268257,985217,14-06-2025,Fashion,Running Shoes,3,4016.39,0,12049.17,0,1445.9,13495.07,Credit Card,Delivered,Standard,Website,,Central,7
65284306,966122,25-09-2024,Home & Kitchen,Table Lamp,1,1422.48,11,1422.48,84,227.88,1577.89,Cash on Delivery,Delivered,Standard,Mobile App,WELCOME10,Central,5
65338704,101742,16-11-2024,Fashion,Hoodie,1,2185.84,12,2185.84,101.33,230.82,2255.69,Net Banking,Returned,Express,Marketplace,LOYALTY5,North,
65388992,593494,06-12-2024,Home & Kitchen,Storage Organizer,2,904.79,12,1809.57,63.17,286.64,1942.23,Credit Card,Delivered,Standard,Mobile App,,South,6
65393354,989045,30-10-2024,Electronics,Bluetooth Speaker,1,3361.31,6,3361.31,284.17,568.73,4012.53,UPI,Shipped,Same Day,Website,,West,
65397686,453000,20-03-2024,Home & Kitchen,Electric Kettle,1,2090,6,2090,91.89,353.63,2410.12,UPI,Delivered,Standard,Mobile App,,North,5
65400327,121516,30-10-2025,Home & Kitchen,Mixer Grinder,2,4653.55,11,9307.11,102.84,1491,9877.17,UPI,Delivered,Express,Marketplace,WELCOME10,North,3
65404751,889358,09-01-2025,Home & Kitchen,Table Lamp,4,1664.19,5,6656.77,61.33,1138.31,7523.57,Wallet,Delivered,Express,Mobile App,,North,3
65419284,206289,08-03-2024,Electronics,Wireless Earbuds,1,2548.03,26,2548.03,64.8,339.4,2289.74,UPI,Delivered,Standard,Marketplace,,North,7
65421068,415392,03-11-2024,Fashion,Casual Shirt,3,1811.75,1,5435.25,16.72,645.71,6043.33,Net Banking,Delivered,Standard,Mobile App,,Central,5
65441296,590308,04-06-2025,Home & Kitchen,Storage Organizer,1,934.98,0,934.98,91.68,168.3,1194.96,UPI,Delivered,Standard,Mobile App,,South,6
65471128,654045,26-01-2025,Electronics,Smartwatch,4,6856.16,15,27424.66,54.1,4195.97,27561.03,Debit Card,Delivered,Express,Mobile App,FESTIVE15,South,3
65493622,114374,03-02-2025,Electronics,Smartwatch,1,5938.92,10,5938.92,188.58,962.11,6495.72,UPI,Shipped,Next Day,Mobile App,,South,
65529717,642670,20-10-2024,Electronics,Bluetooth Speaker,3,3527.34,0,10582.03,38.55,1904.77,12525.35,UPI,Shipped,Standard,Website,,West,
65534095,537897,21-09-2025,Beauty & Personal Care,Sunscreen SPF 50,1,958.14,0,958.14,57.63,172.47,1188.24,Debit Card,Delivered,Standard,Mobile App,,Central,5
65535437,290732,14-07-2024,Fashion,Running Shoes,1,3985.99,15,3985.99,12.04,406.57,3806.7,UPI,Delivered,Standard,Marketplace,WELCOME10,Central,5
65548594,365654,11-09-2025,Fashion,Sunglasses,3,1223.73,11,3671.2,19.9,392.08,3679.35,Cash on Delivery,Delivered,Standard,Mobile App,WELCOME10,West,5
65555141,121516,13-07-2025,Beauty & Personal Care,Perfume,3,2549,1,7647.01,0,1362.7,8933.24,Net Banking,Delivered,Express,Mobile App,FREESHIP,South,3
65558672,311051,02-03-2024,Home & Kitchen,Non-Stick Cookware Set,2,5475.76,12,10951.52,0,1734.72,11372.06,UPI,Delivered,Standard,Mobile App,WELCOME10,West,5
65595870,136962,19-07-2024,Fashion,Women’s Kurta,1,1575.34,10,1575.34,70.47,170.14,1658.42,Cash on Delivery,Delivered,Standard,Website,,West,5
65607111,170738,28-09-2024,Fashion,Running Shoes,2,3664.24,25,7328.48,73.79,659.56,6229.71,Net Banking,Delivered,Express,Website,,Central,3
65613952,666114,25-05-2025,Beauty & Personal Care,Lipstick,2,746.32,15,1492.65,93.62,228.38,1590.75,Debit Card,Delivered,Standard,Website,FREESHIP,West,5
65654449,106421,16-04-2024,Electronics,Mechanical Keyboard,1,4331.45,20,4331.45,25.56,623.73,4114.45,Net Banking,Shipped,Standard,Mobile App,,East,
65656185,806671,13-06-2024,Sports & Fitness,Yoga Mat,2,1330.05,0,2660.1,21.56,478.82,3160.48,Net Banking,Confirmed,Pickup Point,Marketplace,,North,
65658194,545848,14-04-2025,Beauty & Personal Care,Hair Dryer,1,2990,11,2990,73.19,479,3213.29,Cash on Delivery,Delivered,Standard,Website,FESTIVE15,South,5
65666877,719406,24-08-2025,Sports & Fitness,Yoga Mat,1,1329.57,16,1329.57,60.76,201.03,1378.63,UPI,Shipped,Standard,Mobile App,,Central,
65714356,393562,25-11-2024,Home & Kitchen,Mixer Grinder,2,4804.24,15,9608.48,0.07,1470.1,9637.38,Debit Card,Delivered,Standard,Mobile App,WELCOME10,South,6
65727713,981217,29-09-2024,Electronics,Smartwatch,1,5901.64,11,5901.64,41.69,945.44,6239.59,UPI,Delivered,Express,Mobile App,,South,3
65746329,156320,24-09-2024,Grocery,Green Tea,1,442.42,0,442.42,88.17,22.12,552.71,Credit Card,Delivered,Standard,Mobile App,,West,5
65777018,426578,13-05-2024,Electronics,1080p Webcam,4,3773.74,10,15094.97,50.49,2445.38,16081.34,Debit Card,Delivered,Express,Mobile App,,South,3
65792608,985217,29-07-2024,Electronics,USB-C Hub,1,2309.5,15,2309.5,37.94,353.35,2354.37,Net Banking,Delivered,Standard,Mobile App,FESTIVE15,Central,5
65808065,798962,05-01-2024,Books,Personal Finance Guide,4,717.95,1,2871.79,44.4,142.15,3029.62,Credit Card,Shipped,Standard,Mobile App,,West,
65844942,870085,03-01-2024,Sports & Fitness,Gym Bag,4,1848.53,27,7394.12,192.4,971.59,6561.7,Net Banking,Delivered,Same Day,Website,FESTIVE15,Central,1
65865581,966795,02-11-2025,Fashion,Casual Shirt,2,1747.58,5,3495.17,44.24,398.45,3763.1,UPI,Delivered,Standard,Mobile App,,South,5
65875067,114374,20-01-2025,Books,Personal Finance Guide,4,740.33,0,2961.3,81.77,148.07,3191.14,Credit Card,Shipped,Express,Marketplace,WELCOME10,South,
65896968,575415,17-07-2025,Beauty & Personal Care,Lipstick,1,788.28,15,788.28,157.93,120.61,948.58,Credit Card,Delivered,Express,Mobile App,,West,3
65898037,281384,10-11-2025,Electronics,Smartwatch,2,6530.65,1,13061.3,48.42,2327.52,15306.63,UPI,Delivered,Standard,Mobile App,APPONLY10,North,5
65899604,717362,29-06-2025,Books,Personal Finance Guide,5,704.41,5,3522.07,0,167.3,3513.27,UPI,Shipped,Express,Mobile App,APPONLY10,South,
65922234,459466,21-12-2024,Fashion,Women’s Kurta,1,1736.31,3,1736.31,22.56,202.11,1908.89,Debit Card,Confirmed,Standard,Website,,South,
65929132,989045,17-03-2024,Grocery,Green Tea,2,468.62,1,937.24,39.24,46.39,1013.5,UPI,Shipped,Pickup Point,Mobile App,LOYALTY5,North,
65939938,726894,16-08-2024,Beauty & Personal Care,Moisturizer,6,727.61,11,4365.64,47.86,699.38,4632.66,Net Banking,Delivered,Express,Website,SAVE20,East,3
65962093,761740,28-08-2025,Electronics,USB-C Hub,1,1992.03,26,1992.03,63.75,265.34,1803.19,Credit Card,Delivered,Standard,Marketplace,FREESHIP,West,5
66012268,206493,08-08-2024,Home & Kitchen,Air Fryer,4,6884.1,1,27536.39,10.58,4906.99,32178.6,Cash on Delivery,Cancelled,Standard,Website,SAVE20,Central,
66015127,593026,22-02-2024,Electronics,Power Bank,3,1696.84,0,5090.53,70.2,916.3,6077.03,Debit Card,Confirmed,Express,Mobile App,,East,
66019299,593595,25-05-2025,Books,Personal Finance Guide,2,713.35,15,1426.69,167.07,60.63,1440.39,UPI,Delivered,Next Day,Marketplace,LOYALTY5,West,2
66034950,572666,11-10-2024,Electronics,Power Bank,3,1690.15,0,5070.46,18.97,912.68,6002.11,UPI,Processin,Standard,Website,,South,
66061141,918157,15-12-2024,Sports & Fitness,Yoga Mat,2,1359.45,3,2718.89,58.11,474.72,3170.15,Credit Card,Delivered,Express,Mobile App,FREESHIP,West,3
66089165,444916,01-11-2025,Home & Kitchen,Non-Stick Cookware Set,2,5830.84,16,11661.67,25.03,1763.24,11584.07,Debit Card,Delivered,Standard,Mobile App,,South,5
66102675,750198,22-11-2025,Books,Fiction Bestseller,2,636.01,13,1272.01,80.94,55.33,1242.92,Wallet,Shipped,Standard,Mobile App,,North,
66107564,636686,24-12-2025,Grocery,Green Tea,3,450.45,5,1351.36,82.65,64.19,1430.63,Credit Card,Delivered,Standard,Mobile App,,Central,6
66108493,315098,31-08-2025,Electronics,USB-C Hub,4,2171.74,5,8686.95,91.08,1485.47,9829.15,Credit Card,Delivered,Express,Mobile App,,South,3
66132074,311051,24-09-2025,Sports & Fitness,Fitness Resistance Bands,1,958.38,22,958.38,82,134.56,964.1,UPI,Delivered,Standard,Website,,West,5
66132570,674785,21-06-2024,Electronics,1080p Webcam,3,3441.17,16,10323.52,174.12,1560.92,10406.8,UPI,Delivered,Next Day,Website,,North,2
66145679,603568,15-02-2025,Grocery,Olive Oil 1L,4,941.74,21,3766.96,69.94,148.8,3194.64,Credit Card,Delivered,Standard,Mobile App,,West,5
66148463,338179,26-10-2024,Fashion,Sunglasses,1,1327.63,9,1327.63,213.97,144.98,1567.09,Credit Card,Delivered,Same Day,Marketplace,LOYALTY5,West,1
66154267,141597,13-08-2024,Grocery,Premium Coffee,2,572.51,21,1145.01,140.08,45.23,1089.87,Credit Card,Delivered,Express,Mobile App,,West,3
66171565,497429,08-11-2025,Beauty & Personal Care,Hair Dryer,2,2898.15,2,5796.3,5.13,1022.47,6707.97,Debit Card,Delivered,Standard,Mobile App,LOYALTY5,North,5
66184540,603631,22-12-2024,Electronics,Power Bank,1,1652.47,6,1652.47,66.92,279.6,1899.84,Debit Card,Delivered,Standard,Mobile App,FESTIVE15,Central,5
66205694,189025,09-09-2024,Electronics,1080p Webcam,2,3728.44,0,7456.87,26.45,1342.24,8825.56,Wallet,Shipped,Standard,Mobile App,,South,
66222282,691791,29-10-2025,Electronics,Bluetooth Speaker,1,3151.36,3,3151.36,89.37,550.23,3696.42,Credit Card,Delivered,Express,Website,APPONLY10,West,3
66229141,982501,30-03-2025,Grocery,Olive Oil 1L,3,892.79,20,2678.38,51.48,107.14,2301.32,UPI,Delivered,Standard,Mobile App,,East,5
66237350,682171,02-07-2024,Books,Data Analytics Handbook,1,929.96,15,929.96,75.4,39.52,905.39,UPI,Delivered,Standard,Mobile App,WELCOME10,South,5
66240812,360097,26-09-2024,Grocery,Olive Oil 1L,5,847.15,21,4235.76,33.12,167.31,3546.68,Credit Card,Delivered,Standard,Website,,West,6
66241058,717362,21-10-2024,Grocery,Protein Cereal,3,636.42,10,1909.25,108.48,85.92,1912.73,Debit Card,Delivered,Express,Website,,North,3
66248665,982086,25-01-2025,Fashion,Women’s Kurta,1,1679.6,11,1679.6,62.07,179.38,1736.29,UPI,Delivered,Standard,Website,FREESHIP,South,5
66255322,987344,04-02-2025,Home & Kitchen,Non-Stick Cookware Set,2,5866.31,15,11732.62,57.24,1795.09,11825.06,Credit Card,Delivered,Standard,Mobile App,,West,5
66263907,446432,02-03-2024,Fashion,Sunglasses,4,1205.77,26,4823.08,127.54,428.29,4124.91,Debit Card,Processin,Same Day,Mobile App,,West,
66265141,510338,05-08-2024,Grocery,Organic Rice 5kg,6,720.83,25,4325.01,67.89,162.19,3473.84,UPI,Delivered,Express,Website,,West,3
66266001,285228,19-12-2025,Fashion,Backpack,1,2249.84,11,2249.84,70.39,240.28,2313.03,Net Banking,Delivered,Standard,Mobile App,LOYALTY5,West,5
66267673,572377,22-02-2025,Grocery,Dry Fruits 500g,4,760.39,20,3041.56,60.81,121.66,2615.72,Net Banking,Delivered,Standard,Mobile App,,Central,5
66284721,919527,17-07-2025,Beauty & Personal Care,Sunscreen SPF 50,1,845.59,6,845.59,161.51,143.07,1099.43,Debit Card,Returned,Next Day,Website,LOYALTY5,North,
66301817,966122,09-03-2025,Fashion,Sunglasses,2,1225.27,16,2450.53,233.76,247.01,2539.22,UPI,Delivered,Same Day,Marketplace,,West,1
66356068,529767,16-06-2025,Electronics,USB-C Hub,1,2329.33,26,2329.33,191.55,310.27,2225.52,Credit Card,Processin,Next Day,Mobile App,LOYALTY5,West,
66362455,284839,09-07-2025,Grocery,Protein Cereal,3,538.46,15,1615.39,204.51,68.65,1646.24,Cash on Delivery,Delivered,Next Day,Website,FESTIVE15,South,2
66385012,930111,25-09-2025,Home & Kitchen,Electric Kettle,3,1943.91,15,5831.73,11.76,892.25,5860.98,Net Banking,Processin,Standard,Website,FESTIVE15,South,
66394699,153016,22-09-2025,Fashion,Cotton T-Shirt,1,938.64,5,938.64,175.33,107.01,1174.05,UPI,Delivered,Express,Mobile App,,South,3
66447299,160754,10-08-2025,Home & Kitchen,Table Lamp,1,1430.13,15,1430.13,95.4,218.81,1529.82,UPI,Delivered,Express,Website,APPONLY10,East,4
66447529,196770,10-04-2025,Grocery,Dry Fruits 500g,2,795.56,10,1591.13,51.08,71.6,1554.7,Cash on Delivery,Delivered,Standard,Mobile App,FESTIVE15,South,5
66453861,268660,07-11-2024,Fashion,Running Shoes,2,3939.15,0,7878.3,129.3,945.4,8953,Cash on Delivery,Delivered,Express,Mobile App,,West,3
66512152,691791,18-11-2024,Electronics,Smartwatch,4,5849.32,11,23397.27,141.51,3748.24,24713.32,Wallet,Delivered,Next Day,Website,FREESHIP,East,2
66521672,756384,04-03-2025,Sports & Fitness,Sports Shoes,2,3419.72,1,6839.44,24.45,1218.79,8014.29,Debit Card,Delivered,Standard,Mobile App,,Central,5
66563982,311051,31-05-2025,Grocery,Dry Fruits 500g,4,842.88,7,3371.54,8.29,156.78,3300.6,Cash on Delivery,Returned,Standard,Marketplace,FESTIVE15,North,
66576136,957716,15-12-2024,Electronics,Power Bank,2,1595.53,0,3191.07,18.93,574.39,3784.39,Net Banking,Delivered,Standard,Mobile App,WELCOME10,South,5
66583159,186360,03-06-2024,Fashion,Casual Shirt,1,1737.19,5,1737.19,48.63,198.04,1897,UPI,Delivered,Standard,Mobile App,,North,5
66585732,726019,25-11-2024,Electronics,Bluetooth Speaker,4,3421.71,3,13686.86,57.25,2389.72,15723.22,Debit Card,Delivered,Standard,Mobile App,,West,7
66597517,918157,08-10-2025,Electronics,Bluetooth Speaker,1,3119.56,1,3119.56,90.1,555.9,3734.36,UPI,Processin,Express,Mobile App,APPONLY10,North,
66598231,218555,02-11-2024,Sports & Fitness,Cricket Bat,3,5246.87,21,15740.61,94.2,2238.31,14767.59,UPI,Processin,Next Day,Mobile App,LOYALTY5,West,
66600621,145887,22-11-2025,Beauty & Personal Care,Face Serum,1,1247.39,21,1247.39,218.09,177.38,1380.91,Credit Card,Delivered,Next Day,Website,,South,4
66620608,963510,20-05-2024,Beauty & Personal Care,Sunscreen SPF 50,3,946.37,21,2839.1,65.04,403.72,2711.65,Credit Card,Delivered,Standard,Marketplace,FESTIVE15,North,5
66622535,602650,22-07-2025,Electronics,Smartwatch,1,6076.83,16,6076.83,63.42,918.82,6086.78,Credit Card,Delivered,Express,Mobile App,SAVE20,North,3
66623270,918817,08-01-2024,Home & Kitchen,Table Lamp,1,1287.55,11,1287.55,78.82,206.27,1431.01,Credit Card,Delivered,Standard,Mobile App,,East,5
66661849,981217,07-11-2025,Books,Personal Finance Guide,2,719.93,3,1439.87,120.84,69.83,1587.34,Credit Card,Delivered,Express,Website,SAVE20,South,4
66711850,505043,20-12-2025,Electronics,Smartwatch,2,6008.6,15,12017.2,65.7,1838.63,12118.95,UPI,Delivered,Standard,Mobile App,FESTIVE15,North,5
66724711,717014,11-06-2025,Fashion,Women’s Kurta,3,1544.81,15,4634.43,49.61,472.71,4461.59,Credit Card,Delivered,Express,Website,FESTIVE15,North,3
66739405,589742,29-11-2025,Home & Kitchen,Water Bottle,2,1010.26,15,2020.52,64.48,309.14,2091.06,UPI,Delivered,Standard,Mobile App,,East,5
66751509,746996,27-04-2024,Home & Kitchen,Bedsheet Set,1,1866.61,15,1866.61,56.16,285.59,1928.37,Net Banking,Delivered,Standard,Website,,West,5
66889875,766905,25-07-2024,Home & Kitchen,Non-Stick Cookware Set,4,5623.86,10,22495.43,36.2,3644.26,23926.35,Debit Card,Delivered,Express,Mobile App,WELCOME10,South,3
66890024,304920,06-10-2025,Grocery,Protein Cereal,6,533.92,11,3203.52,64.67,142.56,3058.36,Cash on Delivery,Delivered,Standard,Website,,West,5
66891718,513727,09-04-2024,Beauty & Personal Care,Lipstick,1,857.45,6,857.45,58.76,145.08,1009.84,Cash on Delivery,Shipped,Standard,Marketplace,FREESHIP,West,
66909299,754071,13-11-2025,Beauty & Personal Care,Face Serum,5,1325.79,3,6628.97,49.27,1157.42,7636.79,UPI,Delivered,Express,Website,FESTIVE15,South,3
66977229,352296,23-04-2024,Fashion,Casual Shirt,3,1784.16,15,5352.47,0,545.95,5095.55,Debit Card,Delivered,Standard,Marketplace,,South,5
67024200,537897,03-10-2024,Beauty & Personal Care,Hair Dryer,3,2871.83,2,8615.5,98.98,1519.77,10061.94,Credit Card,Delivered,Express,Website,,Central,3
67075269,479554,06-02-2025,Books,Data Analytics Handbook,2,864.61,20,1729.22,42.39,69.17,1494.94,Wallet,Delivered,Standard,Mobile App,,South,5
67075480,621502,10-03-2025,Electronics,Power Bank,5,1740.37,1,8701.86,12.12,1550.67,10177.63,Debit Card,Delivered,Standard,Mobile App,SAVE20,South,5
67086498,806817,31-10-2025,Books,Personal Finance Guide,1,721.34,16,721.34,71.14,30.3,707.37,Net Banking,Delivered,Standard,Mobile App,,West,5
67097790,989045,25-11-2024,Grocery,Snack Assortment,3,447.07,13,1341.2,103.72,58.34,1328.9,Credit Card,Shipped,Express,Marketplace,LOYALTY5,South,
67100179,726894,05-08-2024,Fashion,Hoodie,3,2082.83,1,6248.48,0,742.32,6928.32,Cash on Delivery,Delivered,Pickup Point,Marketplace,SAVE20,North,5
67118776,892256,17-11-2024,Electronics,Noise Cancelling Headphones,2,8572.49,11,17144.99,36.58,2746.63,18042.25,UPI,Delivered,Standard,Mobile App,,West,7
67144034,262903,15-04-2025,Electronics,Bluetooth Speaker,2,3005.65,2,6011.31,57.23,1060.39,7008.7,UPI,Delivered,Standard,Website,,South,5
67157861,272201,25-11-2025,Sports & Fitness,Dumbbell Set,3,3627.55,13,10882.64,32.78,1704.22,11204.9,UPI,Shipped,Standard,Mobile App,LOYALTY5,South,
67189404,844820,27-07-2025,Home & Kitchen,Electric Kettle,3,2112.99,11,6338.96,14.03,1015.5,6671.2,Debit Card,Delivered,Standard,Website,SAVE20,North,5
67206677,815282,01-05-2024,Home & Kitchen,Water Bottle,2,999.81,5,1999.61,81.4,341.93,2322.96,UPI,Delivered,Standard,Website,,South,5
67206777,153016,03-09-2024,Beauty & Personal Care,Face Serum,3,1249.21,0,3747.63,197.37,674.57,4619.57,Wallet,Delivered,Next Day,Marketplace,FREESHIP,South,3
67222212,939766,23-08-2024,Fashion,Denim Jeans,3,2631.89,16,7895.67,11.48,795.88,7439.72,Cash on Delivery,Returned,Pickup Point,Mobile App,,North,
67240251,114374,10-10-2025,Beauty & Personal Care,Sunscreen SPF 50,1,898.62,10,898.62,75.08,145.58,1029.42,Cash on Delivery,Delivered,Standard,Website,FESTIVE15,West,5
67241286,663897,11-10-2024,Home & Kitchen,Mixer Grinder,7,5197.25,25,36380.73,75.45,4911.4,32272.4,Credit Card,Delivered,Express,Mobile App,FESTIVE15,West,3
67274818,520829,02-05-2024,Fashion,Running Shoes,3,4264.86,1,12794.57,0,1519.99,14186.61,UPI,Cancelled,Pickup Point,Website,,Central,
67295808,121516,22-02-2025,Electronics,Wireless Earbuds,1,2556.13,1,2556.13,47.24,455.5,3033.31,Debit Card,Delivered,Standard,Website,FESTIVE15,West,6
67375591,360097,04-03-2024,Beauty & Personal Care,Sunscreen SPF 50,2,882.77,6,1765.54,53.18,298.73,2011.52,UPI,Delivered,Standard,Website,WELCOME10,South,5
67382541,774535,07-09-2025,Books,Exam Preparation Book,3,895.58,20,2686.74,47.28,107.47,2304.14,UPI,Processin,Standard,Website,,West,
67421983,388158,19-10-2024,Fashion,Running Shoes,2,4070.8,3,8141.59,17.34,947.68,8862.36,Cash on Delivery,Delivered,Standard,Mobile App,SAVE20,North,6
67456574,398690,05-06-2024,Electronics,Noise Cancelling Headphones,2,8909.32,16,17818.64,69.15,2694.18,17730.99,Net Banking,Delivered,Express,Marketplace,APPONLY10,West,3
67487772,950849,04-10-2025,Grocery,Olive Oil 1L,2,915.43,13,1830.86,39.08,79.64,1711.57,Net Banking,Cancelled,Pickup Point,Mobile App,,West,
67491756,793473,25-06-2025,Fashion,Cotton T-Shirt,2,958.58,10,1917.15,64.33,207.05,1996.81,UPI,Delivered,Standard,Mobile App,APPONLY10,South,5
67502337,844808,12-10-2024,Books,Exam Preparation Book,2,954.81,26,1909.63,65.68,70.66,1549.47,UPI,Delivered,Express,Mobile App,,South,3
67516132,267417,24-08-2025,Books,Cookbook,3,878.42,0,2635.26,114.36,131.76,2881.38,UPI,Delivered,Express,Mobile App,,South,3
67519640,315098,19-07-2024,Fashion,Backpack,2,2127.11,10,4254.22,0,459.46,4288.26,UPI,Delivered,Standard,Marketplace,,South,5
67527256,900979,14-07-2025,Electronics,USB-C Hub,3,2277.1,26,6831.3,3.22,909.93,5968.31,Credit Card,Delivered,Standard,Mobile App,,North,5
67533768,977147,20-02-2025,Home & Kitchen,Water Bottle,4,1032.94,5,4131.74,4.96,706.53,4636.64,Debit Card,Delivered,Standard,Website,SAVE20,West,5
67555122,537897,25-05-2025,Books,Exam Preparation Book,2,1019.95,0,2039.9,73.37,102,2215.27,Debit Card,Processin,Standard,Mobile App,,East,
67617664,151852,03-09-2025,Grocery,Green Tea,6,461.95,20,2771.73,76.78,110.87,2405.03,Wallet,Delivered,Standard,Website,,South,5
67622366,891579,25-07-2024,Beauty & Personal Care,Lipstick,2,856.08,5,1712.15,91.04,292.78,2010.36,UPI,Shipped,Standard,Website,,West,
67632785,462699,05-08-2024,Grocery,Organic Rice 5kg,3,697.94,5,2093.82,64.3,99.46,2152.89,Debit Card,Delivered,Standard,Website,FREESHIP,East,5
67651636,388158,09-03-2025,Fashion,Sunglasses,1,1514.71,1,1514.71,68.16,179.95,1747.67,Net Banking,Delivered,Standard,Website,,North,5
67667625,889358,07-08-2024,Grocery,Dry Fruits 500g,4,867.01,15,3468.04,50.95,147.39,3146.17,Credit Card,Delivered,Standard,Website,,West,6
67678804,196350,23-12-2025,Electronics,Bluetooth Speaker,2,3267.35,4,6534.7,52.2,1129.2,7454.71,UPI,Delivered,Express,Marketplace,,East,3
67687749,989045,06-04-2025,Fashion,Sunglasses,1,1407.26,21,1407.26,196.77,133.41,1441.92,UPI,Delivered,Next Day,Mobile App,LOYALTY5,Central,2
67692782,216247,30-03-2025,Sports & Fitness,Dumbbell Set,1,3436.96,21,3436.96,49.5,488.74,3253.44,Cash on Delivery,Returned,Standard,Mobile App,,Central,
67714250,453000,11-02-2025,Home & Kitchen,Mixer Grinder,2,5402.68,11,10805.36,55.36,1731.02,11403.15,Debit Card,Delivered,Standard,Website,,South,5
67726605,615369,03-03-2025,Grocery,Premium Coffee,6,668.6,15,4011.57,48.73,170.49,3629.05,Net Banking,Delivered,Standard,Mobile App,,South,5
67733103,473722,08-03-2024,Books,Data Analytics Handbook,3,1000.63,15,3001.9,64.74,127.58,2743.94,Cash on Delivery,Delivered,Standard,Website,FESTIVE15,South,5
67743029,542719,17-07-2024,Electronics,USB-C Hub,3,2371.27,0,7113.82,218.95,1280.49,8613.26,UPI,Delivered,Same Day,Mobile App,,Central,1
67757940,568630,15-12-2025,Sports & Fitness,Gym Bag,2,1815.89,13,3631.78,80.15,568.74,3808.54,Debit Card,Returned,Next Day,Website,,East,
67761198,133161,04-07-2024,Fashion,Running Shoes,1,4281.99,5,4281.99,153.82,488.15,4709.86,Credit Card,Confirmed,Next Day,Website,,South,
67809190,947579,02-05-2024,Grocery,Snack Assortment,2,483.9,6,967.81,107.69,45.49,1062.92,UPI,Delivered,Express,Website,,North,3
67809551,950849,28-10-2024,Electronics,Noise Cancelling Headphones,1,10005.94,18,10005.94,11.29,1476.88,9693.04,Credit Card,Confirmed,Standard,Website,,Central,
67819462,945783,24-06-2024,Fashion,Women’s Kurta,1,1748.69,0,1748.69,29.3,209.84,1987.83,Credit Card,Delivered,Pickup Point,Mobile App,FREESHIP,North,5
67874849,484328,02-11-2024,Sports & Fitness,Gym Bag,2,1967.46,26,3934.92,50.93,524.13,3486.9,UPI,Shipped,Standard,Mobile App,,Central,
67876888,136962,01-06-2024,Electronics,USB-C Hub,2,2376.65,5,4753.3,0,812.82,5328.46,Debit Card,Delivered,Standard,Marketplace,,Central,5
67877197,531162,26-09-2024,Fashion,Denim Jeans,4,2465.46,1,9861.86,13.83,1171.59,10948.66,UPI,Delivered,Standard,Website,LOYALTY5,South,5
67934378,479554,26-04-2024,Electronics,Mechanical Keyboard,1,4491.12,5,4491.12,2.42,767.98,5036.96,UPI,Delivered,Pickup Point,Mobile App,LOYALTY5,North,5
67973466,333453,06-04-2024,Home & Kitchen,Air Fryer,2,7404.61,27,14809.21,143.73,1945.93,12900.38,Net Banking,Delivered,Next Day,Mobile App,FESTIVE15,South,2
67988555,158692,20-06-2024,Sports & Fitness,Gym Bag,3,1910.03,20,5730.09,16.81,825.13,5426.01,UPI,Returned,Standard,Mobile App,,West,
68000133,369352,07-01-2025,Fashion,Sunglasses,1,1417.48,5,1417.48,74.49,161.59,1582.69,Debit Card,Shipped,Standard,Mobile App,,East,
68001784,623496,12-04-2024,Electronics,Mechanical Keyboard,1,4586.55,25,4586.55,177.03,619.18,4236.12,UPI,Delivered,Same Day,Website,FREESHIP,South,1
68007551,477682,17-03-2025,Home & Kitchen,Storage Organizer,4,880.34,11,3521.35,44.07,564.12,3742.19,Net Banking,Delivered,Express,Mobile App,,South,3
68014868,937798,21-06-2024,Beauty & Personal Care,Moisturizer,5,680.45,11,3402.26,42.83,545.04,3615.88,UPI,Delivered,Standard,Website,LOYALTY5,North,5
68018960,754071,29-08-2024,Beauty & Personal Care,Moisturizer,3,737.01,26,2211.03,67.7,294.51,1998.37,Debit Card,Delivered,Standard,Marketplace,,West,6
68028029,844808,01-11-2025,Fashion,Denim Jeans,2,2547.17,16,5094.34,91.68,513.51,4884.44,UPI,Delivered,Express,Website,,West,3
68029357,615369,13-12-2025,Fashion,Sunglasses,2,1275.77,2,2551.54,246.88,300.06,3047.45,Debit Card,Cancelled,Same Day,Mobile App,,North,
68061106,560576,11-09-2024,Fashion,Women’s Kurta,1,1609.64,16,1609.64,99.67,162.25,1614.02,UPI,Cancelled,Standard,Mobile App,,West,
68067211,677141,10-09-2025,Grocery,Olive Oil 1L,1,1053.3,11,1053.3,36.34,46.87,1020.65,Credit Card,Cancelled,Pickup Point,Marketplace,,South,
68076133,479554,09-01-2024,Home & Kitchen,Mixer Grinder,1,4864.44,20,4864.44,36.21,700.48,4628.24,Wallet,Delivered,Standard,Mobile App,,West,5
68079375,347406,20-08-2025,Grocery,Snack Assortment,2,501.18,15,1002.35,68.21,42.6,962.81,UPI,Delivered,Standard,Mobile App,LOYALTY5,North,5
68110464,232711,12-10-2025,Sports & Fitness,Gym Bag,4,1882.76,11,7531.02,0,1206.47,7909.08,UPI,Delivered,Standard,Mobile App,,South,5
68115376,750198,23-04-2024,Fashion,Cotton T-Shirt,2,927.28,11,1854.56,192.56,198.07,2041.19,Net Banking,Delivered,Next Day,Mobile App,APPONLY10,West,2
68121238,682946,19-10-2024,Fashion,Running Shoes,1,3901.29,22,3901.29,21.94,365.16,3430.11,Cash on Delivery,Processin,Standard,Website,,Central,
68128953,457808,02-11-2024,Sports & Fitness,Sports Shoes,3,2941.69,10,8825.07,52.55,1429.66,9424.77,Credit Card,Delivered,Express,Website,,West,4
68145420,701235,09-08-2024,Electronics,Bluetooth Speaker,2,3287.25,5,6574.5,51.72,1124.24,7421.74,UPI,Confirmed,Standard,Website,FESTIVE15,South,
68180780,151852,15-04-2025,Fashion,Backpack,1,2255.26,20,2255.26,59.25,216.51,2079.97,UPI,Delivered,Standard,Mobile App,,South,5
68182908,744677,28-06-2024,Fashion,Casual Shirt,1,1819.2,1,1819.2,90.95,216.12,2108.08,Wallet,Delivered,Standard,Website,,Central,5
68211943,930111,17-11-2025,Beauty & Personal Care,Face Serum,1,1278.27,12,1278.27,172.33,202.48,1499.69,UPI,Delivered,Next Day,Website,,West,2
68231204,543715,29-03-2024,Beauty & Personal Care,Shampoo,3,674.46,1,2023.38,48.74,360.57,2412.46,UPI,Delivered,Standard,Mobile App,,East,5
68341889,832532,10-01-2025,Sports & Fitness,Yoga Mat,2,1239.56,6,2479.11,55.38,419.46,2805.2,Net Banking,Shipped,Standard,Website,WELCOME10,North,
68346029,989045,22-05-2025,Fashion,Running Shoes,2,3919.16,11,7838.33,0,837.13,7813.24,UPI,Returned,Standard,Mobile App,APPONLY10,Central,
68375531,746996,08-03-2024,Electronics,Power Bank,1,1589.5,10,1589.5,75.52,257.5,1763.57,Debit Card,Delivered,Standard,Website,,West,5
68386269,956740,01-03-2024,Beauty & Personal Care,Shampoo,5,700.31,1,3501.54,66.37,623.97,4156.86,UPI,Delivered,Express,Website,,Central,3
68417275,698839,11-07-2025,Home & Kitchen,Table Lamp,3,1380.71,10,4142.13,90.26,671.03,4489.21,UPI,Delivered,Express,Mobile App,WELCOME10,South,3
68421514,280076,01-12-2024,Fashion,Denim Jeans,3,2587.87,1,7763.61,0,922.32,8608.29,Net Banking,Delivered,Standard,Website,,South,5
68423437,447552,18-10-2025,Grocery,Snack Assortment,4,533.78,16,2135.12,35.79,89.68,1918.97,UPI,Delivered,Standard,Website,APPONLY10,North,5
68439347,707613,03-12-2024,Fashion,Sunglasses,1,1437.37,3,1437.37,143.35,167.31,1704.91,Debit Card,Delivered,Express,Mobile App,,East,5
68480971,731831,11-05-2024,Beauty & Personal Care,Moisturizer,3,786.67,15,2360,116.41,361.08,2483.49,Credit Card,Delivered,Express,Website,,West,5
68485649,949856,27-01-2025,Sports & Fitness,Gym Bag,1,1811.52,21,1811.52,60.87,257.6,1749.57,Debit Card,Delivered,Standard,Website,SAVE20,West,5
68535075,908569,01-12-2024,Home & Kitchen,Table Lamp,1,1622.63,16,1622.63,116.32,245.34,1724.67,Debit Card,Delivered,Express,Website,WELCOME10,East,3
68535687,966122,13-06-2024,Fashion,Denim Jeans,3,2808.89,11,8426.68,8.03,899.97,8407.75,Net Banking,Delivered,Standard,Mobile App,FESTIVE15,West,5
68536378,950849,05-11-2025,Sports & Fitness,Sports Shoes,1,3093.82,16,3093.82,45.3,467.79,3111.9,Net Banking,Shipped,Standard,Marketplace,SAVE20,South,
68540912,349717,10-02-2025,Home & Kitchen,Table Lamp,1,1521.93,0,1521.93,128.24,273.95,1924.12,Net Banking,Delivered,Express,Website,,East,3
68559414,950849,05-11-2025,Sports & Fitness,Dumbbell Set,1,3789.44,21,3789.44,74.51,538.86,3607.03,Cash on Delivery,Delivered,Standard,Website,FREESHIP,Central,5
68567516,295820,10-10-2025,Home & Kitchen,Water Bottle,2,1053.07,7,2106.14,50.47,352.57,2361.75,UPI,Delivered,Standard,Website,,Central,5
68591986,597422,03-09-2024,Home & Kitchen,Non-Stick Cookware Set,1,5700.94,15,5700.94,8.49,872.24,5726.53,Credit Card,Confirmed,Standard,Website,LOYALTY5,South,
68597508,726019,04-10-2025,Electronics,1080p Webcam,2,4048.34,18,8096.67,7.85,1195.07,7842.19,Net Banking,Delivered,Standard,Marketplace,,Central,5
68602210,754071,04-05-2024,Electronics,Power Bank,2,1692.36,1,3384.72,141.41,603.16,4095.44,Credit Card,Confirmed,Next Day,Mobile App,,West,
68603678,866346,26-11-2024,Home & Kitchen,Mixer Grinder,1,5291.66,23,5291.66,28.91,733.42,4836.91,UPI,Shipped,Standard,Website,,North,
68611242,360097,23-01-2024,Fashion,Hoodie,1,2351.27,11,2351.27,16.15,251.12,2359.9,Credit Card,Processin,Pickup Point,Mobile App,,North,
68623823,453000,30-05-2025,Beauty & Personal Care,Face Serum,2,1263.02,11,2526.04,260.89,404.67,2913.74,UPI,Delivered,Next Day,Website,SAVE20,Central,2
68648352,192285,15-11-2025,Electronics,Bluetooth Speaker,1,3103.25,10,3103.25,109.24,502.73,3404.9,UPI,Delivered,Express,Mobile App,APPONLY10,South,3
68657596,966122,26-05-2025,Fashion,Backpack,2,2331.93,21,4663.86,30.32,442.13,4156.9,UPI,Delivered,Standard,Website,,Central,6
68663062,156320,30-04-2025,Fashion,Hoodie,2,2158.42,20,4316.84,4.68,414.42,3872.57,Credit Card,Delivered,Standard,Mobile App,SAVE20,West,5
68666307,930111,17-01-2025,Fashion,Sunglasses,1,1306.24,0,1306.24,21.67,156.75,1484.66,UPI,Delivered,Pickup Point,Website,APPONLY10,West,6
68675930,672034,10-10-2024,Home & Kitchen,Non-Stick Cookware Set,2,5776.44,17,11552.87,61.86,1726,11376.74,Credit Card,Delivered,Standard,Website,,South,7
68681614,390210,05-10-2024,Grocery,Premium Coffee,3,675.45,3,2026.34,85.87,98.28,2149.7,UPI,Delivered,Standard,Website,FREESHIP,South,5
68692416,870085,13-05-2024,Beauty & Personal Care,Lipstick,2,849.56,7,1699.11,50.19,284.43,1914.79,Cash on Delivery,Shipped,Standard,Marketplace,,North,
68700760,999413,05-01-2024,Beauty & Personal Care,Perfume,3,2262.7,6,6788.09,2.75,1148.54,7532.09,Debit Card,Delivered,Standard,Website,FREESHIP,Central,6
68722536,870085,17-05-2024,Sports & Fitness,Yoga Mat,2,1312.72,2,2625.44,205.44,463.13,3241.5,UPI,Delivered,Same Day,Marketplace,FESTIVE15,West,1
68724849,365654,17-09-2025,Sports & Fitness,Fitness Resistance Bands,1,932.01,26,932.01,48.7,124.14,862.53,Credit Card,Delivered,Standard,Mobile App,FREESHIP,Central,5
68731811,754071,07-12-2024,Electronics,USB-C Hub,3,2227.68,13,6683.05,18.83,1046.56,6879.64,UPI,Delivered,Standard,Website,,North,6
68747597,456102,15-05-2025,Electronics,Power Bank,1,1674.9,21,1674.9,227.97,238.17,1789.31,UPI,Delivered,Same Day,Website,,Central,1
68789514,751044,21-07-2025,Beauty & Personal Care,Perfume,3,2370.34,10,7111.01,9.27,1151.98,7561.16,UPI,Delivered,Standard,Mobile App,,South,5
68798131,457808,04-12-2025,Fashion,Denim Jeans,5,2662.45,17,13312.24,18.67,1325.9,12393.73,Debit Card,Delivered,Standard,Website,FREESHIP,North,5
68808035,933312,23-08-2024,Fashion,Denim Jeans,2,2301.13,10,4602.26,33.06,497.04,4672.13,UPI,Delivered,Express,Mobile App,APPONLY10,Central,3
68831246,361664,03-05-2024,Home & Kitchen,Storage Organizer,1,870.3,1,870.3,38.39,155.09,1055.08,Debit Card,Delivered,Standard,Website,FESTIVE15,West,5
68868229,731007,27-10-2024,Grocery,Dry Fruits 500g,4,720.14,18,2880.56,47.54,118.1,2527.7,Debit Card,Shipped,Standard,Marketplace,SAVE20,Central,
68880389,115496,02-07-2025,Sports & Fitness,Cricket Bat,1,4334.4,20,4334.4,48.01,624.15,4139.68,Credit Card,Delivered,Express,Mobile App,,South,3
68880933,416598,05-06-2025,Grocery,Protein Cereal,2,685.33,11,1370.66,31.15,60.99,1312.03,Debit Card,Delivered,Standard,Mobile App,,East,5
68890997,760624,09-11-2024,Beauty & Personal Care,Face Serum,1,1307.38,16,1307.38,116.59,197.68,1412.47,UPI,Shipped,Express,Mobile App,FREESHIP,West,
68893997,282065,23-03-2025,Home & Kitchen,Bedsheet Set,1,2045.88,6,2045.88,264.48,346.16,2533.77,UPI,Shipped,Same Day,Marketplace,SAVE20,North,
68946766,844751,30-09-2025,Beauty & Personal Care,Perfume,3,2382.69,10,7148.06,64.14,1157.98,7655.37,UPI,Shipped,Express,Mobile App,,South,
68948462,243325,13-06-2025,Fashion,Cotton T-Shirt,3,817.43,11,2452.3,81.02,261.91,2525.48,Debit Card,Delivered,Standard,Mobile App,,South,7
68967056,108961,11-11-2024,Beauty & Personal Care,Moisturizer,3,838.05,0,2514.16,62.19,452.55,3028.9,UPI,Delivered,Standard,Mobile App,,East,5
68993165,351566,21-06-2025,Grocery,Green Tea,3,449.68,10,1349.04,69.76,60.71,1344.61,UPI,Delivered,Standard,Mobile App,,West,5
68999913,721822,11-10-2025,Beauty & Personal Care,Hair Dryer,3,2809.4,21,8428.21,93.53,1198.49,7950.31,Credit Card,Delivered,Express,Marketplace,APPONLY10,West,3
69006482,950849,26-01-2024,Electronics,Power Bank,4,1663.9,6,6655.58,39.61,1126.12,7421.98,UPI,Shipped,Express,Mobile App,,North,
69040025,624815,13-01-2024,Beauty & Personal Care,Face Serum,3,1249.43,6,3748.28,28.99,634.21,4186.58,UPI,Delivered,Express,Mobile App,WELCOME10,North,3
69060205,133161,21-04-2024,Sports & Fitness,Fitness Resistance Bands,2,938.59,25,1877.19,107.92,253.42,1769.23,Debit Card,Delivered,Express,Mobile App,,North,3
69066697,396652,13-11-2024,Home & Kitchen,Table Lamp,1,1494.29,8,1494.29,80.06,247.46,1702.27,Wallet,Delivered,Standard,Mobile App,,South,5
69083795,133161,19-03-2025,Home & Kitchen,Storage Organizer,2,976.77,10,1953.54,115.39,316.47,2190.05,Credit Card,Returned,Express,Website,,North,
69106782,304920,05-11-2024,Beauty & Personal Care,Perfume,2,2414.22,8,4828.44,31.28,799.59,5273.03,UPI,Processin,Standard,Marketplace,SAVE20,West,
69132904,388095,05-08-2024,Fashion,Sunglasses,2,1255.15,6,2510.3,81.94,283.16,2724.78,Credit Card,Cancelled,Standard,Marketplace,APPONLY10,East,
69156484,212225,12-09-2025,Fashion,Hoodie,1,2165.94,20,2165.94,39.23,207.93,1979.91,UPI,Delivered,Standard,Website,WELCOME10,East,5
69174262,710236,08-03-2025,Electronics,Smartwatch,3,5618.46,0,16855.38,20.28,3033.97,19909.63,Net Banking,Delivered,Standard,Website,,North,5
69193696,798962,13-06-2025,Electronics,Wireless Earbuds,1,2511.97,16,2511.97,110.52,379.81,2600.38,Debit Card,Delivered,Express,Website,,South,3
69210856,469315,10-05-2025,Home & Kitchen,Air Fryer,3,6553.07,1,19659.21,25.03,3503.27,22990.92,Credit Card,Delivered,Standard,Website,,Central,6
69211305,206493,06-10-2025,Electronics,Noise Cancelling Headphones,1,9315.71,8,9315.71,16.47,1542.68,10129.6,Cash on Delivery,Delivered,Standard,Mobile App,,South,6
69221149,783827,18-10-2024,Home & Kitchen,Table Lamp,3,1545.73,23,4637.2,101.34,642.72,4314.7,UPI,Delivered,Express,Mobile App,,West,5
69225134,495243,20-11-2025,Electronics,Power Bank,4,1525.2,13,6100.81,16.68,955.39,6279.77,Net Banking,Shipped,Standard,Website,SAVE20,Central,
69225323,706543,06-11-2025,Home & Kitchen,Table Lamp,2,1461.5,11,2922.99,109.89,468.26,3179.61,UPI,Delivered,Express,Mobile App,,West,4
69233455,333453,14-09-2024,Grocery,Premium Coffee,2,661.37,2,1322.74,46.33,64.81,1407.43,UPI,Shipped,Pickup Point,Marketplace,,Central,
69255963,360097,22-03-2024,Fashion,Cotton T-Shirt,2,933.51,1,1867.01,158.18,221.8,2228.32,UPI,Shipped,Next Day,Mobile App,WELCOME10,North,
69272004,569791,25-11-2025,Grocery,Snack Assortment,2,501.08,8,1002.16,217.35,46.1,1185.44,UPI,Shipped,Next Day,Marketplace,,West,
69296059,838282,18-10-2025,Electronics,Mechanical Keyboard,1,4328.2,17,4328.2,0,646.63,4239.04,UPI,Delivered,Express,Mobile App,FESTIVE15,Central,3
69299386,108459,24-05-2024,Electronics,Noise Cancelling Headphones,4,8702,11,34808.01,109.29,5576.24,36664.66,UPI,Delivered,Express,Website,,West,3
69309593,350080,22-09-2025,Home & Kitchen,Air Fryer,2,6851.03,6,13702.06,113.13,2318.39,15311.46,UPI,Processin,Next Day,Marketplace,,West,
69313425,684939,23-02-2025,Fashion,Cotton T-Shirt,1,892.55,15,892.55,88.65,91.04,938.36,UPI,Shipped,Express,Website,LOYALTY5,Central,
69317185,870085,07-09-2024,Electronics,USB-C Hub,1,2303.85,12,2303.85,89.55,364.93,2481.87,Credit Card,Delivered,Standard,Marketplace,,South,5
69317339,343305,28-10-2024,Beauty & Personal Care,Lipstick,3,760.44,1,2281.32,39.1,406.53,2704.14,Cash on Delivery,Delivered,Pickup Point,Website,WELCOME10,South,5
69334117,602650,05-05-2024,Electronics,Wireless Earbuds,2,2525.45,16,5050.9,13.53,763.7,5019.99,UPI,Shipped,Standard,Website,WELCOME10,North,
69348875,505043,19-04-2024,Fashion,Backpack,3,2223.39,10,6670.17,0,720.38,6723.53,Wallet,Delivered,Pickup Point,Mobile App,,North,5
69357383,453000,09-02-2025,Electronics,Power Bank,2,1544.96,16,3089.91,109.89,467.19,3172.6,UPI,Delivered,Express,Website,,East,3
69367837,471386,01-09-2024,Electronics,Mechanical Keyboard,2,4324.68,21,8649.37,56.26,1229.94,8119.2,Debit Card,Delivered,Express,Marketplace,,East,3
69374361,216247,29-07-2024,Fashion,Women’s Kurta,2,1566.6,6,3133.2,71.51,353.43,3370.15,Net Banking,Delivered,Standard,Mobile App,APPONLY10,North,5
69391756,989045,07-04-2024,Beauty & Personal Care,Shampoo,3,656.81,21,1970.44,28.88,280.2,1865.73,Wallet,Confirmed,Standard,Website,,West,
69398650,224962,25-10-2024,Electronics,Bluetooth Speaker,1,3315.01,6,3315.01,116.57,560.9,3793.58,Debit Card,Delivered,Next Day,Website,,Central,2
69404278,291943,04-11-2024,Beauty & Personal Care,Face Serum,3,1194.45,30,3583.34,36,451.5,2995.84,Debit Card,Delivered,Pickup Point,Mobile App,,West,5
69409738,651709,01-10-2025,Fashion,Casual Shirt,1,1856.53,13,1856.53,105.94,193.82,1914.94,UPI,Delivered,Express,Mobile App,,West,3
69413922,319368,22-07-2025,Books,Exam Preparation Book,1,999.77,10,999.77,55.85,44.99,1000.63,Wallet,Delivered,Pickup Point,Website,SAVE20,Central,5
69415153,900979,09-07-2025,Fashion,Backpack,2,2191.69,1,4383.38,92.88,520.75,4953.18,Net Banking,Delivered,Next Day,Website,,North,2
69421775,844808,30-12-2024,Home & Kitchen,Mixer Grinder,1,4756.48,18,4756.48,68.39,702.06,4670.76,UPI,Cancelled,Express,Mobile App,,Central,
69437336,233910,28-06-2024,Fashion,Cotton T-Shirt,4,914.69,25,3658.76,112.22,329.29,3185.58,UPI,Returned,Express,Website,SAVE20,West,
69444880,453000,10-12-2024,Home & Kitchen,Air Fryer,1,6866.12,23,6866.12,63.81,951.64,6302.36,Debit Card,Shipped,Express,Mobile App,,South,
69463164,457808,19-10-2025,Beauty & Personal Care,Lipstick,6,893.42,5,5360.51,19.78,916.65,6028.91,UPI,Delivered,Standard,Mobile App,FESTIVE15,Central,5
69502202,210014,06-07-2025,Books,Data Analytics Handbook,2,878.14,0,1756.29,49.6,87.81,1893.7,Wallet,Confirmed,Standard,Mobile App,,South,
69507865,950849,20-11-2025,Electronics,Noise Cancelling Headphones,4,8745.53,13,34982.1,25.23,5478.2,35937.86,Wallet,Delivered,Express,Marketplace,,North,3
69539251,776421,12-09-2025,Grocery,Premium Coffee,1,681.79,10,681.79,38.94,30.68,683.23,Cash on Delivery,Delivered,Pickup Point,Mobile App,,West,5
69550660,590308,08-04-2025,Home & Kitchen,Mixer Grinder,2,4573.78,5,9147.56,6.67,1564.23,10261.08,Debit Card,Shipped,Standard,Website,LOYALTY5,East,
69561929,621502,18-03-2025,Beauty & Personal Care,Moisturizer,1,754.45,6,754.45,59.57,127.65,896.4,Cash on Delivery,Delivered,Standard,Marketplace,FESTIVE15,North,5
69570979,228445,13-12-2024,Fashion,Casual Shirt,2,1783.33,17,3566.66,70.61,355.24,3386.18,UPI,Cancelled,Standard,Marketplace,FESTIVE15,West,
69575587,846202,05-01-2025,Fashion,Casual Shirt,5,1688.24,21,8441.18,0,800.22,7468.75,Cash on Delivery,Delivered,Standard,Website,WELCOME10,East,5
69617183,510081,04-08-2024,Grocery,Olive Oil 1L,2,870.53,6,1741.06,80.55,81.83,1798.98,Net Banking,Delivered,Express,Marketplace,,West,3
69641047,682946,24-03-2025,Electronics,Noise Cancelling Headphones,3,8796.34,12,26389.03,0,4180.02,27402.37,UPI,Delivered,Pickup Point,Mobile App,,West,5
69649798,260355,23-01-2025,Fashion,Hoodie,2,2257.72,5,4515.44,53.94,514.76,4858.37,Net Banking,Delivered,Standard,Website,,East,5
69668050,390210,17-07-2025,Electronics,Noise Cancelling Headphones,1,8426.4,16,8426.4,53,1274.07,8405.25,Wallet,Shipped,Standard,Mobile App,,Central,
69676941,982086,25-07-2024,Electronics,Wireless Earbuds,3,2381.64,11,7144.93,0,1144.62,7503.61,UPI,Cancelled,Pickup Point,Mobile App,SAVE20,Central,
69680368,371899,26-05-2025,Home & Kitchen,Non-Stick Cookware Set,2,5664.9,20,11329.81,160.18,1631.49,10855.52,UPI,Cancelled,Next Day,Mobile App,,North,
69681443,378630,02-11-2024,Fashion,Denim Jeans,1,2737.83,20,2737.83,62.43,262.83,2515.52,Net Banking,Delivered,Standard,Mobile App,,South,5
69713166,201481,30-09-2025,Fashion,Sunglasses,2,1361.62,0,2723.25,91.34,326.79,3141.38,Wallet,Delivered,Express,Mobile App,,East,3
69733670,125726,11-07-2024,Home & Kitchen,Water Bottle,1,992.27,15,992.27,85.66,151.82,1080.91,Credit Card,Delivered,Express,Mobile App,,South,4
69761781,761245,04-02-2024,Fashion,Cotton T-Shirt,2,944.81,20,1889.62,98.37,181.4,1791.47,Net Banking,Delivered,Standard,Mobile App,,West,5
69763939,553176,28-03-2025,Beauty & Personal Care,Shampoo,3,744.24,10,2232.72,67.31,361.7,2438.46,Credit Card,Delivered,Standard,Website,WELCOME10,West,5
69774146,473722,22-01-2024,Electronics,Power Bank,2,1620.68,10,3241.35,41.7,525.1,3484.01,UPI,Processin,Standard,Mobile App,,West,
69778301,119671,04-09-2024,Home & Kitchen,Storage Organizer,3,908.79,21,2726.37,58.69,387.69,2600.21,UPI,Delivered,Standard,Website,,Central,5
69778729,526971,22-09-2024,Sports & Fitness,Fitness Resistance Bands,2,939.46,15,1878.92,177.97,287.47,2062.52,Net Banking,Cancelled,Next Day,Marketplace,,South,
69794286,513727,30-01-2025,Fashion,Sunglasses,2,1385.09,1,2770.19,129.76,329.1,3201.35,Net Banking,Shipped,Express,Mobile App,,West,
69803119,861740,27-11-2025,Home & Kitchen,Mixer Grinder,2,5133.66,9,10267.32,29.34,1681.79,11054.39,Debit Card,Delivered,Standard,Marketplace,FESTIVE15,South,5
69804481,170738,05-02-2024,Grocery,Organic Rice 5kg,2,735.59,5,1471.18,128.14,69.88,1595.64,UPI,Confirmed,Express,Mobile App,WELCOME10,South,
69814847,365654,19-11-2024,Electronics,Bluetooth Speaker,1,3322.29,16,3322.29,162.23,502.33,3455.28,Credit Card,Shipped,Express,Website,FREESHIP,North,
69880211,575698,15-10-2025,Beauty & Personal Care,Shampoo,1,693.41,11,693.41,68.35,111.08,796.56,Net Banking,Shipped,Standard,Mobile App,,East,
69885719,361664,16-03-2024,Fashion,Women’s Kurta,1,1549.26,1,1549.26,104.29,184.05,1822.11,UPI,Delivered,Express,Marketplace,,West,3
69887341,595261,23-06-2025,Home & Kitchen,Air Fryer,3,7546.23,2,22638.69,60.85,3993.47,26240.24,UPI,Shipped,Standard,Mobile App,,South,
69887509,732254,16-01-2025,Grocery,Green Tea,2,447.86,5,895.72,72.47,42.55,965.95,Credit Card,Shipped,Standard,Website,FESTIVE15,West,
69891420,360097,09-09-2025,Fashion,Cotton T-Shirt,4,868.33,16,3473.3,21.65,350.11,3289.33,Net Banking,Delivered,Pickup Point,Marketplace,WELCOME10,West,5
69996937,192903,27-05-2025,Fashion,Hoodie,2,2108.52,21,4217.04,14.78,399.78,3746.02,Credit Card,Delivered,Standard,Marketplace,,Central,5
70003468,891712,21-10-2024,Grocery,Premium Coffee,2,716.37,2,1432.75,48.36,70.2,1522.65,UPI,Delivered,Express,Mobile App,,West,3
70032906,543715,16-07-2024,Beauty & Personal Care,Perfume,3,2604.3,6,7812.9,0,1321.94,8666.07,Credit Card,Delivered,Standard,Website,FREESHIP,West,5
70036761,786341,01-11-2025,Electronics,USB-C Hub,3,1963.02,21,5889.06,72.4,837.42,5562.18,Debit Card,Delivered,Express,Mobile App,FESTIVE15,West,3
70058526,870085,02-07-2025,Electronics,Bluetooth Speaker,3,2963.63,2,8890.9,87.27,1568.35,10368.7,Wallet,Delivered,Express,Website,,North,3
70077091,710795,15-12-2024,Beauty & Personal Care,Face Serum,3,1271.94,12,3815.81,214.24,604.42,4176.57,UPI,Shipped,Same Day,Website,,North,
70085543,812288,11-09-2024,Fashion,Hoodie,2,2335.64,11,4671.29,36.77,498.89,4693.11,Debit Card,Shipped,Standard,Marketplace,,North,
70093007,670988,01-03-2025,Grocery,Premium Coffee,2,663.67,10,1327.35,75.64,59.73,1329.98,UPI,Delivered,Standard,Website,,North,5
70124746,602650,19-03-2024,Sports & Fitness,Yoga Mat,1,1323.9,21,1323.9,74.96,188.26,1309.1,Credit Card,Delivered,Standard,Mobile App,,Central,5
70144868,160754,21-06-2025,Fashion,Denim Jeans,2,2413.71,5,4827.43,39.92,550.33,5176.31,Debit Card,Delivered,Express,Website,,Central,3
70181341,684939,09-09-2025,Home & Kitchen,Water Bottle,3,997.56,20,2992.69,63.99,430.95,2889.09,UPI,Delivered,Standard,Website,FREESHIP,West,5
70192241,203119,02-11-2025,Electronics,Power Bank,3,1635.14,11,4905.41,64.31,785.85,5215.97,UPI,Delivered,Express,Mobile App,,West,3
70199449,371899,29-08-2024,Home & Kitchen,Air Fryer,1,7879.88,0,7879.88,18.15,1418.38,9316.41,Credit Card,Delivered,Standard,Website,FREESHIP,West,5
70215968,434676,03-11-2025,Home & Kitchen,Electric Kettle,1,1928.88,10,1928.88,60.85,312.48,2109.32,Debit Card,Shipped,Standard,Marketplace,,North,
70230408,170738,09-08-2025,Fashion,Hoodie,2,2210.85,15,4421.7,189.13,451.01,4398.58,Net Banking,Delivered,Next Day,Mobile App,,South,2
70231300,506330,07-09-2025,Books,Exam Preparation Book,2,992.94,16,1985.89,101.41,83.41,1852.97,Credit Card,Delivered,Standard,Mobile App,LOYALTY5,South,5
70231720,930111,16-11-2025,Home & Kitchen,Non-Stick Cookware Set,1,5673.5,15,5673.5,1.42,868.05,5691.95,UPI,Delivered,Pickup Point,Marketplace,,West,5
70236377,820962,01-06-2024,Grocery,Olive Oil 1L,4,921.74,26,3686.97,301.52,136.42,3166.3,Cash on Delivery,Shipped,Same Day,Website,,Central,
70237586,798628,11-10-2025,Home & Kitchen,Non-Stick Cookware Set,1,5585.77,11,5585.77,40.93,894.84,5907.11,Credit Card,Delivered,Express,Website,FREESHIP,West,5
70250169,102684,25-10-2025,Grocery,Olive Oil 1L,5,789.92,12,3949.61,51.39,173.78,3700.83,Debit Card,Delivered,Standard,Mobile App,FREESHIP,East,5
70251185,682171,20-12-2025,Fashion,Sunglasses,4,1181.73,20,4726.92,38.93,453.78,4274.25,UPI,Delivered,Express,Marketplace,WELCOME10,West,3
70258500,156356,16-11-2024,Home & Kitchen,Electric Kettle,3,2118.31,6,6354.93,4.69,1075.25,7053.57,UPI,Delivered,Standard,Website,FESTIVE15,South,5
70261715,168648,01-01-2024,Grocery,Green Tea,2,451.25,16,902.5,116.44,37.9,912.44,UPI,Delivered,Express,Mobile App,APPONLY10,West,3
70299416,453000,18-12-2024,Grocery,Olive Oil 1L,4,937.99,16,3751.96,0.11,157.58,3309.34,UPI,Delivered,Standard,Mobile App,,Central,5
70315675,968559,15-04-2024,Home & Kitchen,Table Lamp,2,1495.47,5,2990.95,87,511.45,3439.85,Credit Card,Returned,Standard,Marketplace,WELCOME10,North,
70323394,859409,30-11-2024,Fashion,Cotton T-Shirt,3,1009.08,1,3027.23,92.06,359.64,3448.66,UPI,Delivered,Express,Marketplace,LOYALTY5,North,3
70344232,901714,26-03-2025,Beauty & Personal Care,Moisturizer,3,760.92,6,2282.75,18.07,386.24,2550.1,Cash on Delivery,Confirmed,Pickup Point,Marketplace,,North,
70344999,107212,23-11-2024,Home & Kitchen,Table Lamp,1,1533.41,12,1533.41,69.95,242.89,1662.24,Credit Card,Delivered,Standard,Website,,East,5
70364106,484328,15-02-2025,Home & Kitchen,Mixer Grinder,2,4953.56,6,9907.12,40.41,1676.28,11029.38,Credit Card,Shipped,Express,Website,,West,
70400274,392962,08-02-2024,Home & Kitchen,Table Lamp,2,1472.42,2,2944.85,135.34,519.47,3540.76,Net Banking,Delivered,Express,Marketplace,,North,3
70401280,284839,28-12-2025,Electronics,Wireless Earbuds,2,2542.11,15,5084.23,0,777.89,5099.49,UPI,Delivered,Standard,Mobile App,FREESHIP,East,5
70403235,880523,15-12-2025,Grocery,Organic Rice 5kg,2,646.17,5,1292.33,45.6,61.39,1334.7,Cash on Delivery,Returned,Standard,Website,FESTIVE15,North,
70449214,562761,23-10-2024,Electronics,Mechanical Keyboard,1,4772.46,3,4772.46,56.49,833.27,5519.05,Wallet,Delivered,Express,Website,WELCOME10,Central,3
70478411,798962,31-12-2024,Grocery,Green Tea,3,404.67,8,1214.02,55.67,55.85,1228.42,Credit Card,Delivered,Express,Website,,West,3
70480289,590308,02-12-2024,Grocery,Protein Cereal,3,630.47,0,1891.42,44.63,94.57,2030.62,Credit Card,Delivered,Pickup Point,Mobile App,,North,5
70491720,891712,12-03-2024,Grocery,Snack Assortment,8,452.23,15,3617.84,175.55,153.76,3404.47,Credit Card,Delivered,Same Day,Mobile App,,West,1
70514262,982501,15-06-2025,Books,Fiction Bestseller,3,610.48,20,1831.45,79.75,73.26,1618.17,Net Banking,Delivered,Express,Website,,North,3
70515697,495243,28-04-2024,Fashion,Running Shoes,3,3896.83,16,11690.48,138.19,1178.4,11136.59,UPI,Delivered,Next Day,Website,,Central,2
70525396,982501,28-02-2025,Books,Exam Preparation Book,3,1025.61,0,3076.82,29.55,153.84,3260.21,Debit Card,Delivered,Standard,Website,APPONLY10,Central,5
70527941,590308,29-03-2024,Sports & Fitness,Cricket Bat,1,3936.31,10,3936.31,35.8,637.68,4216.16,UPI,Delivered,Standard,Mobile App,,West,5
70547380,537897,13-06-2024,Beauty & Personal Care,Face Serum,2,1294.78,5,2589.55,162.07,442.81,3064.95,UPI,Delivered,Next Day,Marketplace,,North,2
70605275,133161,15-06-2025,Sports & Fitness,Fitness Resistance Bands,1,999.77,15,999.77,106.92,152.96,1109.68,Debit Card,Delivered,Standard,Website,WELCOME10,North,5
70610970,517432,11-12-2025,Sports & Fitness,Cricket Bat,4,4454.44,0,17817.76,46.17,3207.2,21071.13,UPI,Shipped,Express,Website,FREESHIP,South,
70621626,494832,15-09-2025,Grocery,Olive Oil 1L,5,929.58,5,4647.92,62.2,220.78,4698.5,Debit Card,Delivered,Express,Website,SAVE20,West,3
70623969,545331,17-10-2024,Home & Kitchen,Non-Stick Cookware Set,2,5840.67,16,11681.35,14.66,1766.22,11593.21,Wallet,Delivered,Standard,Website,SAVE20,East,5
70638687,855779,01-02-2024,Beauty & Personal Care,Lipstick,5,762.28,16,3811.42,0,576.29,3777.88,UPI,Delivered,Standard,Mobile App,FREESHIP,West,5
70644867,621502,23-05-2025,Books,Personal Finance Guide,1,797.14,16,797.14,179.22,33.48,882.3,UPI,Delivered,Next Day,Mobile App,FESTIVE15,North,2
70649939,603631,19-02-2024,Books,Exam Preparation Book,3,969.25,1,2907.74,109.25,143.93,3131.84,Credit Card,Shipped,Standard,Marketplace,,East,
70669352,918157,19-04-2024,Fashion,Women’s Kurta,2,1438.88,16,2877.76,56.43,290.08,2763.83,Credit Card,Delivered,Standard,Website,WELCOME10,East,5
70691416,325460,18-02-2024,Grocery,Premium Coffee,2,674.88,1,1349.76,66.26,66.81,1469.33,Credit Card,Shipped,Standard,Marketplace,,West,
70742213,870085,12-10-2025,Home & Kitchen,Non-Stick Cookware Set,3,5776.99,22,17330.98,59.32,2433.27,16010.75,UPI,Shipped,Express,Website,,West,
70745973,636686,05-05-2024,Fashion,Backpack,1,2318.26,25,2318.26,25.19,208.64,1972.52,Debit Card,Delivered,Pickup Point,Mobile App,,Central,5
70761964,874750,24-12-2025,Electronics,USB-C Hub,2,2148.25,6,4296.51,11.57,726.97,4777.26,UPI,Processin,Express,Mobile App,,East,
70765059,157085,21-09-2025,Grocery,Dry Fruits 500g,5,653.16,11,3265.8,65.98,145.33,3117.87,Wallet,Delivered,Express,Mobile App,,North,3
70798129,937798,27-10-2025,Beauty & Personal Care,Sunscreen SPF 50,1,934.93,23,934.93,67.76,129.58,917.24,UPI,Delivered,Standard,Website,LOYALTY5,Central,5
70801163,133161,14-07-2024,Beauty & Personal Care,Lipstick,1,784.66,5,784.66,112.8,134.18,992.41,Credit Card,Delivered,Express,Mobile App,WELCOME10,West,4
70820436,574198,08-03-2025,Grocery,Green Tea,4,461.54,11,1846.17,42.68,82.15,1767.92,Credit Card,Delivered,Standard,Marketplace,WELCOME10,South,5
70827298,453000,07-11-2025,Home & Kitchen,Table Lamp,1,1395.59,6,1395.59,17.92,236.13,1565.9,Credit Card,Processin,Pickup Point,Mobile App,FESTIVE15,North,
70852290,851300,21-09-2025,Home & Kitchen,Table Lamp,1,1416.95,15,1416.95,195.33,216.79,1616.53,Credit Card,Delivered,Same Day,Marketplace,LOYALTY5,East,1
70880658,989045,07-11-2024,Grocery,Dry Fruits 500g,3,802.19,21,2406.56,144.26,95.06,2140.5,Wallet,Delivered,Express,Marketplace,FESTIVE15,West,3
70899130,684939,16-11-2024,Home & Kitchen,Water Bottle,2,1041.44,17,2082.88,68.45,311.18,2108.42,Credit Card,Delivered,Standard,Mobile App,,West,5
70914528,805212,05-11-2025,Grocery,Organic Rice 5kg,3,793.28,16,2379.84,87.66,99.95,2186.68,UPI,Delivered,Standard,Mobile App,,South,5
70920906,114374,15-04-2025,Sports & Fitness,Dumbbell Set,3,3291.12,10,9873.36,11.73,1599.48,10497.23,Credit Card,Delivered,Standard,Mobile App,APPONLY10,North,5
70948082,726894,10-04-2024,Electronics,USB-C Hub,3,2292.24,16,6876.72,42.47,1039.76,6858.67,Credit Card,Returned,Standard,Marketplace,FESTIVE15,South,
70962695,917060,03-12-2024,Electronics,Power Bank,1,1463.42,10,1463.42,140.41,237.07,1694.56,Cash on Delivery,Delivered,Express,Website,SAVE20,South,3
70980416,356888,05-10-2025,Home & Kitchen,Storage Organizer,2,844.69,25,1689.37,99.1,228.07,1594.2,Wallet,Delivered,Express,Marketplace,,West,3
70981965,982086,19-02-2025,Home & Kitchen,Electric Kettle,1,1997.83,6,1997.83,230.39,338.03,2446.38,Credit Card,Delivered,Same Day,Mobile App,,East,1
70986994,146800,14-02-2024,Beauty & Personal Care,Moisturizer,1,783.96,5,783.96,55.06,134.06,933.88,Debit Card,Delivered,Standard,Website,WELCOME10,East,5
71007398,663897,27-03-2025,Sports & Fitness,Cricket Bat,2,4430.82,10,8861.65,24.49,1435.59,9435.57,Wallet,Delivered,Standard,Mobile App,,East,6
71014655,747416,25-12-2025,Sports & Fitness,Fitness Resistance Bands,1,1020.56,0,1020.56,72.19,183.7,1276.45,Debit Card,Delivered,Standard,Website,WELCOME10,West,5
71021802,473494,28-06-2025,Electronics,1080p Webcam,1,4162.88,25,4162.88,0,561.99,3684.15,UPI,Delivered,Standard,Website,FREESHIP,South,5
71025822,654045,16-07-2025,Grocery,Organic Rice 5kg,3,716.4,20,2149.21,34.33,85.97,1839.67,Credit Card,Delivered,Standard,Marketplace,,South,7
71033096,396652,14-11-2024,Beauty & Personal Care,Sunscreen SPF 50,3,889.24,11,2667.73,49.45,427.37,2851.1,Debit Card,Delivered,Standard,Marketplace,SAVE20,North,5
71040244,768068,11-07-2025,Fashion,Sunglasses,2,1311.41,6,2622.81,190.72,295.85,2952.01,UPI,Shipped,Next Day,Marketplace,,South,
71048696,196770,10-10-2025,Home & Kitchen,Electric Kettle,2,2080.67,15,4161.33,30.05,636.68,4203.86,UPI,Delivered,Standard,Website,,South,7
71051467,291368,29-08-2024,Sports & Fitness,Sports Shoes,2,2998.97,0,5997.94,19.27,1079.63,7096.84,Cash on Delivery,Shipped,Standard,Mobile App,,West,
71059943,766287,24-01-2024,Home & Kitchen,Electric Kettle,3,2109.89,15,6329.66,39.06,968.44,6387.71,Net Banking,Returned,Express,Website,,North,
71091926,553819,23-06-2024,Home & Kitchen,Storage Organizer,2,830,1,1659.99,109.99,295.81,2049.19,Cash on Delivery,Delivered,Express,Website,,West,3
71121894,388095,18-10-2025,Electronics,USB-C Hub,2,2268.34,8,4536.68,51.35,751.28,4976.38,UPI,Delivered,Express,Mobile App,FREESHIP,Central,3
71131186,496352,21-02-2025,Home & Kitchen,Mixer Grinder,2,5385.91,21,10771.83,32.68,1531.76,10074.19,UPI,Delivered,Standard,Website,,West,5
71140104,398690,23-06-2024,Books,Exam Preparation Book,6,994.7,11,5968.21,31.35,265.59,5608.65,Debit Card,Delivered,Standard,Website,LOYALTY5,West,5
71140125,701235,05-10-2024,Sports & Fitness,Cricket Bat,2,4376.46,15,8752.92,19.74,1339.2,8798.92,Credit Card,Delivered,Standard,Mobile App,,South,5
71142240,915964,03-12-2024,Grocery,Protein Cereal,5,589.02,5,2945.12,71.52,139.89,3009.27,Credit Card,Returned,Standard,Website,APPONLY10,West,
71148762,496352,19-12-2025,Grocery,Snack Assortment,4,509.59,3,2038.35,64.07,98.86,2140.13,Credit Card,Shipped,Standard,Mobile App,SAVE20,Central,
71161023,216247,17-08-2025,Sports & Fitness,Cricket Bat,1,4419.99,16,4419.99,0,668.3,4381.09,Net Banking,Delivered,Pickup Point,Website,,South,5
71221518,935452,03-04-2025,Grocery,Organic Rice 5kg,2,707.64,16,1415.29,153.28,59.44,1401.56,Credit Card,Shipped,Next Day,Marketplace,FREESHIP,West,
71233782,231491,17-06-2025,Fashion,Backpack,3,2238.04,10,6714.12,28.27,725.13,6796.11,Debit Card,Shipped,Standard,Mobile App,,South,
71236814,360097,26-04-2025,Grocery,Snack Assortment,2,579.38,6,1158.77,71.76,54.46,1215.46,Credit Card,Delivered,Standard,Mobile App,FESTIVE15,West,5
71240262,311051,16-05-2024,Books,Cookbook,2,821.99,7,1643.98,32.22,76.45,1637.57,UPI,Delivered,Pickup Point,Mobile App,,North,5
71252304,315098,07-09-2024,Grocery,Dry Fruits 500g,5,863.92,5,4319.6,31.11,205.18,4339.91,Net Banking,Delivered,Standard,Website,,East,5
71256007,751689,02-10-2025,Beauty & Personal Care,Face Serum,3,1290.05,3,3870.15,0,675.73,4429.78,UPI,Returned,Standard,Mobile App,,East,
71271062,553176,14-01-2024,Fashion,Hoodie,3,2281.9,10,6845.69,12.03,739.33,6912.48,UPI,Delivered,Express,Marketplace,FREESHIP,South,3
71274861,981217,06-01-2024,Grocery,Dry Fruits 500g,6,805.91,11,4835.45,0,215.18,4518.73,Debit Card,Delivered,Standard,Mobile App,,South,5
71300125,606265,10-12-2025,Fashion,Sunglasses,4,1297.43,7,5189.74,50.9,579.18,5456.54,Cash on Delivery,Delivered,Express,Marketplace,LOYALTY5,West,3
71305922,915934,12-07-2025,Fashion,Cotton T-Shirt,3,947.55,10,2842.64,90.85,307.01,2956.24,UPI,Delivered,Express,Website,,East,3
71307330,918157,07-02-2025,Home & Kitchen,Storage Organizer,4,876.84,6,3507.37,0,593.45,3890.38,UPI,Delivered,Pickup Point,Website,,Central,5
71309055,371899,31-07-2025,Home & Kitchen,Storage Organizer,2,887.6,5,1775.21,94.42,303.56,2084.43,UPI,Delivered,Standard,Mobile App,,South,5
71336550,446115,10-07-2024,Fashion,Casual Shirt,1,1713.66,0,1713.66,101.25,205.64,2020.55,Credit Card,Delivered,Express,Mobile App,FREESHIP,North,3
71341453,798628,05-12-2024,Beauty & Personal Care,Lipstick,3,746.5,18,2239.5,201.03,330.55,2367.97,Credit Card,Delivered,Same Day,Mobile App,,West,1
71368206,615369,21-07-2025,Home & Kitchen,Water Bottle,1,1014.49,15,1014.49,110.19,155.22,1127.73,Cash on Delivery,Delivered,Express,Mobile App,,West,5
71392973,311730,19-12-2024,Electronics,1080p Webcam,5,3724.75,2,18623.76,3.1,3285.23,21539.61,Credit Card,Delivered,Pickup Point,Website,,West,5
71398390,453000,22-12-2024,Grocery,Snack Assortment,2,477.68,3,955.35,216.93,46.33,1189.95,UPI,Confirmed,Same Day,Website,APPONLY10,West,
71400640,936924,20-03-2025,Electronics,Mechanical Keyboard,2,4607.33,1,9214.66,57.47,1642.05,10822.03,Wallet,Delivered,Standard,Marketplace,FREESHIP,South,5
71404528,453000,14-04-2025,Electronics,Noise Cancelling Headphones,4,9254.78,16,37019.11,176.01,5597.29,36869.35,Credit Card,Delivered,Same Day,Website,FESTIVE15,North,1
71407393,236875,21-12-2025,Fashion,Casual Shirt,3,1678.28,21,5034.85,104.73,477.3,4559.56,UPI,Delivered,Express,Website,,South,3
71415002,133161,14-10-2024,Home & Kitchen,Non-Stick Cookware Set,2,5320.42,5,10640.84,0,1819.58,11928.38,UPI,Shipped,Standard,Website,,West,
71415724,108961,25-02-2024,Books,Cookbook,3,808.37,5,2425.1,91.45,115.19,2510.48,Credit Card,Delivered,Express,Mobile App,SAVE20,North,3
71424194,864641,07-09-2025,Sports & Fitness,Cricket Bat,1,4333.23,15,4333.23,4.41,662.98,4350.64,Credit Card,Delivered,Standard,Mobile App,,Central,5
71436888,447552,12-11-2025,Sports & Fitness,Gym Bag,1,1696.39,23,1696.39,66.04,235.12,1607.38,Debit Card,Delivered,Express,Website,,East,5
71438701,939766,19-10-2024,Fashion,Sunglasses,2,1396.83,23,2793.67,271.77,258.14,2681.04,UPI,Delivered,Same Day,Website,LOYALTY5,West,1
71478655,449737,18-10-2025,Fashion,Casual Shirt,4,1930.61,0,7722.44,90.76,926.69,8739.89,Debit Card,Delivered,Express,Marketplace,APPONLY10,North,4
71500782,319368,20-10-2025,Electronics,Mechanical Keyboard,1,4399.58,2,4399.58,147.85,776.09,5235.53,Wallet,Delivered,Same Day,Website,FREESHIP,North,3
71506997,405872,29-04-2024,Books,Fiction Bestseller,1,671.63,15,671.63,134.51,28.54,733.94,Net Banking,Delivered,Next Day,Website,,North,2
71537325,989435,16-11-2024,Beauty & Personal Care,Lipstick,2,721.88,5,1443.76,51.86,246.88,1670.31,Credit Card,Delivered,Pickup Point,Website,,East,5
71545797,192903,02-05-2024,Sports & Fitness,Sports Shoes,2,3186.95,11,6373.9,25.86,1021.1,6719.73,UPI,Delivered,Standard,Mobile App,FREESHIP,East,5
71639680,717362,23-04-2025,Home & Kitchen,Water Bottle,2,1039.74,20,2079.48,49.97,299.44,2012.99,UPI,Delivered,Standard,Website,,Central,5
71662778,206289,01-09-2024,Beauty & Personal Care,Perfume,1,2588.6,11,2588.6,76.68,414.69,2795.22,UPI,Delivered,Standard,Mobile App,WELCOME10,North,5
71678137,537897,27-09-2025,Electronics,Bluetooth Speaker,1,3235.79,5,3235.79,67.81,553.32,3695.13,UPI,Delivered,Express,Marketplace,,South,3
71684772,766287,13-03-2024,Home & Kitchen,Table Lamp,3,1480.6,15,4441.79,2.88,679.59,4457.99,Net Banking,Shipped,Standard,Website,,West,
71690882,701235,04-11-2024,Books,Business Strategy Book,2,648.3,5,1296.59,45.9,61.59,1339.25,UPI,Returned,Standard,Website,APPONLY10,West,
71694139,832532,10-10-2025,Fashion,Denim Jeans,2,2286.23,21,4572.47,24.94,433.47,4070.66,UPI,Delivered,Express,Mobile App,,West,3
71695188,989045,16-06-2025,Books,Personal Finance Guide,2,718.45,6,1436.91,25.09,67.54,1443.33,Credit Card,Delivered,Pickup Point,Mobile App,,West,6
71722920,642321,10-10-2024,Home & Kitchen,Bedsheet Set,2,1815.38,16,3630.76,33.47,548.97,3632.28,Debit Card,Delivered,Standard,Website,,West,5
71752283,880523,06-10-2024,Home & Kitchen,Air Fryer,2,7339.35,7,14678.69,53.19,2457.21,16161.58,UPI,Delivered,Express,Website,FESTIVE15,West,3
71754224,204535,22-12-2024,Books,Business Strategy Book,3,685.4,18,2056.21,77.09,84.3,1847.48,UPI,Delivered,Standard,Website,FESTIVE15,North,5
71763085,986247,02-06-2025,Beauty & Personal Care,Lipstick,6,861.42,11,5168.49,0,827.99,5427.95,UPI,Delivered,Standard,Marketplace,,South,5
71764518,594362,09-02-2025,Books,Personal Finance Guide,4,760.94,15,3043.76,22.07,129.36,2738.63,Credit Card,Processin,Pickup Point,Mobile App,,North,
71769980,698644,03-11-2024,Grocery,Snack Assortment,3,481.45,18,1444.35,239.55,59.22,1483.14,Wallet,Delivered,Same Day,Website,,West,1
71779713,689987,14-11-2025,Fashion,Women’s Kurta,3,1609.35,18,4828.06,14.72,475.08,4448.81,Credit Card,Confirmed,Standard,Mobile App,FESTIVE15,North,
71780176,107212,17-01-2024,Sports & Fitness,Gym Bag,1,1708.2,15,1708.2,93.56,261.35,1806.88,Debit Card,Cancelled,Standard,Website,,South,
71833841,949521,27-02-2024,Fashion,Hoodie,2,2082.54,11,4165.07,84.74,444.83,4236.48,Debit Card,Delivered,Express,Marketplace,LOYALTY5,Central,3
71854248,740145,31-05-2025,Fashion,Hoodie,4,2127.36,11,8509.43,42.52,908.81,8524.72,Debit Card,Delivered,Express,Mobile App,WELCOME10,East,4
71861808,761740,01-03-2025,Grocery,Organic Rice 5kg,3,658.91,16,1976.74,95.96,83.02,1839.44,UPI,Delivered,Standard,Mobile App,LOYALTY5,South,5
71874770,882469,27-12-2025,Electronics,1080p Webcam,1,3663.52,11,3663.52,9.28,586.9,3856.71,UPI,Cancelled,Standard,Website,SAVE20,North,
71879777,174402,11-03-2024,Electronics,1080p Webcam,3,4012.4,10,12037.2,20.71,1950.03,12804.22,UPI,Delivered,Standard,Mobile App,SAVE20,North,5
71884907,731831,27-05-2024,Home & Kitchen,Mixer Grinder,1,4777.73,10,4777.73,36.5,773.99,5110.45,Debit Card,Delivered,Express,Website,FREESHIP,South,3
71888622,870085,02-03-2024,Electronics,Mechanical Keyboard,2,4681.21,7,9362.43,49.83,1567.27,10324.16,Credit Card,Delivered,Express,Mobile App,,North,3
71891833,554476,17-05-2024,Fashion,Sunglasses,6,1249.23,11,7495.37,63.29,800.51,7534.68,Net Banking,Delivered,Express,Website,SAVE20,North,3
71899750,386059,18-06-2024,Sports & Fitness,Dumbbell Set,3,3274.19,16,9822.56,0,1485.17,9736.12,Wallet,Delivered,Express,Website,FREESHIP,West,3
71914167,108654,11-05-2024,Fashion,Running Shoes,2,4040.31,15,8080.63,0,824.22,7692.76,Credit Card,Confirmed,Pickup Point,Mobile App,,West,
71916860,674262,11-03-2024,Beauty & Personal Care,Shampoo,6,659.81,10,3958.89,48.61,641.34,4252.95,Net Banking,Delivered,Standard,Website,,West,5
71922765,548049,08-12-2024,Grocery,Organic Rice 5kg,3,735.86,15,2207.57,100.88,93.82,2071.13,Cash on Delivery,Delivered,Express,Mobile App,,South,3
71935149,572156,14-09-2025,Grocery,Olive Oil 1L,3,885.4,0,2656.21,63.82,132.81,2852.84,Credit Card,Delivered,Standard,Mobile App,,West,5
71948518,277727,18-03-2024,Fashion,Running Shoes,2,3853.64,16,7707.27,22.83,776.89,7273.83,UPI,Delivered,Standard,Marketplace,,West,5
71957783,428150,01-07-2025,Electronics,Bluetooth Speaker,2,3180.88,10,6361.76,91.15,1030.6,6847.33,Cash on Delivery,Returned,Express,Website,,Central,
71971641,603463,22-08-2024,Electronics,USB-C Hub,1,2256.08,10,2256.08,56.87,365.48,2452.82,UPI,Delivered,Standard,Marketplace,,West,5
72008820,239803,13-12-2024,Electronics,Mechanical Keyboard,2,5004.02,17,10008.04,47.27,1495.2,9849.14,Wallet,Delivered,Standard,Marketplace,,West,5
72061572,388158,19-04-2024,Beauty & Personal Care,Face Serum,2,1354.33,6,2708.66,93.36,458.31,3097.81,Debit Card,Delivered,Standard,Website,SAVE20,West,5
72068233,261413,07-09-2025,Grocery,Green Tea,3,475.53,25,1426.59,201.43,53.5,1324.87,Net Banking,Delivered,Next Day,Marketplace,,North,2
72073605,930111,25-02-2024,Fashion,Casual Shirt,2,1844.7,10,3689.4,7.41,398.46,3726.33,UPI,Delivered,Pickup Point,Mobile App,,East,5
72074768,834029,24-12-2024,Beauty & Personal Care,Face Serum,3,1271.11,3,3813.34,43.08,665.81,4407.83,Credit Card,Delivered,Standard,Website,,Central,6
72080381,523351,22-03-2024,Beauty & Personal Care,Sunscreen SPF 50,2,927.25,16,1854.5,111.11,280.4,1949.29,UPI,Delivered,Express,Website,FESTIVE15,West,3
72093331,614894,11-08-2024,Home & Kitchen,Non-Stick Cookware Set,2,5812.67,10,11625.34,40.85,1883.31,12386.97,Net Banking,Delivered,Standard,Website,,East,5
72095374,290732,01-06-2024,Electronics,Mechanical Keyboard,1,4475.86,0,4475.86,26.16,805.65,5307.67,Net Banking,Delivered,Standard,Website,FESTIVE15,West,5
72146424,614046,19-11-2025,Fashion,Backpack,2,2200.13,11,4400.25,6.79,469.95,4392.96,UPI,Delivered,Standard,Mobile App,,Central,5
72157014,950849,29-10-2024,Books,Fiction Bestseller,3,592.95,16,1778.86,135.75,74.71,1704.7,UPI,Delivered,Express,Marketplace,FREESHIP,West,3
72201864,751689,26-07-2024,Beauty & Personal Care,Moisturizer,2,821.83,16,1643.65,95.37,248.52,1724.56,UPI,Shipped,Standard,Website,,Central,
72233879,103683,27-06-2025,Fashion,Denim Jeans,1,2675.08,10,2675.08,79.2,288.91,2775.68,UPI,Returned,Express,Marketplace,WELCOME10,South,
72242053,924729,03-08-2024,Beauty & Personal Care,Lipstick,2,794.09,0,1588.17,19.71,285.87,1893.75,UPI,Delivered,Pickup Point,Mobile App,,South,6
72267293,156356,16-06-2025,Grocery,Organic Rice 5kg,1,719.38,21,719.38,49.24,28.42,645.97,UPI,Delivered,Standard,Marketplace,,West,5
72297691,879394,01-01-2024,Electronics,Wireless Earbuds,2,2419.81,1,4839.63,0,862.42,5653.65,Credit Card,Delivered,Standard,Mobile App,APPONLY10,North,6
72301550,156320,09-10-2025,Beauty & Personal Care,Moisturizer,1,599.02,12,599.02,72.84,94.89,694.87,Wallet,Delivered,Standard,Website,FREESHIP,East,6
72338539,754071,06-10-2024,Electronics,USB-C Hub,3,2347.97,6,7043.91,15.58,1191.83,7828.69,UPI,Delivered,Express,Website,FESTIVE15,West,3
72339650,634593,17-06-2025,Fashion,Cotton T-Shirt,2,853.16,10,1706.32,92.53,184.28,1812.5,Credit Card,Delivered,Standard,Website,,South,5
72342081,350814,15-01-2024,Grocery,Dry Fruits 500g,3,878.09,16,2634.28,49.85,110.64,2373.29,Debit Card,Delivered,Standard,Mobile App,,South,5
72360935,121516,10-05-2025,Beauty & Personal Care,Perfume,3,2585.94,1,7757.83,31.71,1382.44,9094.4,Credit Card,Delivered,Standard,Website,,East,5
72408370,729643,25-11-2025,Fashion,Cotton T-Shirt,2,865.07,7,1730.15,288.84,193.08,2090.96,UPI,Delivered,Same Day,Website,WELCOME10,South,1
72423884,889358,15-04-2025,Beauty & Personal Care,Lipstick,1,865.76,10,865.76,66.49,140.25,985.92,Cash on Delivery,Delivered,Standard,Website,,North,5
72450403,453000,20-11-2024,Fashion,Sunglasses,1,1391.09,8,1391.09,79.76,153.58,1513.14,Credit Card,Delivered,Standard,Website,,South,5
72456427,760221,12-07-2024,Fashion,Denim Jeans,2,2625.61,10,5251.22,178,567.13,5471.23,Debit Card,Processin,Next Day,Marketplace,WELCOME10,West,
72466288,633839,14-06-2025,Grocery,Snack Assortment,4,521.9,16,2087.6,106.81,87.68,1948.07,UPI,Delivered,Express,Marketplace,APPONLY10,West,3
72482373,469315,09-04-2025,Grocery,Green Tea,1,454.61,11,454.61,68.83,20.23,493.66,Wallet,Delivered,Standard,Website,SAVE20,West,5
72483971,123983,10-05-2025,Home & Kitchen,Mixer Grinder,2,5126.02,11,10252.04,0,1642.38,10766.7,Debit Card,Cancelled,Standard,Marketplace,,West,
72496813,187464,04-07-2025,Electronics,USB-C Hub,4,2155.23,25,8620.91,27.89,1163.82,7657.39,Cash on Delivery,Shipped,Standard,Marketplace,,North,
72515765,504871,29-04-2024,Books,Exam Preparation Book,3,949.14,25,2847.43,48.12,106.78,2290.47,Cash on Delivery,Delivered,Standard,Website,SAVE20,West,5
72565767,690505,15-07-2024,Grocery,Olive Oil 1L,4,925.76,1,3703.03,26.57,183.3,3875.87,Debit Card,Delivered,Standard,Mobile App,,North,5
72581936,953964,15-04-2024,Fashion,Hoodie,3,2308.69,6,6926.07,89.52,781.26,7381.29,UPI,Cancelled,Express,Marketplace,WELCOME10,West,
72582062,218555,19-05-2024,Sports & Fitness,Yoga Mat,2,1230.72,16,2461.45,78.23,372.17,2518.02,Wallet,Delivered,Standard,Mobile App,,Central,5
72641330,844808,05-10-2025,Grocery,Dry Fruits 500g,4,755.57,13,3022.29,26.83,131.47,2787.69,Credit Card,Delivered,Pickup Point,Website,FESTIVE15,South,5
72641806,311051,16-05-2025,Beauty & Personal Care,Face Serum,1,1320.67,27,1320.67,75.22,173.54,1212.85,UPI,Returned,Standard,Mobile App,WELCOME10,West,
72648818,210014,11-11-2024,Books,Personal Finance Guide,1,718.64,7,718.64,49.13,33.42,750.89,UPI,Returned,Standard,Mobile App,,West,
72649324,707613,19-01-2024,Books,Personal Finance Guide,5,752.58,21,3762.92,55.13,148.64,3176.48,UPI,Shipped,Standard,Website,,West,
72691308,553819,21-10-2024,Grocery,Dry Fruits 500g,3,822.97,16,2468.92,134.64,103.69,2312.22,Wallet,Delivered,Express,Website,,South,3
72703697,196350,09-05-2025,Electronics,1080p Webcam,2,3953.74,7,7907.47,18.89,1323.71,8696.55,Debit Card,Returned,Standard,Website,,South,
72736165,370350,03-10-2025,Home & Kitchen,Mixer Grinder,2,4705.61,11,9411.22,32.01,1507.68,9915.68,Credit Card,Delivered,Standard,Mobile App,APPONLY10,Central,5
72746532,648746,28-01-2025,Home & Kitchen,Electric Kettle,3,1883.56,22,5650.67,0.76,793.35,5201.63,UPI,Delivered,Express,Website,,East,3
72750401,784248,06-02-2024,Home & Kitchen,Mixer Grinder,2,5216.22,17,10432.43,21.1,1558.61,10238.63,Debit Card,Confirmed,Standard,Website,,East,
72777522,726019,27-10-2025,Grocery,Organic Rice 5kg,4,713.33,11,2853.32,194.23,126.97,2860.65,Debit Card,Delivered,Same Day,Marketplace,,East,1
72813936,693788,09-11-2025,Electronics,Mechanical Keyboard,2,4655.68,15,9311.36,2.58,1424.64,9341.88,Credit Card,Delivered,Standard,Website,,South,6
72818050,382444,25-05-2024,Home & Kitchen,Water Bottle,1,1088.15,16,1088.15,26.18,164.53,1104.76,Debit Card,Processin,Pickup Point,Mobile App,WELCOME10,South,
72827012,710236,25-06-2024,Home & Kitchen,Air Fryer,2,7358.42,15,14716.83,68.93,2251.68,14829.92,Net Banking,Delivered,Express,Website,,Central,3
72860849,360097,15-07-2024,Fashion,Sunglasses,1,1347.86,11,1347.86,96.11,143.95,1439.66,Net Banking,Delivered,Standard,Website,,West,5
72898702,531162,06-11-2024,Fashion,Denim Jeans,3,2464.87,16,7394.62,80.48,745.38,7037.34,Credit Card,Delivered,Standard,Website,,South,5
72906721,396652,05-07-2024,Fashion,Backpack,3,2281.28,6,6843.84,220.27,771.99,7425.47,Credit Card,Delivered,Same Day,Website,,South,1
72925925,284616,04-11-2025,Sports & Fitness,Sports Shoes,2,3232.95,10,6465.9,82.87,1047.48,6949.66,Net Banking,Delivered,Express,Website,FESTIVE15,West,3
72929798,921050,31-12-2025,Home & Kitchen,Storage Organizer,1,919.63,1,919.63,76.67,163.88,1150.98,Debit Card,Delivered,Standard,Mobile App,SAVE20,North,5
72939408,325460,26-03-2024,Fashion,Women’s Kurta,1,1677.11,6,1677.11,178.01,189.18,1943.67,Credit Card,Shipped,Next Day,Marketplace,,North,
72955261,950849,19-10-2025,Beauty & Personal Care,Hair Dryer,5,2640.31,11,13201.53,88.9,2114.88,13953.14,UPI,Delivered,Express,Marketplace,,South,4
72959094,476057,21-12-2025,Beauty & Personal Care,Lipstick,2,817.64,20,1635.27,34.61,235.48,1578.31,Debit Card,Delivered,Pickup Point,Mobile App,LOYALTY5,Central,6
72985635,870688,06-10-2024,Beauty & Personal Care,Shampoo,1,618.3,3,618.3,30.49,107.96,738.2,UPI,Delivered,Pickup Point,Mobile App,FREESHIP,South,6
72988435,985217,23-07-2024,Beauty & Personal Care,Moisturizer,4,734.09,20,2936.35,43.91,422.83,2815.82,UPI,Delivered,Pickup Point,Mobile App,,East,5
73036900,694959,13-09-2025,Electronics,1080p Webcam,1,3899.01,16,3899.01,0,589.53,3864.7,Debit Card,Delivered,Pickup Point,Mobile App,SAVE20,North,5
73043284,196350,19-12-2025,Books,Business Strategy Book,1,670.3,9,670.3,58.15,30.5,698.62,Net Banking,Delivered,Standard,Mobile App,,West,5
73060381,569791,24-09-2025,Beauty & Personal Care,Face Serum,2,1247.44,6,2494.89,43.71,422.14,2811.05,Debit Card,Cancelled,Standard,Mobile App,APPONLY10,North,
73064637,949856,06-12-2024,Home & Kitchen,Mixer Grinder,2,5032.01,11,10064.02,94.4,1612.26,10663.64,Debit Card,Shipped,Next Day,Website,SAVE20,South,
73098848,982501,04-03-2024,Grocery,Organic Rice 5kg,2,718.96,10,1437.92,58.42,64.71,1417.26,UPI,Delivered,Standard,Mobile App,,Central,7
73114761,869164,07-07-2024,Beauty & Personal Care,Hair Dryer,1,2713.23,7,2713.23,58.99,454.19,3036.48,Debit Card,Processin,Standard,Website,,South,
73141167,606265,14-05-2024,Fashion,Denim Jeans,4,2544.62,5,10178.48,192.95,1160.35,11022.86,Credit Card,Delivered,Next Day,Mobile App,,East,2
73148812,495243,20-08-2024,Home & Kitchen,Mixer Grinder,3,4808.48,1,14425.43,0,2570.61,16851.79,Debit Card,Delivered,Pickup Point,Website,WELCOME10,North,6
73150071,694959,05-06-2025,Fashion,Denim Jeans,3,2634.38,16,7903.15,69.4,796.64,7504.69,Debit Card,Delivered,Express,Marketplace,LOYALTY5,South,3
73177352,148035,29-12-2024,Grocery,Dry Fruits 500g,5,801.33,12,4006.65,0,176.29,3702.14,Credit Card,Delivered,Standard,Mobile App,,West,5
73200250,216247,22-08-2025,Fashion,Denim Jeans,2,2486.57,1,4973.13,32.04,590.81,5546.25,UPI,Delivered,Standard,Mobile App,,East,5
73213840,479818,15-01-2024,Home & Kitchen,Electric Kettle,4,1973.45,26,7893.79,33.53,1051.45,6926.38,UPI,Delivered,Express,Marketplace,,Central,3
73228998,726894,07-04-2024,Electronics,Bluetooth Speaker,3,2998.25,6,8994.74,0,1521.91,9976.97,UPI,Delivered,Pickup Point,Website,WELCOME10,East,5
73252011,634784,11-06-2024,Books,Cookbook,2,805.21,10,1610.41,69.13,72.47,1590.97,UPI,Delivered,Standard,Mobile App,,East,5
73286382,768068,08-04-2024,Electronics,Mechanical Keyboard,1,4719.65,16,4719.65,10.62,713.61,4688.74,UPI,Cancelled,Pickup Point,Website,,Central,
73296271,141597,17-04-2024,Grocery,Protein Cereal,2,583.43,11,1166.87,64.26,51.93,1154.7,Wallet,Delivered,Standard,Website,,West,5
73298420,133161,29-11-2025,Home & Kitchen,Mixer Grinder,3,5169.91,12,15509.73,63.55,2456.74,16168.85,Debit Card,Delivered,Express,Mobile App,,East,3
73337047,496732,04-03-2025,Grocery,Organic Rice 5kg,3,690.25,25,2070.75,36.04,77.65,1666.75,Wallet,Delivered,Standard,Marketplace,SAVE20,Central,5
73347303,882469,05-03-2025,Books,Business Strategy Book,5,697.48,1,3487.38,0,172.63,3625.14,Debit Card,Delivered,Standard,Website,,West,5
73359968,930111,19-03-2025,Electronics,Power Bank,4,1586.77,10,6347.07,34.48,1028.22,6775.06,UPI,Delivered,Standard,Mobile App,,South,5
73414114,721822,30-05-2024,Sports & Fitness,Yoga Mat,2,1264.1,16,2528.21,89.38,382.27,2595.35,Credit Card,Delivered,Express,Website,,Central,3
73416730,754071,06-03-2025,Beauty & Personal Care,Lipstick,1,793.85,21,793.85,49.97,112.89,790,UPI,Delivered,Standard,Website,,Central,6
73466754,478805,23-05-2024,Electronics,Bluetooth Speaker,2,3421.32,5,6842.63,207.74,1170.09,7878.33,Credit Card,Delivered,Same Day,Mobile App,LOYALTY5,South,1
73537246,760624,14-06-2024,Grocery,Protein Cereal,4,634.31,16,2537.23,79.1,106.56,2316.93,Credit Card,Delivered,Standard,Mobile App,,West,5
73548725,554476,21-10-2025,Sports & Fitness,Sports Shoes,2,3647.68,21,7295.37,12.34,1037.4,6813.08,UPI,Cancelled,Standard,Website,FREESHIP,West,
73569573,453000,01-11-2025,Sports & Fitness,Yoga Mat,2,1234.65,18,2469.31,97.15,364.47,2486.45,Credit Card,Delivered,Standard,Website,,South,5
73573489,537897,02-10-2024,Sports & Fitness,Sports Shoes,1,3292.6,15,3292.6,87.05,503.77,3389.53,UPI,Delivered,Standard,Website,,South,5
73577687,123983,28-11-2024,Sports & Fitness,Gym Bag,2,1910.42,6,3820.84,65.18,646.49,4303.26,Wallet,Delivered,Express,Mobile App,FREESHIP,Central,3
73592882,549533,16-02-2024,Books,Fiction Bestseller,5,619.71,10,3098.55,115.2,139.43,3043.32,UPI,Cancelled,Express,Website,,South,
73594681,761740,22-05-2025,Books,Business Strategy Book,2,718.58,16,1437.15,62.88,60.36,1330.45,Credit Card,Delivered,Standard,Website,,Central,6
73612543,350814,26-06-2024,Electronics,Bluetooth Speaker,1,3506.08,6,3506.08,0.84,593.23,3889.79,UPI,Confirmed,Standard,Website,FREESHIP,South,
73689073,784248,01-03-2024,Home & Kitchen,Non-Stick Cookware Set,3,5678.27,7,17034.82,16.92,2851.63,18710.93,UPI,Delivered,Standard,Marketplace,LOYALTY5,South,5
73702286,569778,28-08-2025,Fashion,Cotton T-Shirt,2,915.46,6,1830.91,52.95,206.53,1980.54,UPI,Returned,Standard,Mobile App,FESTIVE15,South,
73704542,468547,12-09-2024,Grocery,Green Tea,3,441.2,5,1323.6,41.59,62.87,1361.88,UPI,Delivered,Pickup Point,Website,,East,5
73726391,347406,03-02-2024,Fashion,Backpack,3,2222.82,20,6668.46,82.16,640.17,6057.1,UPI,Shipped,Next Day,Mobile App,,South,
73727077,206289,06-12-2024,Sports & Fitness,Cricket Bat,1,4867.68,21,4867.68,42.91,692.18,4580.56,Credit Card,Cancelled,Express,Mobile App,,East,
73746101,371899,08-12-2025,Sports & Fitness,Gym Bag,3,1731.36,5,5194.08,24.72,888.19,5847.29,Debit Card,Delivered,Express,Mobile App,,Central,4
73751267,783827,24-12-2025,Grocery,Premium Coffee,1,685.9,1,685.9,78.11,33.95,791.1,Credit Card,Returned,Standard,Mobile App,WELCOME10,West,
73776272,424902,07-08-2024,Beauty & Personal Care,Shampoo,3,764.78,16,2294.33,44.64,346.9,2318.78,Cash on Delivery,Shipped,Standard,Mobile App,LOYALTY5,Central,
73786726,672334,17-01-2025,Electronics,Mechanical Keyboard,1,4655.17,10,4655.17,30.05,754.14,4973.84,Debit Card,Processin,Standard,Mobile App,LOYALTY5,South,
73802684,537897,25-01-2024,Beauty & Personal Care,Hair Dryer,4,2556.18,10,10224.71,126.09,1656.4,10984.73,Credit Card,Delivered,Same Day,Mobile App,,West,1
73891962,525353,29-10-2024,Grocery,Green Tea,3,413.68,13,1241.05,151.14,53.99,1284.84,Credit Card,Delivered,Express,Website,,West,3
73896161,284383,22-06-2024,Fashion,Backpack,1,2242.29,6,2242.29,82.65,252.93,2443.33,Credit Card,Delivered,Standard,Website,,North,5
73909150,496352,26-12-2025,Home & Kitchen,Mixer Grinder,1,4901.64,16,4901.64,13.14,741.13,4871.65,Wallet,Delivered,Standard,Marketplace,,Central,5
73914039,900979,26-10-2024,Home & Kitchen,Bedsheet Set,2,1915.87,18,3831.73,19.63,565.56,3727.21,UPI,Delivered,Standard,Mobile App,WELCOME10,North,5
73916367,859409,06-06-2024,Beauty & Personal Care,Sunscreen SPF 50,1,864.34,11,864.34,67.05,138.47,974.78,Net Banking,Delivered,Standard,Mobile App,,North,5
73935763,753025,19-09-2024,Electronics,Bluetooth Speaker,1,3293.04,6,3293.04,70.12,557.18,3722.76,Cash on Delivery,Delivered,Express,Website,,North,3
73952205,371899,08-12-2025,Electronics,Power Bank,1,1607.49,12,1607.49,24.52,254.63,1693.74,UPI,Delivered,Standard,Website,,North,6
73977554,505043,14-09-2025,Electronics,USB-C Hub,1,2282.22,5,2282.22,68.12,390.26,2626.49,UPI,Shipped,Standard,Mobile App,,South,
73982296,950849,08-11-2025,Fashion,Backpack,1,2274.36,21,2274.36,71.72,215.61,2084.07,Credit Card,Delivered,Standard,Mobile App,FESTIVE15,South,5
73987584,350814,14-04-2024,Home & Kitchen,Non-Stick Cookware Set,1,5478.31,6,5478.31,140.13,926.93,6216.67,Debit Card,Delivered,Next Day,Mobile App,,East,3
73990978,575698,02-11-2025,Fashion,Denim Jeans,1,2841.53,13,2841.53,194.44,296.66,2963.23,Wallet,Shipped,Same Day,Marketplace,APPONLY10,North,
74007721,537897,29-06-2024,Fashion,Sunglasses,2,1291.66,5,2583.32,97.39,294.5,2846.04,UPI,Delivered,Express,Marketplace,FREESHIP,East,3
74011737,568630,10-05-2025,Home & Kitchen,Table Lamp,3,1448.07,6,4344.22,176.81,735.04,4995.42,Wallet,Delivered,Same Day,Mobile App,FREESHIP,West,2
74016097,603463,04-11-2024,Fashion,Backpack,1,2311.12,20,2311.12,67.08,221.87,2137.85,UPI,Delivered,Standard,Website,APPONLY10,North,5
74020077,751689,20-06-2024,Grocery,Green Tea,2,422.11,26,844.22,92.27,31.24,748.23,Credit Card,Delivered,Express,Marketplace,FESTIVE15,West,3
74039416,982501,30-08-2024,Fashion,Running Shoes,3,3883.25,10,11649.74,37.34,1258.17,11780.28,Wallet,Delivered,Standard,Website,WELCOME10,West,5
74055914,121516,09-05-2025,Grocery,Snack Assortment,8,525.21,1,4201.64,48.7,207.98,4416.3,Debit Card,Delivered,Standard,Website,,West,5
74076018,981217,15-09-2024,Electronics,Bluetooth Speaker,3,3448.04,1,10344.12,28.93,1843.32,12112.93,Credit Card,Delivered,Standard,Mobile App,FREESHIP,South,7
74102966,396652,01-07-2024,Beauty & Personal Care,Lipstick,2,790.63,16,1581.26,167,239.09,1734.35,Debit Card,Delivered,Express,Website,FESTIVE15,South,3
74111542,900979,29-04-2025,Fashion,Backpack,2,2190.41,6,4380.82,12.58,494.16,4624.71,Credit Card,Delivered,Standard,Website,,North,5
74122992,691791,13-04-2024,Fashion,Women’s Kurta,1,1783.47,16,1783.47,40.28,179.77,1718.16,Credit Card,Delivered,Pickup Point,Mobile App,,South,5
74137331,491942,10-04-2025,Beauty & Personal Care,Perfume,4,2704.6,21,10818.41,0,1538.38,10084.92,Debit Card,Shipped,Standard,Website,,Central,
74148686,577700,29-11-2025,Home & Kitchen,Bedsheet Set,3,1719.35,0,5158.05,13.37,928.45,6099.87,Net Banking,Delivered,Standard,Mobile App,,South,5
74174780,365654,18-02-2025,Books,Cookbook,3,817.04,1,2451.13,93.71,121.33,2641.66,Cash on Delivery,Delivered,Standard,Website,SAVE20,West,5
74200977,590308,20-10-2024,Home & Kitchen,Bedsheet Set,4,1942.66,20,7770.64,15.19,1118.97,7350.67,Wallet,Delivered,Standard,Marketplace,,North,5
74207319,121516,17-09-2025,Fashion,Denim Jeans,3,2516.78,11,7550.33,240.09,806.37,7766.25,Credit Card,Shipped,Same Day,Website,WELCOME10,North,
74209226,206493,13-12-2024,Fashion,Women’s Kurta,1,1668.48,18,1668.48,35.34,164.18,1567.67,UPI,Delivered,Standard,Website,LOYALTY5,South,5
74216968,717362,15-11-2024,Electronics,USB-C Hub,1,2200.5,7,2200.5,95.73,368.36,2510.55,Debit Card,Shipped,Express,Mobile App,,West,
74234003,572666,02-01-2025,Home & Kitchen,Storage Organizer,2,889.09,0,1778.18,136.06,320.07,2234.31,Wallet,Delivered,Express,Website,FESTIVE15,West,3
74238609,717362,20-11-2024,Books,Exam Preparation Book,1,991.23,5,991.23,75.53,47.08,1064.28,Cash on Delivery,Delivered,Express,Website,LOYALTY5,Central,3
74268209,636686,17-02-2025,Sports & Fitness,Cricket Bat,1,4725.95,0,4725.95,207.87,850.67,5784.49,Net Banking,Delivered,Same Day,Mobile App,,West,1
74280440,919527,02-07-2025,Books,Business Strategy Book,2,719.95,6,1439.9,73.28,67.68,1494.47,Wallet,Delivered,Standard,Mobile App,,North,5
74285602,989045,09-02-2024,Beauty & Personal Care,Lipstick,3,829.14,16,2487.43,71.39,376.1,2536.93,Debit Card,Shipped,Standard,Marketplace,,North,
74294950,239803,05-07-2025,Electronics,1080p Webcam,5,3670.49,15,18352.47,52.33,2807.93,18459.86,UPI,Delivered,Standard,Mobile App,FESTIVE15,South,5
74319194,351566,07-02-2025,Grocery,Protein Cereal,2,597.96,20,1195.93,128.18,47.84,1132.76,UPI,Returned,Express,Mobile App,FESTIVE15,South,
74319986,666114,01-11-2025,Fashion,Cotton T-Shirt,4,827.39,12,3309.56,58.39,349.49,3320.29,Net Banking,Delivered,Standard,Website,APPONLY10,South,5
74326818,306269,18-07-2025,Fashion,Cotton T-Shirt,2,787.91,5,1575.82,157.41,179.64,1834.08,UPI,Delivered,Express,Website,,South,3
74335697,912293,28-03-2025,Fashion,Running Shoes,4,4061.03,1,16244.12,10.24,1929.8,18021.72,Credit Card,Delivered,Standard,Website,,South,5
74388440,857238,24-02-2025,Sports & Fitness,Sports Shoes,1,3130.22,1,3130.22,101.12,557.81,3757.85,UPI,Processin,Express,Mobile App,,West,
74396446,502392,28-12-2025,Fashion,Cotton T-Shirt,1,930.93,18,930.93,53.01,91.6,907.97,Debit Card,Delivered,Standard,Website,LOYALTY5,South,5
74411274,870085,08-09-2024,Home & Kitchen,Water Bottle,2,985.77,12,1971.55,72.79,312.29,2120.04,Cash on Delivery,Returned,Standard,Mobile App,,West,
74438389,617518,04-07-2025,Grocery,Olive Oil 1L,5,887.34,11,4436.68,0,197.43,4146.08,Credit Card,Delivered,Standard,Mobile App,LOYALTY5,Central,5
74449895,954862,20-04-2025,Sports & Fitness,Dumbbell Set,2,3502.78,11,7005.55,32.41,1122.29,7389.64,Wallet,Shipped,Standard,Website,,East,
74454067,491942,08-02-2025,Fashion,Cotton T-Shirt,5,862.28,21,4311.39,129.51,408.72,3944.23,Credit Card,Delivered,Same Day,Website,,West,1
74468783,311051,02-12-2025,Electronics,Noise Cancelling Headphones,1,9263.83,12,9263.83,18.4,1467.39,9637.96,UPI,Delivered,Standard,Mobile App,APPONLY10,South,6
74479612,626829,08-09-2024,Fashion,Denim Jeans,2,2784.69,15,5569.38,59.3,568.08,5361.35,Net Banking,Delivered,Express,Website,FREESHIP,North,3
74495316,908569,17-03-2024,Books,Cookbook,1,768.55,11,768.55,129,34.2,847.21,Net Banking,Delivered,Standard,Mobile App,,West,5
74545484,668369,14-08-2024,Fashion,Women’s Kurta,1,1549.83,5,1549.83,136.33,176.68,1785.35,Credit Card,Delivered,Express,Website,LOYALTY5,West,3
74550065,850500,15-10-2025,Electronics,USB-C Hub,1,2285.17,5,2285.17,67.24,390.76,2628.91,UPI,Delivered,Standard,Website,,North,5
74566551,979363,04-02-2025,Home & Kitchen,Water Bottle,2,1117.74,26,2235.48,88.42,297.77,2040.45,UPI,Returned,Standard,Website,,North,
74578685,399824,21-12-2024,Fashion,Hoodie,2,2255.46,7,4510.93,0.49,503.42,4699.07,UPI,Cancelled,Standard,Mobile App,,South,
74586839,784248,10-06-2024,Fashion,Sunglasses,2,1308.39,7,2616.79,65.51,292.03,2791.15,Net Banking,Delivered,Standard,Mobile App,,East,5
74641092,844808,14-01-2025,Grocery,Olive Oil 1L,2,873.35,11,1746.7,53.64,77.73,1685.93,Debit Card,Delivered,Standard,Marketplace,,West,5
74663764,404470,09-04-2025,Fashion,Women’s Kurta,1,1456.91,7,1456.91,30.81,162.59,1548.33,Credit Card,Returned,Standard,Website,,Central,
74674228,985670,27-05-2025,Fashion,Sunglasses,2,1417.43,1,2834.86,81.19,336.78,3224.48,Credit Card,Delivered,Standard,Marketplace,,South,5
74697499,361664,03-05-2025,Electronics,Noise Cancelling Headphones,3,9351.63,16,28054.9,47.19,4241.9,27855.21,Debit Card,Cancelled,Express,Mobile App,,West,
74710238,531162,17-12-2025,Grocery,Premium Coffee,4,660.94,13,2643.75,66.1,115,2481.16,Debit Card,Processin,Standard,Website,,South,
74754665,864641,14-12-2025,Home & Kitchen,Water Bottle,5,1059.16,12,5295.78,0,838.85,5499.14,Credit Card,Delivered,Standard,Marketplace,,North,5
74762542,753025,29-07-2025,Grocery,Protein Cereal,2,567.74,11,1135.48,65.48,50.53,1126.59,Cash on Delivery,Delivered,Standard,Website,WELCOME10,West,5
74769239,685812,28-04-2024,Grocery,Snack Assortment,4,484.16,6,1936.63,117.82,91.02,2029.27,UPI,Delivered,Express,Website,SAVE20,West,3
74878829,311051,19-11-2025,Electronics,1080p Webcam,4,4070.48,19,16281.93,11.33,2373.9,15573.59,UPI,Delivered,Pickup Point,Website,SAVE20,North,5
74892992,324083,16-12-2024,Sports & Fitness,Sports Shoes,2,3333.59,8,6667.19,0,1104.09,7237.9,UPI,Delivered,Pickup Point,Website,,North,5
74896777,934458,06-02-2025,Grocery,Premium Coffee,3,683.12,11,2049.37,131.9,91.2,2047.04,Cash on Delivery,Delivered,Express,Marketplace,,Central,3
74907359,819409,17-05-2024,Fashion,Women’s Kurta,4,1516.31,10,6065.23,107.15,655.05,6220.91,UPI,Delivered,Next Day,Mobile App,FESTIVE15,West,2
74907870,682946,11-12-2024,Fashion,Cotton T-Shirt,3,905.84,19,2717.51,82.66,264.14,2547.98,Debit Card,Shipped,Standard,Website,,East,
74911900,949856,26-06-2025,Electronics,USB-C Hub,3,2399.27,1,7197.81,76.46,1282.65,8484.94,UPI,Delivered,Express,Website,,West,3
74939463,523351,25-10-2024,Beauty & Personal Care,Perfume,4,2574.14,3,10296.55,38.64,1797.78,11824.07,UPI,Delivered,Standard,Mobile App,,East,5
74956904,151852,16-02-2025,Books,Exam Preparation Book,5,1014.94,10,5074.71,33.43,228.36,4829.03,Cash on Delivery,Delivered,Express,Website,SAVE20,South,3
74972604,810253,13-04-2024,Beauty & Personal Care,Lipstick,2,833.82,10,1667.63,148.09,270.16,1919.12,Debit Card,Returned,Express,Website,LOYALTY5,South,
74982332,289404,21-10-2025,Electronics,Power Bank,1,1689.25,13,1689.25,61.43,264.54,1795.62,UPI,Processin,Standard,Mobile App,,Central,
74988138,813219,14-02-2024,Sports & Fitness,Fitness Resistance Bands,1,1013.93,20,1013.93,27.33,146.01,984.48,Cash on Delivery,Returned,Pickup Point,Website,SAVE20,West,
74998325,215726,10-05-2025,Sports & Fitness,Yoga Mat,3,1377.62,17,4132.87,20.75,617.45,4068.48,Credit Card,Delivered,Express,Website,FREESHIP,North,3
75024205,103683,09-03-2024,Fashion,Running Shoes,2,4024.63,10,8049.25,58.29,869.32,8171.94,Net Banking,Shipped,Express,Mobile App,LOYALTY5,Central,
75074752,121516,22-08-2025,Fashion,Denim Jeans,4,2725.89,11,10903.56,35.2,1164.5,10903.87,Wallet,Cancelled,Express,Website,LOYALTY5,East,
75077536,430032,10-10-2025,Electronics,USB-C Hub,2,2044.35,10,4088.7,15.95,662.37,4358.15,Cash on Delivery,Delivered,Express,Mobile App,,Central,3
75077945,844808,27-09-2025,Books,Cookbook,3,788.41,1,2365.24,86.54,117.08,2545.21,Cash on Delivery,Delivered,Standard,Marketplace,,West,5
75170281,754071,16-07-2025,Electronics,USB-C Hub,2,1997.27,6,3994.54,243,675.88,4673.75,Credit Card,Shipped,Same Day,Website,APPONLY10,South,
75174143,717362,20-12-2025,Fashion,Women’s Kurta,2,1581.43,7,3162.86,68.24,352.98,3362.68,UPI,Returned,Standard,Mobile App,LOYALTY5,South,
75174398,510081,05-03-2025,Books,Exam Preparation Book,4,1033.7,11,4134.81,77.2,184,3941.18,Credit Card,Delivered,Express,Mobile App,,East,3
75177852,908569,21-07-2025,Grocery,Premium Coffee,1,649.18,21,649.18,74.35,25.64,612.84,Cash on Delivery,Returned,Standard,Marketplace,,East,
75189348,680558,04-03-2025,Electronics,Smartwatch,4,5777.56,10,23110.25,7.25,3743.86,24550.34,UPI,Delivered,Pickup Point,Website,FESTIVE15,South,5
75222227,663897,06-09-2024,Grocery,Snack Assortment,3,488.25,0,1464.76,53.63,73.24,1591.63,UPI,Delivered,Standard,Website,,East,5
75242896,377152,18-07-2025,Fashion,Denim Jeans,3,2499.4,0,7498.2,33.61,899.78,8431.59,Cash on Delivery,Cancelled,Express,Website,,East,
75263152,196350,17-07-2024,Beauty & Personal Care,Lipstick,1,775.64,22,775.64,240.16,108.9,954.06,Debit Card,Delivered,Same Day,Website,,South,1
75273332,277727,13-07-2024,Beauty & Personal Care,Perfume,2,2571.84,6,5143.68,44.07,870.31,5749.44,UPI,Delivered,Express,Mobile App,FREESHIP,South,3
75308234,800936,16-01-2024,Beauty & Personal Care,Perfume,3,2393.59,6,7180.78,137.16,1214.99,8102.08,Credit Card,Delivered,Express,Mobile App,,West,3
75324855,732254,05-10-2024,Electronics,1080p Webcam,2,3688.18,15,7376.36,4.86,1128.58,7403.35,Debit Card,Delivered,Standard,Mobile App,FESTIVE15,West,6
75326728,121516,11-04-2025,Home & Kitchen,Table Lamp,1,1443.92,11,1443.92,49.82,231.32,1566.23,Cash on Delivery,Delivered,Standard,Website,,North,5
75352272,562761,08-10-2025,Home & Kitchen,Water Bottle,2,1130.48,13,2260.96,84.46,354.07,2405.57,Cash on Delivery,Delivered,Express,Mobile App,,South,3
75356924,797674,11-08-2024,Grocery,Snack Assortment,3,473.47,21,1420.41,105.7,56.11,1283.93,UPI,Delivered,Standard,Mobile App,LOYALTY5,North,5
75490247,870085,25-07-2024,Grocery,Green Tea,1,469.54,22,469.54,63.79,18.31,448.34,Cash on Delivery,Shipped,Standard,Marketplace,,South,
75508795,192903,11-10-2024,Beauty & Personal Care,Hair Dryer,2,2741.47,11,5482.94,4.52,878.37,5762.71,Credit Card,Delivered,Standard,Website,,West,5
75525466,882469,25-11-2024,Home & Kitchen,Air Fryer,3,7508.12,13,22524.37,110.37,3527.32,23233.89,Wallet,Shipped,Next Day,Mobile App,FREESHIP,West,
75539950,889358,11-10-2025,Electronics,Wireless Earbuds,1,2806.88,15,2806.88,70.94,429.45,2886.24,Cash on Delivery,Processin,Express,Mobile App,SAVE20,South,
75558127,477682,12-11-2024,Grocery,Green Tea,3,433.76,16,1301.29,54.74,54.65,1202.47,Credit Card,Delivered,Standard,Mobile App,SAVE20,West,5
75567690,236875,19-09-2025,Fashion,Cotton T-Shirt,3,894.64,6,2683.93,153.3,302.75,2978.94,Debit Card,Delivered,Next Day,Marketplace,FREESHIP,East,2
75597269,949262,13-08-2024,Electronics,Wireless Earbuds,2,2629.05,5,5258.1,78.96,899.14,5973.3,UPI,Delivered,Standard,Mobile App,,East,5
75602879,307597,03-07-2024,Fashion,Running Shoes,2,4245.51,0,8491.02,13.09,1018.92,9523.03,Net Banking,Delivered,Pickup Point,Website,LOYALTY5,South,5
75616969,857476,31-07-2024,Books,Data Analytics Handbook,4,858.6,20,3434.4,37.87,137.38,2922.77,Credit Card,Shipped,Pickup Point,Website,,Central,
75666541,371899,24-11-2024,Electronics,Mechanical Keyboard,4,4327.05,12,17308.19,18.32,2741.62,17991.15,Credit Card,Shipped,Standard,Website,,Central,
75669997,502392,08-10-2024,Home & Kitchen,Air Fryer,1,6598.51,21,6598.51,0,938.31,6151.13,Credit Card,Returned,Standard,Mobile App,,South,
75701449,930111,16-07-2024,Home & Kitchen,Electric Kettle,1,1954.92,5,1954.92,17.22,334.29,2208.68,UPI,Processin,Standard,Mobile App,,North,
75758666,114374,28-12-2024,Fashion,Casual Shirt,1,1787.04,22,1787.04,33.94,167.27,1595.1,Wallet,Delivered,Pickup Point,Mobile App,LOYALTY5,South,5
75763496,272139,09-10-2025,Fashion,Backpack,3,2128.67,2,6386,8.67,750.99,7017.94,UPI,Returned,Standard,Mobile App,WELCOME10,West,
75782556,530556,11-05-2024,Electronics,1080p Webcam,2,4004.62,25,8009.25,13.3,1081.25,7101.49,Debit Card,Delivered,Standard,Marketplace,,West,5
75784631,277727,16-11-2024,Beauty & Personal Care,Face Serum,4,1287.45,1,5149.79,35.68,917.69,6051.66,Net Banking,Processin,Standard,Website,,Central,
75809955,754071,29-10-2024,Grocery,Protein Cereal,4,615.89,18,2463.57,70.74,101.01,2191.88,UPI,Delivered,Standard,Marketplace,FESTIVE15,South,5
75823929,201571,14-02-2024,Fashion,Hoodie,1,2564.56,20,2564.56,33.52,246.2,2331.37,UPI,Delivered,Standard,Website,WELCOME10,East,5
75831007,424902,28-03-2025,Home & Kitchen,Electric Kettle,3,1944.08,16,5832.24,30.07,881.83,5810.98,Credit Card,Delivered,Standard,Mobile App,SAVE20,North,5
75850346,677141,07-05-2024,Electronics,1080p Webcam,2,4468.26,21,8936.53,59.23,1270.77,8389.86,UPI,Delivered,Standard,Website,FREESHIP,Central,5
75850457,732254,31-08-2025,Electronics,Smartwatch,3,6791.25,15,20373.76,67.49,3117.19,20502.38,Wallet,Delivered,Express,Mobile App,,Central,3
75863548,531162,22-11-2024,Electronics,Smartwatch,4,5773.2,3,23092.81,100.39,4032.01,26532.43,Credit Card,Delivered,Next Day,Website,FESTIVE15,West,2
75869923,288257,13-01-2024,Fashion,Sunglasses,2,1352.34,0,2704.68,120.21,324.56,3149.45,Wallet,Delivered,Express,Mobile App,SAVE20,East,3
75898159,192903,02-05-2024,Books,Business Strategy Book,2,646.36,6,1292.72,106.76,60.76,1382.68,Credit Card,Delivered,Express,Website,FREESHIP,East,5
75906336,195312,13-07-2025,Home & Kitchen,Non-Stick Cookware Set,5,5559.43,6,27797.16,24.4,4703.28,30857.01,Credit Card,Delivered,Standard,Mobile App,,West,5
75912387,403318,01-05-2024,Fashion,Women’s Kurta,2,1600.84,6,3201.69,11.95,361.15,3382.69,Credit Card,Processin,Standard,Website,FREESHIP,East,
75915424,930111,16-06-2024,Electronics,1080p Webcam,2,3791.19,5,7582.39,3.1,1296.59,8502.96,Credit Card,Delivered,Standard,Mobile App,,West,5
75945251,121516,07-12-2024,Home & Kitchen,Air Fryer,4,7176.57,3,28706.3,30.55,5012.12,32887.78,Debit Card,Confirmed,Standard,Mobile App,SAVE20,South,
75982517,784248,31-05-2025,Beauty & Personal Care,Perfume,3,2515.93,7,7547.8,0,1263.5,8282.95,Net Banking,Shipped,Standard,Mobile App,,Central,
75984127,599639,24-08-2024,Fashion,Backpack,3,2342.54,11,7027.63,36.91,750.55,7042.05,UPI,Delivered,Standard,Mobile App,,West,5
75991047,543715,27-10-2024,Beauty & Personal Care,Perfume,2,2514.14,6,5028.27,8.42,850.78,5585.77,Debit Card,Delivered,Standard,Mobile App,SAVE20,West,5
76037460,156356,16-01-2024,Fashion,Sunglasses,3,1251.69,26,3755.06,145.56,333.45,3257.75,Wallet,Delivered,Express,Mobile App,WELCOME10,Central,3
76057365,349717,05-04-2024,Electronics,Wireless Earbuds,2,2334.03,10,4668.07,66.49,756.23,5023.98,Credit Card,Shipped,Standard,Mobile App,LOYALTY5,South,
76066553,315098,26-09-2024,Home & Kitchen,Mixer Grinder,2,4553.89,15,9107.78,0,1393.49,9135.1,Debit Card,Processin,Standard,Mobile App,,West,
76086237,882469,23-06-2024,Beauty & Personal Care,Face Serum,1,1304.71,11,1304.71,57.68,209.01,1427.88,Credit Card,Delivered,Standard,Mobile App,FESTIVE15,Central,5
76087944,121516,04-01-2024,Books,Business Strategy Book,2,704.64,16,1409.28,49.33,59.19,1292.32,UPI,Delivered,Pickup Point,Mobile App,FESTIVE15,West,7
76106425,531162,11-01-2024,Books,Fiction Bestseller,1,567.84,1,567.84,31.58,28.11,621.85,Credit Card,Delivered,Standard,Website,APPONLY10,West,5
76126234,717362,20-04-2025,Books,Personal Finance Guide,3,731.98,15,2195.93,77.07,93.33,2036.94,UPI,Returned,Standard,Mobile App,APPONLY10,East,
76131639,966122,02-09-2025,Books,Exam Preparation Book,2,916.98,16,1833.95,58.49,77.03,1676.04,UPI,Confirmed,Standard,Website,,Central,
76136604,292070,22-12-2024,Sports & Fitness,Sports Shoes,1,3310.35,13,3310.35,97.31,518.4,3495.71,Credit Card,Delivered,Express,Website,,South,3
76149427,710236,31-12-2025,Fashion,Backpack,2,2363.72,5,4727.43,87.29,538.93,5117.28,UPI,Delivered,Express,Marketplace,,North,3
76167096,517875,22-10-2024,Electronics,Noise Cancelling Headphones,2,8732.84,15,17465.68,86.66,2672.25,17604.74,Cash on Delivery,Delivered,Next Day,Website,,North,2
76173801,196350,05-06-2024,Home & Kitchen,Electric Kettle,3,2042.88,12,6128.63,0,970.77,6363.96,UPI,Delivered,Pickup Point,Mobile App,,West,5
76201805,654045,28-06-2025,Sports & Fitness,Yoga Mat,2,1329.57,10,2659.15,166.55,430.78,2990.56,UPI,Delivered,Next Day,Marketplace,APPONLY10,North,2
76226832,701235,13-11-2024,Beauty & Personal Care,Shampoo,2,704.55,2,1409.11,91.29,248.57,1720.79,UPI,Delivered,Standard,Mobile App,FESTIVE15,South,6
76256122,836088,14-03-2024,Beauty & Personal Care,Moisturizer,2,716.03,0,1432.05,113.39,257.77,1803.21,UPI,Delivered,Express,Website,,South,3
76264570,304416,27-10-2025,Grocery,Protein Cereal,6,610.32,15,3661.9,52.13,155.63,3320.38,Credit Card,Delivered,Express,Mobile App,FESTIVE15,North,3
76304341,491942,25-11-2024,Home & Kitchen,Bedsheet Set,1,1882.48,13,1882.48,84.76,294.8,2017.32,Cash on Delivery,Delivered,Standard,Website,APPONLY10,West,5
76380470,885365,07-10-2024,Fashion,Backpack,4,2311.73,1,9246.91,56.74,1098.53,10309.71,UPI,Confirmed,Standard,Mobile App,WELCOME10,North,
76456492,635748,08-06-2025,Sports & Fitness,Cricket Bat,2,4282.82,26,8565.65,48.05,1140.94,7527.57,UPI,Delivered,Express,Mobile App,,South,3
76468970,531162,06-10-2025,Electronics,Wireless Earbuds,1,2498.56,6,2498.56,104.76,422.76,2876.17,UPI,Delivered,Express,Mobile App,,West,3
76477035,333453,07-05-2025,Sports & Fitness,Fitness Resistance Bands,2,1064.99,17,2129.98,54.37,318.22,2140.47,Credit Card,Shipped,Standard,Website,,South,
76555627,369352,22-04-2025,Books,Exam Preparation Book,3,983.63,0,2950.9,74.83,147.55,3173.28,Wallet,Shipped,Express,Mobile App,FREESHIP,West,
76558507,974498,02-12-2025,Sports & Fitness,Dumbbell Set,1,3712.75,11,3712.75,0,594.78,3899.13,Credit Card,Delivered,Pickup Point,Mobile App,,Central,5
76565238,292070,09-10-2025,Sports & Fitness,Yoga Mat,1,1361.97,6,1361.97,86.63,230.44,1597.32,Net Banking,Confirmed,Standard,Marketplace,,East,
76567292,590308,08-01-2024,Electronics,Bluetooth Speaker,5,3096.79,5,15483.95,28.12,2647.76,17385.63,Credit Card,Delivered,Standard,Website,,North,5
76578900,709126,30-07-2024,Home & Kitchen,Mixer Grinder,2,5072.56,20,10145.12,56.9,1460.9,9633.9,UPI,Delivered,Express,Website,APPONLY10,Central,3
76594605,123983,08-05-2025,Home & Kitchen,Non-Stick Cookware Set,2,6327.21,16,12654.41,21.84,1913.35,12564.89,Credit Card,Delivered,Standard,Mobile App,,South,5
76603986,766393,02-05-2024,Fashion,Women’s Kurta,2,1619.92,5,3239.84,20.59,369.34,3467.78,UPI,Shipped,Standard,Mobile App,SAVE20,South,
76620245,459466,11-04-2025,Books,Fiction Bestseller,1,639.47,11,639.47,57.84,28.46,655.43,UPI,Confirmed,Standard,Website,,North,
76632190,936924,12-05-2025,Beauty & Personal Care,Face Serum,2,1209.14,21,2418.28,74.76,343.88,2329.08,UPI,Delivered,Standard,Website,,West,5
76643681,447552,22-11-2025,Sports & Fitness,Sports Shoes,1,3302.06,6,3302.06,13.25,558.71,3675.9,Cash on Delivery,Delivered,Standard,Mobile App,WELCOME10,Central,5
76737509,891579,31-03-2025,Books,Fiction Bestseller,2,575.34,25,1150.68,106.88,43.15,1013.04,UPI,Returned,Express,Website,,West,
76759900,956488,28-12-2025,Books,Personal Finance Guide,1,825.74,2,825.74,79.44,40.46,929.13,Cash on Delivery,Delivered,Express,Website,SAVE20,North,3
76780200,882469,19-10-2025,Grocery,Olive Oil 1L,3,843.55,13,2530.64,26.3,110.08,2338.04,Debit Card,Delivered,Pickup Point,Website,LOYALTY5,West,6
76783437,644492,30-01-2025,Electronics,Bluetooth Speaker,2,3407.1,16,6814.21,0,1030.31,6754.25,Debit Card,Processin,Standard,Mobile App,,South,
76798122,192903,02-07-2024,Electronics,Power Bank,2,1648.46,11,3296.93,40,528.17,3502.44,UPI,Confirmed,Standard,Mobile App,,Central,
76803941,811542,18-10-2025,Home & Kitchen,Air Fryer,2,7533.27,6,15066.54,7.63,2549.26,16719.44,Debit Card,Delivered,Standard,Website,,West,5
76840752,798628,09-12-2024,Electronics,USB-C Hub,2,2266.87,13,4533.73,52.16,709.98,4706.49,Net Banking,Delivered,Standard,Website,FREESHIP,North,5
76846501,333453,05-04-2024,Books,Business Strategy Book,1,649.56,2,649.56,130.94,31.83,799.34,UPI,Shipped,Express,Mobile App,,East,
76854630,832532,07-04-2025,Fashion,Hoodie,3,2184.19,16,6552.57,6.85,660.5,6171.51,UPI,Delivered,Standard,Website,,North,5
76873438,761245,07-09-2024,Fashion,Women’s Kurta,2,1429.5,15,2858.99,129.17,291.62,2850.93,Credit Card,Shipped,Express,Marketplace,,East,
76903866,726019,02-10-2025,Electronics,Smartwatch,2,5772.62,3,11545.24,7.2,2015.8,13221.88,Net Banking,Confirmed,Standard,Marketplace,,West,
76932080,361664,11-03-2025,Fashion,Cotton T-Shirt,2,844.33,6,1688.66,66.03,190.48,1843.85,Debit Card,Shipped,Standard,Mobile App,,South,
76948322,537886,07-11-2025,Grocery,Dry Fruits 500g,4,755.87,2,3023.47,31.73,148.15,3142.88,Net Banking,Delivered,Standard,Marketplace,,South,5
77021355,647542,26-07-2024,Books,Fiction Bestseller,4,590.78,10,2363.11,135.43,106.34,2368.57,Credit Card,Delivered,Express,Mobile App,,Central,3
77044090,766393,19-11-2025,Electronics,Smartwatch,3,5641.47,7,16924.4,50.62,2833.14,18623.45,UPI,Delivered,Standard,Website,,South,5
77047825,710236,22-07-2024,Electronics,USB-C Hub,1,2281.16,0,2281.16,73.65,410.61,2765.42,UPI,Delivered,Standard,Website,FESTIVE15,West,5
77049475,741413,18-01-2025,Fashion,Running Shoes,2,3696.34,5,7392.68,0,842.77,7865.82,Wallet,Delivered,Pickup Point,Website,,South,5
77078260,626829,10-11-2025,Fashion,Running Shoes,2,3782.9,5,7565.8,126,862.5,8176.01,Credit Card,Delivered,Next Day,Website,,West,2
77100167,495243,06-11-2024,Electronics,1080p Webcam,2,4308.05,16,8616.11,68.2,1302.76,8608.49,UPI,Delivered,Express,Website,,South,3
77114468,117219,26-11-2024,Fashion,Cotton T-Shirt,2,1014.44,1,2028.88,60.71,241.03,2310.33,Wallet,Delivered,Standard,Website,,South,5
77125951,614046,15-02-2025,Sports & Fitness,Fitness Resistance Bands,2,961.31,1,1922.62,59.45,342.61,2305.45,Cash on Delivery,Cancelled,Standard,Marketplace,,South,
77149314,965732,06-10-2025,Home & Kitchen,Bedsheet Set,3,1863.74,20,5591.22,3.98,805.14,5282.1,UPI,Delivered,Standard,Mobile App,,East,5
77167972,939766,02-08-2024,Books,Fiction Bestseller,1,564.51,6,564.51,78.23,26.53,635.4,Wallet,Delivered,Standard,Mobile App,,North,5
77177565,989045,09-07-2024,Electronics,Noise Cancelling Headphones,3,8619.23,1,25857.69,0,4607.84,30206.95,Net Banking,Shipped,Standard,Mobile App,,North,
77181999,843493,19-07-2025,Electronics,Bluetooth Speaker,3,3277.05,10,9831.14,69.16,1592.65,10509.84,UPI,Delivered,Next Day,Mobile App,,West,2
77185904,701235,18-12-2025,Beauty & Personal Care,Sunscreen SPF 50,3,859.28,15,2577.83,49.03,394.41,2634.6,Net Banking,Shipped,Standard,Website,SAVE20,South,
77194632,754071,09-11-2024,Books,Exam Preparation Book,2,943.43,21,1886.86,79.55,74.53,1644.7,UPI,Delivered,Standard,Website,FESTIVE15,South,5
77207952,505043,04-12-2025,Electronics,Power Bank,2,1439.3,0,2878.61,16.84,518.15,3413.6,Credit Card,Cancelled,Pickup Point,Marketplace,APPONLY10,South,
77236436,631873,13-07-2024,Electronics,1080p Webcam,2,3456.22,5,6912.45,10.16,1182.03,7759.02,UPI,Delivered,Pickup Point,Website,,East,6
77246123,360097,04-12-2024,Sports & Fitness,Fitness Resistance Bands,2,1021.01,6,2042.02,55.32,345.51,2320.33,Net Banking,Returned,Standard,Website,,West,
77249510,848256,13-05-2024,Home & Kitchen,Bedsheet Set,1,1922.2,15,1922.2,69.07,294.1,1997.04,Credit Card,Delivered,Standard,Website,APPONLY10,West,5
77265204,647542,29-12-2025,Sports & Fitness,Dumbbell Set,2,3775.75,10,7551.49,35.87,1223.34,8055.55,UPI,Shipped,Standard,Website,,South,
77271633,870085,02-01-2024,Beauty & Personal Care,Moisturizer,2,714.77,2,1429.53,65.26,252.17,1718.37,Wallet,Delivered,Standard,Marketplace,,West,5
77291376,119671,22-11-2024,Home & Kitchen,Mixer Grinder,2,4736.57,21,9473.15,30.77,1347.08,8861.64,UPI,Delivered,Express,Website,,East,3
77301576,123983,09-07-2025,Fashion,Hoodie,1,1996.67,11,1996.67,31.37,213.24,2021.65,UPI,Cancelled,Standard,Website,FREESHIP,North,
77312045,754071,25-05-2024,Books,Personal Finance Guide,2,802.29,1,1604.58,72.14,79.43,1740.1,UPI,Delivered,Standard,Mobile App,,South,5
77334144,108459,23-07-2025,Fashion,Sunglasses,3,1392.99,1,4178.97,31.39,496.46,4665.03,Credit Card,Delivered,Standard,Mobile App,,North,5
77336624,647542,25-10-2024,Electronics,Mechanical Keyboard,1,4416.64,0,4416.64,57.53,795,5269.17,UPI,Cancelled,Standard,Website,,East,
77340272,523351,24-09-2025,Home & Kitchen,Non-Stick Cookware Set,3,5732.16,26,17196.48,10.19,2290.57,15026.16,Wallet,Delivered,Standard,Website,FESTIVE15,West,7
77358248,446115,02-07-2024,Grocery,Green Tea,5,447.34,0,2236.68,55.88,111.83,2404.39,Wallet,Processin,Pickup Point,Website,,South,
77384740,543688,13-06-2024,Fashion,Hoodie,2,2285.45,0,4570.9,4.04,548.51,5123.45,Credit Card,Shipped,Pickup Point,Website,SAVE20,South,
77388760,695125,17-03-2024,Electronics,Bluetooth Speaker,4,3404.03,5,13616.12,21.58,2328.36,15285.25,Wallet,Delivered,Standard,Website,FESTIVE15,South,5
77391039,784248,21-09-2025,Sports & Fitness,Sports Shoes,3,3398.99,22,10196.98,39.89,1431.66,9425.19,Credit Card,Delivered,Standard,Mobile App,,South,5
77419143,326621,29-03-2025,Sports & Fitness,Dumbbell Set,1,3335.53,21,3335.53,73.42,474.31,3182.8,UPI,Delivered,Standard,Mobile App,,West,5
77450000,520562,16-09-2025,Home & Kitchen,Storage Organizer,2,865.46,10,1730.93,71.25,280.41,1909.5,UPI,Delivered,Standard,Website,,East,5
77459408,192903,21-08-2025,Fashion,Running Shoes,2,4044.44,11,8088.89,61.06,863.89,8124.06,Net Banking,Delivered,Express,Marketplace,,South,3
77466040,847417,06-05-2024,Fashion,Cotton T-Shirt,1,917.37,17,917.37,54.95,91.37,907.74,UPI,Returned,Standard,Mobile App,,West,
77471598,682946,25-07-2024,Books,Fiction Bestseller,1,630.67,2,630.67,79.32,30.9,728.28,Credit Card,Delivered,Standard,Website,FREESHIP,North,5
77497388,810253,14-10-2024,Fashion,Hoodie,1,2040.16,20,2040.16,129.42,195.86,1957.41,UPI,Delivered,Express,Mobile App,FREESHIP,North,3
77517950,924729,30-05-2024,Beauty & Personal Care,Lipstick,1,872.46,10,872.46,140.67,141.34,1067.22,Net Banking,Delivered,Express,Mobile App,,West,3
77523094,371899,05-03-2024,Home & Kitchen,Bedsheet Set,1,1838.92,15,1838.92,78.47,281.35,1922.9,Net Banking,Delivered,Standard,Mobile App,APPONLY10,North,5
77534804,192967,05-11-2024,Electronics,USB-C Hub,3,2260.52,7,6781.56,15.25,1135.23,7457.33,UPI,Delivered,Standard,Mobile App,,West,5
77562527,754071,30-03-2025,Books,Cookbook,3,756.61,26,2269.84,73.3,83.98,1836.96,UPI,Delivered,Standard,Mobile App,,North,5
77570437,705771,26-03-2024,Home & Kitchen,Bedsheet Set,2,2068.23,10,4136.45,16.56,670.11,4409.48,Debit Card,Delivered,Standard,Website,APPONLY10,Central,5
77603042,531162,27-06-2025,Beauty & Personal Care,Perfume,2,2472.14,16,4944.28,31.56,747.58,4932.34,Net Banking,Delivered,Standard,Mobile App,,Central,5
77605321,192967,19-07-2024,Grocery,Protein Cereal,3,551.72,10,1655.16,198.85,74.48,1762.97,Credit Card,Delivered,Next Day,Marketplace,SAVE20,North,2
77607410,273966,20-07-2025,Beauty & Personal Care,Perfume,2,2365.84,15,4731.68,134.68,723.95,4880.56,UPI,Delivered,Next Day,Website,,West,2
77612499,338179,28-05-2025,Electronics,Noise Cancelling Headphones,2,9628.32,17,19256.64,0,2876.94,18859.95,Credit Card,Shipped,Pickup Point,Mobile App,,Central,
77612697,698839,04-12-2025,Home & Kitchen,Table Lamp,1,1397.89,10,1397.89,79.95,226.46,1564.51,Net Banking,Shipped,Standard,Mobile App,,West,
77645222,621502,28-11-2024,Fashion,Cotton T-Shirt,3,870.45,28,2611.35,120.87,225.62,2226.66,Credit Card,Confirmed,Express,Website,WELCOME10,South,
77647136,388158,28-05-2024,Books,Business Strategy Book,2,661.26,1,1322.52,194.29,65.46,1569.04,UPI,Delivered,Next Day,Website,,South,2
77667926,371899,08-04-2024,Electronics,Mechanical Keyboard,1,4876.76,25,4876.76,13.77,658.36,4329.7,Net Banking,Delivered,Standard,Website,APPONLY10,West,6
77682911,830489,03-10-2025,Home & Kitchen,Bedsheet Set,3,1910.72,1,5732.16,36.98,1021.47,6733.29,Debit Card,Delivered,Standard,Mobile App,WELCOME10,Central,5
77699670,315327,03-07-2024,Books,Cookbook,4,832.76,5,3331.04,57.93,158.22,3380.64,Net Banking,Delivered,Express,Website,WELCOME10,Central,3
77704958,156356,01-07-2024,Sports & Fitness,Cricket Bat,1,4814.46,16,4814.46,21.78,727.95,4793.88,UPI,Delivered,Express,Website,,South,3
77720391,644492,17-06-2025,Home & Kitchen,Mixer Grinder,1,5097.06,21,5097.06,36.82,724.8,4788.3,Wallet,Delivered,Express,Marketplace,,West,4
77728841,982501,09-03-2025,Grocery,Dry Fruits 500g,2,685.41,25,1370.81,44.87,51.41,1124.39,Debit Card,Shipped,Standard,Mobile App,,West,
77751975,446115,16-11-2024,Grocery,Green Tea,4,488.22,17,1952.88,53.34,81.04,1755.27,Cash on Delivery,Delivered,Standard,Marketplace,,West,5
77795249,555489,27-02-2025,Home & Kitchen,Storage Organizer,2,847.94,26,1695.88,78.29,225.89,1559.13,UPI,Delivered,Express,Marketplace,,Central,3
77813760,459466,21-06-2025,Fashion,Casual Shirt,2,1782.71,16,3565.42,124.8,359.39,3479.14,UPI,Delivered,Express,Website,FREESHIP,Central,3
77839413,311051,10-10-2025,Grocery,Dry Fruits 500g,3,844.38,24,2533.13,38.13,96.26,2059.57,UPI,Delivered,Standard,Mobile App,,West,5
77840787,950849,27-10-2024,Books,Business Strategy Book,1,683.47,13,683.47,45.33,29.73,669.68,UPI,Delivered,Pickup Point,Website,LOYALTY5,West,5
77844317,325495,13-10-2025,Books,Fiction Bestseller,4,589.82,15,2359.29,65.16,100.27,2170.83,UPI,Delivered,Standard,Marketplace,FREESHIP,East,5
77851839,900979,18-03-2024,Home & Kitchen,Water Bottle,1,1046.39,21,1046.39,232.94,148.8,1208.39,Debit Card,Delivered,Next Day,Website,APPONLY10,West,3
77867297,753025,25-05-2025,Electronics,Noise Cancelling Headphones,1,9213.62,11,9213.62,0,1476.02,9676.14,UPI,Returned,Pickup Point,Mobile App,FREESHIP,West,
77887862,537897,23-01-2024,Beauty & Personal Care,Lipstick,2,804.4,20,1608.81,49.29,231.67,1568.01,Debit Card,Delivered,Pickup Point,Marketplace,,South,5
77893961,663897,29-04-2025,Fashion,Backpack,2,2224.5,5,4449,25.19,507.19,4758.93,Net Banking,Delivered,Standard,Website,,South,7
77897548,626829,18-03-2024,Books,Exam Preparation Book,6,1094.76,5,6568.55,36.7,312.01,6588.83,Debit Card,Delivered,Express,Marketplace,SAVE20,Central,3
77942547,529594,01-02-2025,Books,Fiction Bestseller,3,620.07,0,1860.22,71.59,93.01,2024.82,UPI,Delivered,Express,Marketplace,APPONLY10,North,3
77954351,982501,30-10-2025,Home & Kitchen,Storage Organizer,3,915.29,10,2745.88,51.66,444.83,2967.78,UPI,Delivered,Standard,Website,,Central,7
77971692,469900,17-06-2024,Fashion,Backpack,4,2318.23,16,9272.92,20.42,934.71,8744.38,UPI,Delivered,Standard,Mobile App,,West,5
78004978,214736,19-03-2025,Electronics,1080p Webcam,1,3703.79,20,3703.79,41.89,533.35,3538.27,Credit Card,Delivered,Pickup Point,Website,FREESHIP,South,5
78025827,686303,29-02-2024,Electronics,Smartwatch,3,5716.82,11,17150.45,23.41,2747.5,18034.81,Net Banking,Delivered,Standard,Mobile App,,East,5
78074404,950712,05-12-2024,Beauty & Personal Care,Shampoo,2,746.47,26,1492.94,59.08,198.86,1362.72,Credit Card,Delivered,Standard,Mobile App,FESTIVE15,West,5
78093961,717362,28-09-2024,Home & Kitchen,Table Lamp,2,1555.67,5,3111.34,111.8,532.04,3599.61,Cash on Delivery,Delivered,Express,Mobile App,,West,3
78097172,950712,30-04-2024,Grocery,Snack Assortment,3,470.9,11,1412.71,63.5,62.87,1383.68,Cash on Delivery,Delivered,Standard,Mobile App,,North,5
78106609,311051,21-05-2025,Fashion,Cotton T-Shirt,4,888.84,12,3555.36,115.02,375.45,3619.19,Debit Card,Delivered,Next Day,Mobile App,LOYALTY5,West,2
78116905,894122,07-11-2025,Home & Kitchen,Storage Organizer,3,979.56,15,2938.67,115.77,449.62,3063.26,Wallet,Delivered,Express,Mobile App,,South,3
78163155,554476,29-06-2024,Beauty & Personal Care,Face Serum,1,1215.07,16,1215.07,85.11,183.72,1289.49,UPI,Shipped,Express,Mobile App,,West,
78163819,557433,31-03-2025,Fashion,Hoodie,3,2098.02,11,6294.05,129.75,672.2,6403.65,Credit Card,Delivered,Next Day,Marketplace,,North,2
78193202,982501,28-06-2025,Electronics,Mechanical Keyboard,1,4682.72,5,4682.72,181.88,800.74,5431.2,Net Banking,Processin,Same Day,Website,,North,
78217123,554476,02-11-2024,Books,Personal Finance Guide,4,760.86,23,3043.42,61.4,117.17,2522,Credit Card,Shipped,Express,Mobile App,FESTIVE15,West,
78221621,192903,11-02-2024,Home & Kitchen,Electric Kettle,1,1766.8,1,1766.8,120.05,314.84,2184.02,Wallet,Delivered,Express,Website,,East,3
78223812,565699,01-02-2025,Home & Kitchen,Air Fryer,1,6303.78,21,6303.78,104.8,896.4,5981.19,Wallet,Delivered,Next Day,Marketplace,,North,2
78250721,248381,19-01-2024,Beauty & Personal Care,Face Serum,4,1350.59,6,5402.34,35.38,914.08,6027.66,Debit Card,Delivered,Standard,Mobile App,,South,5
78265678,897009,01-12-2024,Sports & Fitness,Fitness Resistance Bands,2,911.74,26,1823.49,28.94,242.89,1621.21,Wallet,Shipped,Pickup Point,Mobile App,,South,
78274233,800982,16-12-2024,Home & Kitchen,Mixer Grinder,1,4891.9,10,4891.9,91.51,792.49,5286.71,UPI,Delivered,Express,Website,,West,3
78283439,206289,04-04-2025,Home & Kitchen,Bedsheet Set,3,2082.7,11,6248.11,1.28,1000.95,6563.05,Net Banking,Delivered,Standard,Website,SAVE20,West,5
78304639,726019,03-11-2025,Grocery,Organic Rice 5kg,4,735.92,26,2943.67,77.15,108.92,2364.39,Credit Card,Delivered,Standard,Website,APPONLY10,Central,7
78351960,603463,10-08-2024,Electronics,Wireless Earbuds,3,2174.4,10,6523.21,33.07,1056.76,6960.72,UPI,Delivered,Express,Website,,East,3
78414825,204535,04-02-2024,Home & Kitchen,Storage Organizer,2,924.36,11,1848.73,59.14,296.17,2000.68,UPI,Delivered,Standard,Mobile App,FESTIVE15,South,5
78429882,158692,25-05-2024,Books,Fiction Bestseller,2,593.79,10,1187.58,71.03,53.44,1193.29,Debit Card,Delivered,Standard,Mobile App,,Central,5
78459751,870688,17-10-2024,Beauty & Personal Care,Face Serum,3,1339.6,6,4018.81,146.95,679.98,4604.61,Net Banking,Delivered,Next Day,Marketplace,SAVE20,South,2
78490763,859409,04-11-2025,Electronics,Power Bank,1,1674.86,18,1674.86,58.12,247.21,1678.72,Net Banking,Delivered,Standard,Mobile App,LOYALTY5,South,6
78501465,545331,08-03-2024,Electronics,Mechanical Keyboard,1,4650.7,16,4650.7,29.66,703.19,4639.44,Debit Card,Delivered,Express,Marketplace,FREESHIP,North,3
78514050,967182,10-04-2025,Electronics,1080p Webcam,1,3786.15,11,3786.15,7.2,606.54,3983.41,Wallet,Delivered,Standard,Mobile App,,Central,6
78526118,350814,16-06-2024,Home & Kitchen,Mixer Grinder,1,5313.4,26,5313.4,34.29,707.75,4673.96,Cash on Delivery,Cancelled,Standard,Mobile App,,West,
78546443,784248,09-04-2024,Electronics,USB-C Hub,3,2226.43,12,6679.28,250.16,1058,7185.93,UPI,Delivered,Same Day,Marketplace,LOYALTY5,West,1
78546878,586782,06-09-2024,Electronics,Power Bank,3,1478.87,20,4436.6,0,638.87,4188.15,UPI,Delivered,Standard,Mobile App,,North,5
78554302,754071,13-01-2025,Fashion,Sunglasses,2,1247.32,21,2494.65,87.84,236.49,2295.1,UPI,Delivered,Express,Marketplace,FESTIVE15,West,3
78554956,894122,29-05-2024,Fashion,Women’s Kurta,1,1635.47,0,1635.47,85.36,196.26,1917.09,UPI,Delivered,Express,Marketplace,,West,3
78609137,212904,15-02-2025,Fashion,Denim Jeans,2,2490.38,16,4980.75,87.06,502.06,4772.95,UPI,Delivered,Express,Website,FESTIVE15,East,3
78659753,930111,26-11-2025,Grocery,Snack Assortment,1,496.61,25,496.61,76.91,18.62,467.99,Credit Card,Delivered,Standard,Website,,East,5
78714718,907468,30-08-2025,Home & Kitchen,Water Bottle,1,971.08,10,971.08,71.46,157.31,1102.74,Cash on Delivery,Cancelled,Standard,Mobile App,,South,
78722754,315856,22-03-2025,Sports & Fitness,Sports Shoes,2,3110.73,25,6221.45,53.46,839.9,5559.45,UPI,Delivered,Express,Mobile App,,South,3
78752052,206289,03-05-2024,Grocery,Premium Coffee,2,638.42,6,1276.84,59.22,60.01,1319.46,Credit Card,Delivered,Standard,Website,,South,5
78783097,505099,01-06-2025,Books,Personal Finance Guide,1,697.8,1,697.8,122.62,34.54,847.98,Debit Card,Delivered,Express,Website,LOYALTY5,West,3
78791850,684939,04-12-2024,Fashion,Hoodie,3,2362.36,5,7087.07,220.28,807.93,7760.93,UPI,Confirmed,Same Day,Website,,West,
78795436,900979,06-03-2024,Electronics,USB-C Hub,1,2166.78,11,2166.78,20.31,347.12,2295.86,UPI,Shipped,Pickup Point,Website,FREESHIP,East,
78817978,685812,09-06-2025,Fashion,Hoodie,2,1869.8,26,3739.61,39.98,332.08,3139.37,UPI,Delivered,Standard,Website,,West,6
78852527,103683,04-03-2025,Beauty & Personal Care,Perfume,3,2484.34,10,7453.02,0,1207.39,7915.11,Credit Card,Delivered,Standard,Mobile App,,South,5
78855281,285228,30-11-2025,Home & Kitchen,Water Bottle,3,904.04,13,2712.11,78.85,424.72,2863.11,UPI,Delivered,Standard,Website,LOYALTY5,North,5
78877925,640870,18-02-2025,Fashion,Women’s Kurta,2,1603.82,0,3207.65,16.69,384.92,3609.26,Net Banking,Confirmed,Standard,Marketplace,LOYALTY5,North,
78913846,360097,23-12-2025,Sports & Fitness,Dumbbell Set,1,4136.09,21,4136.09,0,588.15,3855.66,Credit Card,Shipped,Standard,Mobile App,WELCOME10,West,
78943928,946242,15-11-2025,Electronics,Wireless Earbuds,1,2586.76,1,2586.76,76.88,460.96,3098.73,Debit Card,Shipped,Standard,Mobile App,,Central,
78950163,538331,17-10-2025,Books,Fiction Bestseller,2,617.91,7,1235.81,51.74,57.46,1258.5,UPI,Delivered,Standard,Mobile App,,North,5
78957266,553176,27-03-2024,Home & Kitchen,Storage Organizer,1,823.41,15,823.41,197.3,125.98,1023.18,Net Banking,Delivered,Next Day,Mobile App,,South,2
78959887,746996,09-08-2025,Home & Kitchen,Bedsheet Set,2,1904.11,20,3808.23,16.35,548.38,3611.31,Credit Card,Shipped,Standard,Mobile App,,North,
78965371,370235,10-01-2024,Books,Exam Preparation Book,1,1031.82,15,1031.82,242.81,43.85,1163.71,Cash on Delivery,Cancelled,Same Day,Mobile App,,East,
78994494,604653,16-04-2025,Sports & Fitness,Cricket Bat,2,4602.55,10,9205.11,23.72,1491.23,9799.55,UPI,Shipped,Standard,Mobile App,FESTIVE15,West,
79015361,398690,13-12-2025,Electronics,1080p Webcam,2,4134.82,16,8269.64,26.87,1250.37,8223.74,UPI,Delivered,Standard,Mobile App,,South,5
79070362,784248,28-09-2025,Electronics,Mechanical Keyboard,1,4322.7,12,4322.7,14.49,684.72,4503.19,UPI,Delivered,Standard,Mobile App,,South,5
79073220,398690,12-08-2024,Beauty & Personal Care,Moisturizer,2,741.8,6,1483.6,92.98,251.02,1738.58,Credit Card,Processin,Express,Website,WELCOME10,West,
79095439,511294,30-07-2024,Home & Kitchen,Electric Kettle,2,1987.73,0,3975.46,35.44,715.58,4726.48,UPI,Delivered,Express,Website,FREESHIP,South,3
79101003,850062,21-11-2024,Electronics,Smartwatch,1,6212.91,18,6212.91,116.28,917.03,6127.9,UPI,Confirmed,Next Day,Mobile App,FESTIVE15,North,
79131204,900979,20-04-2024,Electronics,Bluetooth Speaker,3,3412.71,6,10238.14,77.57,1732.29,11433.71,Debit Card,Delivered,Express,Website,FREESHIP,West,3
79178282,484328,15-08-2024,Beauty & Personal Care,Sunscreen SPF 50,2,906.47,1,1812.94,78.78,323.07,2196.66,Debit Card,Delivered,Standard,Website,,South,5
79180480,869164,28-05-2025,Home & Kitchen,Non-Stick Cookware Set,2,6023.33,2,12046.65,28.68,2125.03,13959.43,Cash on Delivery,Cancelled,Standard,Marketplace,,South,
79186767,796294,04-12-2025,Fashion,Casual Shirt,3,1762.98,5,5288.95,74.09,602.94,5701.53,Cash on Delivery,Delivered,Express,Mobile App,,South,4
79187174,290732,15-10-2024,Electronics,Smartwatch,2,5951.21,20,11902.41,50.83,1713.95,11286.71,UPI,Delivered,Standard,Website,,West,5
79195410,593595,29-02-2024,Fashion,Running Shoes,1,3983.69,15,3983.69,1.12,406.34,3793.6,UPI,Delivered,Standard,Mobile App,,West,5
79198584,800216,24-08-2024,Electronics,Mechanical Keyboard,1,4672.12,21,4672.12,14.76,664.37,4370.1,UPI,Delivered,Express,Marketplace,FESTIVE15,North,3
79203195,577700,04-11-2024,Electronics,USB-C Hub,2,2307.76,10,4615.51,53.75,747.71,4955.42,Wallet,Returned,Standard,Mobile App,,South,
79233434,446432,28-05-2025,Electronics,1080p Webcam,2,3529.62,16,7059.24,33.3,1067.36,7030.42,Credit Card,Delivered,Standard,Mobile App,,South,5
79253378,469315,07-11-2024,Grocery,Organic Rice 5kg,6,694.91,8,4169.47,16.11,191.8,4043.82,UPI,Delivered,Express,Marketplace,,South,3
79271596,816237,06-03-2025,Grocery,Protein Cereal,2,594.08,10,1188.15,86.61,53.47,1209.41,UPI,Confirmed,Standard,Marketplace,,South,
79285873,623496,06-11-2025,Sports & Fitness,Dumbbell Set,2,3702.79,0,7405.58,0,1333,8738.58,Wallet,Delivered,Pickup Point,Mobile App,LOYALTY5,North,5
79294048,682171,06-05-2024,Grocery,Premium Coffee,2,648.16,5,1296.32,98.37,61.58,1391.45,Wallet,Delivered,Standard,Website,APPONLY10,Central,5
79350891,218555,26-09-2025,Sports & Fitness,Dumbbell Set,1,3520.75,11,3520.75,25.31,564.02,3722.8,Debit Card,Returned,Standard,Website,FESTIVE15,South,
79353968,798628,03-05-2024,Beauty & Personal Care,Perfume,2,2741.6,11,5483.19,6.85,878.41,5765.3,Cash on Delivery,Returned,Standard,Mobile App,LOYALTY5,North,
79364517,707613,31-12-2025,Beauty & Personal Care,Perfume,2,2529.48,16,5058.96,0,764.92,5014.45,Credit Card,Delivered,Pickup Point,Website,,North,5
79384294,674785,14-11-2024,Beauty & Personal Care,Perfume,5,2443.69,6,12218.45,30.39,2067.36,13583.09,Credit Card,Delivered,Standard,Mobile App,WELCOME10,East,5
79385762,603463,05-03-2024,Electronics,Mechanical Keyboard,1,4444.58,10,4444.58,70.54,720.02,4790.68,Credit Card,Delivered,Express,Website,SAVE20,South,3
79389464,754071,06-06-2025,Home & Kitchen,Mixer Grinder,1,4724.26,11,4724.26,21.3,756.83,4982.72,Cash on Delivery,Delivered,Standard,Marketplace,FESTIVE15,West,5
79426771,947579,22-09-2025,Home & Kitchen,Air Fryer,2,6922.16,11,13844.32,0.77,2217.86,14540.07,Debit Card,Delivered,Standard,Mobile App,FESTIVE15,West,6
79429648,193934,21-09-2025,Sports & Fitness,Cricket Bat,2,4714.04,16,9428.07,65.56,1425.52,9410.66,UPI,Shipped,Express,Website,,Central,
79456302,168648,24-01-2025,Home & Kitchen,Electric Kettle,2,1960.39,1,3920.78,0,698.68,4580.25,Credit Card,Delivered,Standard,Mobile App,FREESHIP,West,5
79498199,119671,24-08-2024,Home & Kitchen,Water Bottle,3,1093.7,16,3281.09,63.18,496.1,3315.4,Credit Card,Delivered,Standard,Mobile App,WELCOME10,West,6
79537363,751476,13-02-2025,Sports & Fitness,Gym Bag,2,1931.76,15,3863.51,61.94,591.12,3937.04,Debit Card,Delivered,Express,Mobile App,LOYALTY5,West,3
79555220,742541,06-12-2024,Electronics,1080p Webcam,1,3965.34,11,3965.34,0,635.25,4164.4,Cash on Delivery,Shipped,Standard,Website,,West,
79566668,446115,12-11-2025,Beauty & Personal Care,Face Serum,2,1347.76,22,2695.53,53.62,378.45,2534.58,Credit Card,Delivered,Standard,Website,,North,5
79585800,125726,26-07-2024,Home & Kitchen,Water Bottle,4,979.65,25,3918.6,237.31,529.01,3705.27,Credit Card,Delivered,Next Day,Website,LOYALTY5,East,2
79598090,744824,24-08-2024,Grocery,Premium Coffee,4,620.77,5,2483.08,191.71,117.95,2668.59,UPI,Returned,Next Day,Website,,South,
79625217,843969,31-12-2025,Electronics,1080p Webcam,2,3749.45,15,7498.9,76.01,1147.33,7597.4,Debit Card,Delivered,Express,Website,FREESHIP,West,3
79645705,686303,20-08-2025,Books,Personal Finance Guide,3,762.9,16,2288.7,82.1,96.13,2100.74,Net Banking,Delivered,Standard,Mobile App,,West,5
79650614,133161,07-06-2025,Electronics,Mechanical Keyboard,4,4681.62,15,18726.48,36.25,2865.15,18818.91,Credit Card,Delivered,Express,Mobile App,,West,3
79729248,124644,12-10-2025,Home & Kitchen,Mixer Grinder,1,5247.67,12,5247.67,43.14,831.23,5492.32,Credit Card,Cancelled,Standard,Marketplace,FESTIVE15,East,
79745942,574198,04-03-2025,Sports & Fitness,Yoga Mat,4,1253.05,6,5012.2,40.83,848.06,5600.36,Cash on Delivery,Confirmed,Standard,Website,WELCOME10,North,
79772267,684939,02-07-2025,Fashion,Sunglasses,2,1419.78,15,2839.55,27.45,289.63,2730.7,Cash on Delivery,Delivered,Standard,Mobile App,FREESHIP,North,5
79787898,555489,22-08-2024,Electronics,Smartwatch,2,6175.02,11,12350.04,0,1978.48,12970.02,Wallet,Delivered,Pickup Point,Website,FREESHIP,South,5
79803134,287592,17-08-2024,Fashion,Women’s Kurta,3,1472.96,16,4418.89,3.04,445.42,4160.33,UPI,Cancelled,Standard,Marketplace,,South,
79810784,304920,11-02-2024,Home & Kitchen,Bedsheet Set,3,1877.39,16,5632.16,0,851.58,5582.59,UPI,Shipped,Standard,Website,FESTIVE15,Central,
79827871,870688,09-10-2025,Beauty & Personal Care,Shampoo,1,732.7,11,732.7,62.17,117.38,831.65,UPI,Shipped,Standard,Mobile App,,West,
79833791,507481,11-12-2025,Home & Kitchen,Water Bottle,2,1089.57,21,2179.14,39.63,309.87,2071.02,Credit Card,Delivered,Standard,Website,,South,5
79837943,159779,06-07-2025,Home & Kitchen,Electric Kettle,2,1910.85,5,3821.71,7.8,653.51,4291.93,UPI,Shipped,Standard,Mobile App,,North,
79861788,501794,04-10-2025,Beauty & Personal Care,Face Serum,1,1185.29,5,1185.29,113.6,202.69,1442.32,Debit Card,Delivered,Express,Mobile App,FREESHIP,West,3
79863845,453000,04-10-2025,Electronics,Mechanical Keyboard,2,4571.5,23,9143,49.08,1267.22,8356.41,Wallet,Delivered,Express,Website,LOYALTY5,West,3
79895220,889358,18-01-2025,Fashion,Cotton T-Shirt,3,872.14,5,2616.41,163.02,298.27,2946.88,Credit Card,Delivered,Express,Website,LOYALTY5,South,3
79938171,152077,26-09-2024,Grocery,Green Tea,2,465.94,0,931.87,128.8,46.59,1107.26,Debit Card,Delivered,Express,Website,SAVE20,West,3
79955334,848013,07-04-2024,Books,Fiction Bestseller,4,604.02,16,2416.07,25.8,101.48,2156.78,UPI,Returned,Pickup Point,Marketplace,,West,
79955556,832532,11-03-2025,Fashion,Casual Shirt,2,1750.41,6,3500.81,34.25,394.89,3719.9,UPI,Delivered,Express,Website,,South,3
79963107,918157,30-01-2025,Electronics,Bluetooth Speaker,3,3185.26,26,9555.77,123.46,1272.83,8467.56,Cash on Delivery,Processin,Next Day,Mobile App,,Central,
79965485,930111,29-03-2024,Home & Kitchen,Storage Organizer,4,931.81,15,3727.23,235.28,570.27,3973.7,UPI,Delivered,Next Day,Marketplace,WELCOME10,West,2
79974963,446115,19-06-2024,Beauty & Personal Care,Perfume,3,2307.76,5,6923.27,10.81,1183.88,7771.8,Credit Card,Delivered,Pickup Point,Mobile App,WELCOME10,South,5
79977097,210506,28-04-2024,Electronics,Smartwatch,2,5666.58,15,11333.17,0,1733.97,11367.16,Debit Card,Delivered,Standard,Website,FREESHIP,East,5
80063424,216247,23-07-2025,Electronics,Power Bank,3,1523.93,11,4571.78,27.48,732.4,4828.76,Debit Card,Shipped,Standard,Mobile App,,West,
80073412,726894,03-03-2024,Grocery,Organic Rice 5kg,2,650.24,1,1300.48,186.99,64.37,1538.84,Debit Card,Delivered,Next Day,Marketplace,,Central,2
80074454,590308,16-10-2024,Home & Kitchen,Non-Stick Cookware Set,3,5513.2,15,16539.59,95.87,2530.56,16685.08,Credit Card,Delivered,Express,Website,,West,3
80099707,463141,09-11-2025,Fashion,Cotton T-Shirt,3,1000.37,23,3001.12,102.67,277.3,2690.83,UPI,Delivered,Standard,Website,,South,5
80146065,531162,04-01-2025,Electronics,Mechanical Keyboard,1,4658.13,16,4658.13,10.12,704.31,4627.26,Debit Card,Delivered,Standard,Mobile App,,Central,5
80163419,284616,11-10-2024,Fashion,Cotton T-Shirt,1,923.5,2,923.5,85.15,108.6,1098.78,Credit Card,Delivered,Standard,Website,FESTIVE15,West,5
80173293,900979,07-07-2024,Electronics,Noise Cancelling Headphones,2,9037.12,11,18074.25,104.19,2895.49,19085.76,Cash on Delivery,Delivered,Express,Website,,West,3
80177864,754071,12-05-2025,Home & Kitchen,Water Bottle,1,1101.12,11,1101.12,82.35,176.4,1238.75,Credit Card,Shipped,Standard,Website,,East,
80184031,280076,22-08-2025,Electronics,Mechanical Keyboard,4,4163.37,11,16653.48,21.71,2667.89,17511.2,Credit Card,Delivered,Standard,Marketplace,,South,5
80207624,531162,09-10-2025,Beauty & Personal Care,Shampoo,3,730.77,3,2192.31,57.72,382.78,2567.04,UPI,Delivered,Standard,Website,SAVE20,East,5
80211473,167829,29-06-2025,Fashion,Backpack,4,2428.61,6,9714.45,0.74,1095.79,10228.11,Wallet,Delivered,Standard,Website,,North,6
80280090,861740,09-05-2025,Books,Business Strategy Book,2,710.01,12,1420.03,32.79,62.48,1344.9,UPI,Processin,Pickup Point,Mobile App,,North,
80292172,595211,21-10-2025,Books,Exam Preparation Book,2,982.95,16,1965.9,82.36,82.57,1816.29,Debit Card,Delivered,Standard,Mobile App,APPONLY10,South,5
80292798,136962,06-02-2024,Electronics,USB-C Hub,1,2369.82,0,2369.82,229.92,426.57,3026.31,Net Banking,Returned,Same Day,Mobile App,WELCOME10,North,
80313196,473494,31-01-2024,Fashion,Casual Shirt,5,1725.29,10,8626.45,70.39,931.66,8765.86,Credit Card,Delivered,Express,Mobile App,,North,5
80345861,742541,25-04-2024,Beauty & Personal Care,Lipstick,6,803.35,1,4820.13,74.24,858.95,5705.12,UPI,Delivered,Express,Website,,Central,3
80377752,347406,06-10-2024,Home & Kitchen,Air Fryer,1,7360.53,0,7360.53,37.66,1324.9,8723.09,Net Banking,Shipped,Express,Website,,North,
80409787,171842,02-08-2024,Electronics,Smartwatch,2,6048.74,0,12097.47,34.96,2177.54,14309.97,UPI,Delivered,Standard,Mobile App,,Central,7
80411263,590308,16-05-2025,Home & Kitchen,Air Fryer,1,6967.82,20,6967.82,54.14,1003.37,6631.77,UPI,Delivered,Standard,Website,,West,5
80417667,889358,18-10-2025,Beauty & Personal Care,Shampoo,1,694.58,5,694.58,77.27,118.77,855.89,Credit Card,Delivered,Standard,Mobile App,,South,5
80419543,949856,21-11-2025,Sports & Fitness,Dumbbell Set,4,3429.63,11,13718.53,6.47,2197.71,14413.67,Cash on Delivery,Delivered,Standard,Mobile App,,South,5
80430017,990734,19-04-2025,Fashion,Women’s Kurta,3,1737.73,25,5213.18,63.18,469.19,4442.25,Cash on Delivery,Delivered,Express,Website,,South,3
80439171,732254,05-02-2025,Sports & Fitness,Gym Bag,1,1751.94,25,1751.94,63.93,236.51,1614.4,UPI,Delivered,Standard,Website,,West,5
80468680,832532,01-08-2024,Home & Kitchen,Electric Kettle,2,1966.17,6,3932.34,0.6,665.35,4362.35,Debit Card,Delivered,Standard,Website,,South,5
80480156,900979,31-10-2024,Home & Kitchen,Storage Organizer,1,865.19,3,865.19,43.4,151.06,1033.69,Credit Card,Delivered,Standard,Mobile App,,South,5
80484927,529767,23-07-2024,Grocery,Dry Fruits 500g,6,855.36,11,5132.14,0,228.38,4795.98,Credit Card,Delivered,Pickup Point,Website,LOYALTY5,Central,5
80492591,870085,28-12-2025,Electronics,Smartwatch,2,6231.83,17,12463.65,0,1862.07,12206.9,Credit Card,Delivered,Standard,Website,,North,6
80499945,468547,06-06-2025,Fashion,Sunglasses,4,1437.64,10,5750.57,1.99,621.06,5798.56,Debit Card,Delivered,Standard,Website,,West,5
80503058,614405,09-11-2024,Home & Kitchen,Water Bottle,1,1032.39,8,1032.39,147.93,170.96,1268.69,Credit Card,Delivered,Express,Mobile App,WELCOME10,North,3
80512605,598862,07-12-2024,Beauty & Personal Care,Face Serum,2,1296.9,2,2593.81,148.93,457.55,3148.41,Credit Card,Shipped,Express,Mobile App,,East,
80568981,624815,30-11-2025,Books,Cookbook,2,797.65,8,1595.3,71.14,73.38,1612.2,UPI,Delivered,Standard,Website,,East,5
80569675,480445,21-07-2024,Grocery,Premium Coffee,4,651.79,10,2607.15,86.34,117.32,2550.1,Credit Card,Delivered,Express,Website,FESTIVE15,West,3
80603443,848256,24-02-2025,Books,Cookbook,1,822.64,5,822.64,85.91,39.08,906.5,UPI,Shipped,Standard,Website,FREESHIP,West,
80625795,453000,22-12-2024,Home & Kitchen,Mixer Grinder,4,4719,26,18876.01,98.8,2514.28,16581.33,Net Banking,Delivered,Express,Marketplace,,West,3
80664332,751476,04-07-2024,Grocery,Premium Coffee,3,600.24,0,1800.71,71.5,90.04,1962.25,Cash on Delivery,Delivered,Standard,Website,APPONLY10,South,5
80691735,453000,31-12-2025,Fashion,Denim Jeans,2,2415.29,30,4830.59,9.77,405.77,3796.95,Net Banking,Delivered,Standard,Mobile App,,West,5
80699118,303829,05-03-2025,Grocery,Protein Cereal,2,620.75,6,1241.5,95.23,58.35,1320.59,UPI,Delivered,Express,Mobile App,,North,4
80711327,672334,15-05-2024,Electronics,Power Bank,2,1729.06,15,3458.12,92.95,529.09,3561.44,UPI,Delivered,Express,Mobile App,,West,3
80718061,834010,29-10-2024,Home & Kitchen,Water Bottle,1,969.48,15,969.48,115.99,148.33,1088.38,Credit Card,Shipped,Express,Mobile App,FESTIVE15,West,
80723349,507481,25-08-2025,Electronics,Power Bank,2,1541.77,1,3083.54,40.47,549.49,3642.66,Net Banking,Delivered,Standard,Marketplace,,East,5
80774842,393562,03-04-2025,Beauty & Personal Care,Moisturizer,3,775.06,10,2325.18,282.65,376.68,2751.99,UPI,Delivered,Same Day,Marketplace,,West,1
80827626,918817,02-04-2025,Electronics,Power Bank,4,1576.09,1,6304.35,73.15,1123.44,7437.9,UPI,Delivered,Express,Website,,South,3
80836292,754071,04-06-2025,Electronics,Wireless Earbuds,1,2489.03,16,2489.03,251.62,376.34,2718.75,Debit Card,Delivered,Same Day,Marketplace,,Central,2
80853250,368474,18-12-2025,Home & Kitchen,Table Lamp,3,1609.23,16,4827.7,31.46,729.95,4816.68,UPI,Delivered,Standard,Marketplace,FESTIVE15,West,5
80853609,966122,16-07-2025,Electronics,Bluetooth Speaker,2,3265,16,6530,154.27,987.34,6626.81,Credit Card,Delivered,Same Day,Mobile App,LOYALTY5,West,1
80855719,369352,03-02-2024,Grocery,Olive Oil 1L,3,897.95,0,2693.85,133.26,134.69,2961.8,UPI,Delivered,Express,Website,,South,5
80858684,333453,30-04-2025,Books,Data Analytics Handbook,2,963.63,12,1927.25,53.47,84.8,1834.25,UPI,Shipped,Standard,Marketplace,APPONLY10,Central,
80861062,754071,07-09-2024,Beauty & Personal Care,Moisturizer,2,753.33,11,1506.65,95.69,241.37,1677.98,Wallet,Delivered,Standard,Website,,West,5
80877783,830489,17-10-2025,Fashion,Casual Shirt,2,1788.66,16,3577.33,254.67,360.6,3620.23,Debit Card,Delivered,Same Day,Mobile App,,South,1
80891701,545331,29-08-2025,Fashion,Hoodie,1,2221.84,1,2221.84,68.29,263.95,2531.86,Credit Card,Delivered,Standard,Marketplace,,East,5
80903032,717362,02-08-2025,Sports & Fitness,Gym Bag,1,1787.67,0,1787.67,104.77,321.78,2214.22,UPI,Delivered,Express,Website,LOYALTY5,East,5
80920237,701235,26-10-2025,Fashion,Casual Shirt,3,1919.57,2,5758.72,26.86,677.23,6347.64,Credit Card,Delivered,Standard,Mobile App,,West,5
80931599,396652,18-11-2025,Beauty & Personal Care,Face Serum,5,1443.71,8,7218.57,70.53,1195.39,7907,UPI,Shipped,Standard,Marketplace,SAVE20,Central,
80931853,266892,28-04-2024,Home & Kitchen,Bedsheet Set,2,2026.44,15,4052.89,11.6,620.09,4076.65,UPI,Delivered,Standard,Mobile App,SAVE20,West,5
80933719,663897,29-07-2024,Home & Kitchen,Water Bottle,2,946.25,5,1892.51,52.32,323.62,2173.82,UPI,Confirmed,Standard,Mobile App,,North,
80947269,153016,11-03-2024,Books,Personal Finance Guide,1,731.8,10,731.8,71.65,32.93,763.2,Net Banking,Delivered,Standard,Marketplace,,South,5
81032555,272139,22-10-2025,Fashion,Hoodie,1,1765.03,17,1765.03,70.17,175.8,1710.94,Cash on Delivery,Delivered,Standard,Mobile App,,South,6
81077572,543715,22-05-2024,Sports & Fitness,Cricket Bat,4,4151.52,21,16606.09,0,2361.39,15480.2,UPI,Delivered,Pickup Point,Marketplace,APPONLY10,South,5
81099718,930111,26-03-2025,Home & Kitchen,Water Bottle,1,987.52,10,987.52,138.99,159.98,1187.74,Cash on Delivery,Delivered,Express,Mobile App,LOYALTY5,West,3
81139439,371899,21-05-2025,Books,Business Strategy Book,5,661.02,10,3305.08,88.85,148.73,3212.15,Debit Card,Delivered,Standard,Marketplace,,West,5
81148260,834277,01-10-2025,Books,Personal Finance Guide,4,814.44,7,3257.75,81.32,151.49,3262.52,UPI,Delivered,Express,Mobile App,FREESHIP,West,3
81149432,939766,28-03-2025,Sports & Fitness,Gym Bag,2,1841.82,16,3683.63,0,556.96,3651.21,Credit Card,Delivered,Standard,Website,,West,5
81185630,458160,25-04-2025,Beauty & Personal Care,Lipstick,3,829.21,26,2487.62,82.04,331.35,2254.23,Credit Card,Processin,Standard,Mobile App,FESTIVE15,West,
81192728,844808,17-11-2025,Home & Kitchen,Air Fryer,2,7269.73,6,14539.45,27.18,2460.07,16154.33,Debit Card,Delivered,Standard,Website,WELCOME10,West,5
81208968,982501,07-12-2024,Home & Kitchen,Electric Kettle,1,2023.06,25,2023.06,83.27,273.11,1873.68,Wallet,Delivered,Standard,Mobile App,,South,5
81234942,174402,06-07-2025,Home & Kitchen,Storage Organizer,3,883.84,5,2651.53,66.41,453.41,3038.77,UPI,Confirmed,Standard,Mobile App,FESTIVE15,North,
81239954,694959,11-08-2024,Sports & Fitness,Gym Bag,3,1699.08,16,5097.25,158.59,770.7,5210.98,UPI,Delivered,Next Day,Marketplace,WELCOME10,South,2
81250744,891712,24-08-2025,Beauty & Personal Care,Sunscreen SPF 50,1,863.4,0,863.4,68.85,155.41,1087.66,Credit Card,Cancelled,Standard,Mobile App,SAVE20,South,
81250924,891343,25-03-2025,Books,Exam Preparation Book,3,1039.79,25,3119.36,50.12,116.98,2506.62,Credit Card,Delivered,Standard,Marketplace,LOYALTY5,North,5
81283753,469315,12-06-2024,Books,Personal Finance Guide,2,817.61,11,1635.22,86.69,72.77,1614.81,Credit Card,Delivered,Standard,Mobile App,LOYALTY5,South,5
81322724,415392,20-03-2024,Sports & Fitness,Fitness Resistance Bands,1,994.06,21,994.06,61.63,141.36,988.3,UPI,Delivered,Standard,Mobile App,SAVE20,Central,5
81327799,192903,31-03-2025,Home & Kitchen,Storage Organizer,1,923.11,26,923.11,49.63,122.96,855.69,Debit Card,Delivered,Standard,Website,WELCOME10,South,6
81334234,726894,10-04-2024,Electronics,USB-C Hub,4,2201.43,6,8805.73,0,1489.93,9767.32,Net Banking,Confirmed,Standard,Marketplace,,West,
81334585,146352,14-11-2024,Sports & Fitness,Dumbbell Set,2,3512.8,12,7025.6,56.08,1112.86,7351.47,UPI,Delivered,Express,Website,SAVE20,East,3
81345540,999413,19-08-2024,Grocery,Olive Oil 1L,5,862.27,6,4311.34,70.74,202.63,4326.03,Credit Card,Delivered,Express,Marketplace,LOYALTY5,Central,3
81355757,410843,27-12-2025,Fashion,Casual Shirt,3,1832.92,7,5498.75,75.05,613.66,5802.55,UPI,Delivered,Express,Website,FREESHIP,South,3
81381483,715227,04-11-2025,Home & Kitchen,Table Lamp,2,1674.48,18,3348.96,137.13,494.31,3377.59,Credit Card,Delivered,Express,Mobile App,LOYALTY5,North,4
81426576,784248,12-10-2025,Fashion,Women’s Kurta,2,1504.17,30,3008.34,88.68,252.7,2447.22,Credit Card,Confirmed,Standard,Mobile App,,North,
81437351,648746,25-01-2024,Sports & Fitness,Yoga Mat,1,1238.35,12,1238.35,192.18,196.16,1478.09,Wallet,Delivered,Same Day,Mobile App,,West,1
81469361,193934,03-08-2025,Books,Business Strategy Book,1,700.65,16,700.65,42.84,29.43,660.82,UPI,Delivered,Pickup Point,Website,LOYALTY5,East,5
81545736,193934,03-11-2025,Books,Exam Preparation Book,2,952.92,11,1905.84,62.26,84.81,1843.27,Debit Card,Delivered,Standard,Website,,South,5
81546659,949521,31-07-2024,Home & Kitchen,Storage Organizer,3,874.1,6,2622.29,53.6,443.69,2962.24,Credit Card,Delivered,Standard,Website,,West,5
81559675,663897,25-05-2025,Electronics,Power Bank,2,1677.06,5,3354.12,4.13,573.55,3764.09,UPI,Delivered,Standard,Mobile App,LOYALTY5,East,5
81596188,347007,03-02-2025,Fashion,Casual Shirt,4,1780.87,10,7123.49,104.68,769.34,7285.16,Net Banking,Delivered,Express,Website,FESTIVE15,Central,3
81629682,537897,19-10-2024,Fashion,Cotton T-Shirt,1,849.33,10,849.33,72.03,91.73,928.16,Debit Card,Delivered,Standard,Marketplace,FREESHIP,Central,5
81663559,654045,18-05-2024,Beauty & Personal Care,Hair Dryer,1,2877.78,10,2877.78,26.73,466.2,3082.93,Debit Card,Confirmed,Pickup Point,Website,WELCOME10,North,
81673661,966122,30-07-2024,Fashion,Casual Shirt,5,1766.7,11,8833.51,26.29,943.42,8831.53,Wallet,Shipped,Standard,Mobile App,WELCOME10,Central,
81713364,338179,16-09-2025,Books,Personal Finance Guide,2,730.19,12,1460.38,80.63,64.26,1430.02,Credit Card,Delivered,Standard,Website,,North,7
81734235,836940,08-03-2025,Books,Data Analytics Handbook,1,914.32,10,914.32,111.6,41.14,975.63,UPI,Shipped,Express,Mobile App,FREESHIP,East,
81745851,671644,29-07-2024,Sports & Fitness,Gym Bag,3,2013.18,12,6039.54,37.07,956.66,6308.53,Net Banking,Delivered,Standard,Website,FESTIVE15,West,6
81757240,924729,17-08-2024,Beauty & Personal Care,Shampoo,3,609.57,10,1828.71,58.17,296.25,2000.26,UPI,Delivered,Standard,Website,,West,5
81792904,224962,14-09-2025,Fashion,Women’s Kurta,3,1691.67,11,5075,0,542.01,5058.76,Net Banking,Delivered,Standard,Website,FESTIVE15,East,5
81800429,857238,15-12-2024,Electronics,Noise Cancelling Headphones,3,8441.85,18,25325.56,53.81,3738.05,24558.82,Debit Card,Returned,Express,Marketplace,FREESHIP,South,
81831057,371899,01-08-2024,Sports & Fitness,Fitness Resistance Bands,2,1005.86,0,2011.73,86.73,362.11,2460.57,Net Banking,Processin,Standard,Website,,East,
81835987,507481,08-10-2025,Fashion,Casual Shirt,2,1722.41,11,3444.82,9.33,367.91,3443.13,UPI,Delivered,Standard,Mobile App,LOYALTY5,South,5
81837043,726894,03-11-2024,Electronics,Smartwatch,2,5112.64,6,10225.28,36.13,1730.12,11378.01,Debit Card,Delivered,Standard,Website,SAVE20,North,5
81853607,333453,21-12-2025,Fashion,Hoodie,4,2094.46,14,8377.83,72.8,864.59,8142.32,Credit Card,Delivered,Standard,Mobile App,,West,5
81862817,654376,25-06-2024,Electronics,1080p Webcam,1,4021.4,20,4021.4,45.47,579.08,3841.67,Net Banking,Shipped,Express,Mobile App,,North,
81872058,285228,15-04-2025,Fashion,Hoodie,2,2360.41,16,4720.82,0,475.86,4441.35,Debit Card,Delivered,Standard,Website,FREESHIP,West,6
81891881,104587,26-04-2025,Electronics,Mechanical Keyboard,1,4241.79,21,4241.79,10.06,603.18,3964.25,UPI,Delivered,Standard,Mobile App,,South,6
81929963,820962,12-02-2025,Home & Kitchen,Mixer Grinder,1,4996.53,11,4996.53,10.39,800.44,5257.74,UPI,Delivered,Standard,Mobile App,,Central,5
81948871,573260,17-08-2024,Beauty & Personal Care,Lipstick,3,809.29,1,2427.88,58.34,432.65,2894.59,UPI,Delivered,Standard,Mobile App,FESTIVE15,South,5
81950689,971454,29-10-2024,Electronics,Smartwatch,2,5790.93,15,11581.86,77.84,1772.02,11694.44,Wallet,Delivered,Express,Website,FREESHIP,North,3
81955190,817095,25-07-2024,Home & Kitchen,Air Fryer,1,7091.08,0,7091.08,15.09,1276.39,8382.56,Debit Card,Delivered,Standard,Mobile App,LOYALTY5,South,5
81960618,156356,19-07-2025,Beauty & Personal Care,Lipstick,2,840.94,26,1681.89,99.78,224.03,1568.41,UPI,Delivered,Standard,Website,,South,5
81973123,477682,05-08-2024,Fashion,Casual Shirt,2,1610.83,16,3221.66,97.42,324.74,3128.35,Credit Card,Delivered,Standard,Website,FREESHIP,East,5
81996835,446115,10-06-2024,Grocery,Snack Assortment,3,540.83,15,1622.48,118.22,68.96,1566.29,Net Banking,Shipped,Express,Website,SAVE20,West,
82025941,513727,19-09-2024,Beauty & Personal Care,Lipstick,5,763.12,11,3815.62,0,611.26,4007.16,UPI,Delivered,Standard,Mobile App,WELCOME10,South,5
82028880,284839,02-05-2025,Electronics,Mechanical Keyboard,1,4299.05,25,4299.05,40.19,580.37,3844.85,UPI,Delivered,Express,Website,LOYALTY5,Central,4
82055573,756384,15-07-2025,Fashion,Cotton T-Shirt,3,852.55,11,2557.65,61.08,273.16,2610.55,UPI,Delivered,Standard,Website,,North,5
82059635,732254,10-08-2025,Electronics,Smartwatch,1,5684.9,15,5684.9,18.85,869.79,5720.8,Credit Card,Delivered,Pickup Point,Mobile App,WELCOME10,North,5
82069348,671302,06-03-2024,Sports & Fitness,Cricket Bat,2,4368.89,10,8737.78,100.33,1415.52,9379.85,Debit Card,Delivered,Express,Mobile App,,West,3
82071982,843493,03-07-2024,Fashion,Backpack,3,2415.73,15,7247.2,11.97,739.21,6911.3,UPI,Delivered,Standard,Mobile App,,North,5
82075940,836021,30-05-2024,Home & Kitchen,Non-Stick Cookware Set,1,5613.02,1,5613.02,21.35,1000.24,6578.48,UPI,Processin,Standard,Mobile App,FESTIVE15,West,
82085900,556071,19-03-2024,Electronics,1080p Webcam,1,3793.61,0,3793.61,209.02,682.85,4685.48,Wallet,Shipped,Next Day,Mobile App,,South,
82093052,289404,02-01-2024,Fashion,Hoodie,4,2231.07,26,8924.27,98.46,792.48,7494.9,Debit Card,Delivered,Express,Mobile App,SAVE20,West,3
82101982,123983,13-06-2024,Fashion,Backpack,5,2380.63,6,11903.14,17.24,1342.67,12548.86,Net Banking,Delivered,Standard,Website,WELCOME10,West,5
82108457,981217,02-05-2025,Books,Personal Finance Guide,5,801.67,1,4008.34,81.29,198.41,4247.96,UPI,Shipped,Express,Marketplace,SAVE20,West,
82130207,882469,13-03-2025,Books,Personal Finance Guide,1,800.62,1,800.62,53.69,39.63,885.93,Debit Card,Delivered,Standard,Mobile App,FESTIVE15,South,5
82132438,545331,02-10-2025,Home & Kitchen,Non-Stick Cookware Set,2,5809.8,1,11619.59,74.99,2070.61,13648.99,UPI,Delivered,Express,Mobile App,,East,3
82146098,446432,15-06-2024,Sports & Fitness,Gym Bag,2,1931.78,16,3863.56,0,584.17,3829.56,Credit Card,Delivered,Standard,Website,SAVE20,East,5
82173282,872600,04-07-2024,Electronics,1080p Webcam,2,3635.63,25,7271.26,42.02,981.62,6477.08,Credit Card,Delivered,Standard,Marketplace,,West,5
82176053,602650,12-03-2024,Books,Personal Finance Guide,3,784.7,6,2354.11,43.48,110.64,2366.98,Wallet,Delivered,Standard,Mobile App,,Central,5
82193071,151852,09-11-2024,Home & Kitchen,Storage Organizer,1,1020.63,2,1020.63,58.73,180.04,1238.99,Credit Card,Delivered,Standard,Website,APPONLY10,West,5
82232758,880523,24-03-2024,Home & Kitchen,Non-Stick Cookware Set,4,6233.62,0,24934.46,0,4488.2,29422.66,Net Banking,Delivered,Pickup Point,Website,,Central,5
82247010,444916,29-12-2024,Home & Kitchen,Electric Kettle,2,1959.49,11,3918.97,50.6,627.82,4166.3,Wallet,Delivered,Standard,Website,,South,5
82253532,553176,06-11-2025,Grocery,Premium Coffee,5,640.54,10,3202.72,28.63,144.12,3055.2,Cash on Delivery,Shipped,Pickup Point,Website,WELCOME10,West,
82266593,415392,01-06-2025,Grocery,Premium Coffee,4,712.55,16,2850.19,78.6,119.71,2592.47,Credit Card,Delivered,Express,Marketplace,SAVE20,West,4
82314596,106711,07-05-2025,Beauty & Personal Care,Moisturizer,3,757.82,20,2273.45,59.98,327.38,2206.12,UPI,Returned,Standard,Marketplace,,Central,
82386168,885365,23-07-2025,Fashion,Women’s Kurta,1,1616.52,16,1616.52,84,162.95,1604.83,Debit Card,Delivered,Standard,Marketplace,WELCOME10,East,5
82399037,243325,11-01-2024,Grocery,Dry Fruits 500g,2,879.32,11,1758.65,97.86,78.26,1741.32,Credit Card,Cancelled,Standard,Website,,South,
82401497,684939,21-02-2024,Electronics,Bluetooth Speaker,1,3403.29,5,3403.29,55.19,581.96,3870.28,Debit Card,Delivered,Standard,Website,LOYALTY5,East,5
82420186,217513,19-02-2025,Fashion,Sunglasses,1,1236.4,15,1236.4,176.68,126.11,1353.73,UPI,Processin,Same Day,Website,,West,
82446281,979363,13-05-2025,Grocery,Protein Cereal,4,561.54,16,2246.17,72.76,94.34,2053.88,Credit Card,Delivered,Standard,Marketplace,LOYALTY5,North,5
82482011,982501,10-03-2024,Electronics,Power Bank,1,1583.66,20,1583.66,102.68,228.05,1597.66,UPI,Delivered,Standard,Website,FREESHIP,Central,5
82497132,290732,05-05-2024,Fashion,Sunglasses,1,1246.9,0,1246.9,70.04,149.63,1466.57,Cash on Delivery,Delivered,Standard,Website,,West,5
82540163,268660,25-09-2025,Home & Kitchen,Mixer Grinder,2,4816.19,5,9632.39,42.11,1647.14,10840.02,UPI,Delivered,Standard,Mobile App,,North,7
82544094,555489,06-08-2024,Electronics,Noise Cancelling Headphones,2,9860.04,11,19720.08,0.18,3159.16,20710.21,UPI,Delivered,Standard,Mobile App,,Central,5
82564547,543384,03-03-2024,Fashion,Backpack,2,2396.49,1,4792.98,23.86,569.41,5338.32,Cash on Delivery,Delivered,Standard,Mobile App,,West,5
82582441,924729,23-07-2025,Home & Kitchen,Bedsheet Set,1,2045.33,0,2045.33,144.72,368.16,2558.21,UPI,Delivered,Express,Website,,North,3
82584704,215726,23-05-2025,Sports & Fitness,Dumbbell Set,3,3866.41,12,11599.24,19.03,1837.32,12063.68,UPI,Delivered,Standard,Website,FREESHIP,West,5
82588969,524835,28-10-2024,Books,Business Strategy Book,5,634.69,5,3173.45,23.27,150.74,3188.79,Debit Card,Delivered,Standard,Marketplace,APPONLY10,West,6
82611096,834029,29-12-2025,Books,Data Analytics Handbook,3,1011.72,23,3035.17,50.61,116.85,2504.54,UPI,Delivered,Standard,Website,,West,5
82617821,806671,27-12-2025,Fashion,Running Shoes,2,3958.42,7,7916.85,65.32,883.52,8311.51,Credit Card,Delivered,Express,Marketplace,,South,4
82618777,629106,09-01-2024,Fashion,Sunglasses,4,1319.61,10,5278.45,77.88,570.07,5398.56,UPI,Delivered,Express,Marketplace,,West,3
82621256,531162,19-03-2025,Sports & Fitness,Cricket Bat,3,4690.58,16,14071.73,10.19,2127.64,13958.08,Debit Card,Shipped,Standard,Mobile App,LOYALTY5,West,
82627970,986247,11-11-2024,Home & Kitchen,Storage Organizer,3,886.96,8,2660.89,140.12,440.64,3028.78,UPI,Returned,Express,Mobile App,,Central,
82635493,525353,13-12-2024,Electronics,Mechanical Keyboard,2,4404.37,26,8808.74,25.65,1173.32,7717.44,UPI,Shipped,Standard,Mobile App,,South,
82651186,647542,04-02-2024,Electronics,Noise Cancelling Headphones,3,8696.79,0,26090.38,64.32,4696.27,30850.97,UPI,Delivered,Express,Marketplace,FREESHIP,South,3
82656989,754071,14-06-2025,Sports & Fitness,Sports Shoes,1,3241,1,3241,49.84,577.55,3835.98,Credit Card,Delivered,Standard,Website,FESTIVE15,East,5
82710413,615369,02-02-2025,Fashion,Women’s Kurta,1,1615.94,10,1615.94,103.41,174.52,1732.28,UPI,Shipped,Standard,Website,,West,
82751333,726894,19-11-2024,Fashion,Backpack,1,2325.13,3,2325.13,56.4,270.65,2582.43,Credit Card,Delivered,Standard,Website,FREESHIP,North,6
82814674,360097,27-10-2025,Electronics,Wireless Earbuds,2,2255.29,18,4510.58,70.15,665.76,4434.59,UPI,Delivered,Express,Website,,South,3
82836608,469315,25-11-2025,Electronics,Wireless Earbuds,1,2377.13,6,2377.13,72.9,402.21,2709.61,UPI,Delivered,Standard,Marketplace,,West,5
82838882,684770,16-03-2024,Books,Cookbook,3,677.83,15,2033.5,155.67,86.42,1970.57,UPI,Delivered,Express,Mobile App,FREESHIP,South,3
82845888,621502,01-11-2025,Electronics,Noise Cancelling Headphones,3,8506.6,3,25519.8,107.15,4455.76,29317.12,UPI,Cancelled,Next Day,Mobile App,,South,
82894978,786341,06-04-2025,Beauty & Personal Care,Lipstick,3,847.31,21,2541.93,56.82,361.46,2426.4,UPI,Delivered,Standard,Mobile App,FREESHIP,North,5
82937339,979363,31-03-2025,Grocery,Premium Coffee,7,672.89,16,4710.2,0,197.83,4154.4,Wallet,Delivered,Standard,Mobile App,,East,6
82971595,224377,20-05-2025,Electronics,Mechanical Keyboard,2,4275.14,11,8550.29,59.3,1369.76,9038.82,Wallet,Shipped,Standard,Mobile App,APPONLY10,Central,
82991220,798962,13-05-2024,Grocery,Protein Cereal,2,613.21,1,1226.42,61.08,60.71,1335.95,Wallet,Delivered,Express,Website,FESTIVE15,South,3
82991835,260355,11-08-2024,Grocery,Dry Fruits 500g,5,783.98,5,3919.89,19.04,186.2,3929.14,Credit Card,Delivered,Standard,Website,FESTIVE15,West,5
82997293,864641,26-02-2025,Electronics,Mechanical Keyboard,2,4586.49,10,9172.98,0,1486.02,9741.7,Debit Card,Processin,Standard,Mobile App,,West,
83001543,968559,21-07-2025,Fashion,Sunglasses,3,1321.02,25,3963.06,106.43,356.68,3435.41,Credit Card,Returned,Express,Website,LOYALTY5,North,
83004840,497967,05-12-2024,Beauty & Personal Care,Perfume,1,2553.39,11,2553.39,330.89,409.05,3012.46,Credit Card,Cancelled,Same Day,Marketplace,,West,
83038386,966122,23-07-2025,Home & Kitchen,Water Bottle,1,1021.7,16,1021.7,268.74,154.48,1281.45,Net Banking,Delivered,Next Day,Website,,South,2
83085965,496352,22-01-2025,Electronics,1080p Webcam,3,3811.19,21,11433.58,0.51,1625.86,10658.9,UPI,Delivered,Pickup Point,Website,,West,5
83164865,774535,13-12-2025,Electronics,USB-C Hub,2,2317.88,10,4635.76,0,750.99,4923.17,Cash on Delivery,Shipped,Standard,Mobile App,,East,
83184165,601222,06-07-2025,Electronics,Power Bank,2,1729.55,15,3459.1,66.87,529.24,3536.35,Credit Card,Delivered,Standard,Mobile App,,Central,5
83197437,590308,26-11-2024,Sports & Fitness,Yoga Mat,1,1304.26,5,1304.26,60.42,223.03,1522.5,Debit Card,Delivered,Express,Mobile App,,West,3
83202912,682946,04-01-2025,Fashion,Sunglasses,2,1337.01,2,2674.03,83.28,314.47,3018.3,Debit Card,Shipped,Standard,Marketplace,FESTIVE15,North,
83237409,526971,08-02-2025,Electronics,Mechanical Keyboard,3,3884.61,5,11653.83,85.36,1992.81,13149.31,Wallet,Shipped,Express,Website,FESTIVE15,South,
83294570,156320,10-04-2025,Home & Kitchen,Mixer Grinder,3,4901.41,5,14704.22,0,2514.42,16483.43,UPI,Delivered,Standard,Mobile App,,South,5
83298457,901714,22-11-2025,Grocery,Snack Assortment,3,495.69,1,1487.07,127.85,73.61,1673.66,Debit Card,Delivered,Express,Website,,West,3
83322344,121516,20-06-2024,Grocery,Green Tea,3,425.91,11,1277.72,13.22,56.86,1207.25,UPI,Delivered,Pickup Point,Mobile App,SAVE20,East,5
83331149,186360,21-06-2024,Fashion,Sunglasses,3,1503.58,20,4510.75,53.87,433.03,4095.5,Net Banking,Delivered,Express,Website,,Central,3
83361254,315098,05-10-2025,Home & Kitchen,Electric Kettle,1,1874.22,20,1874.22,114.46,269.89,1883.73,Debit Card,Delivered,Express,Mobile App,,Central,4
83362933,333453,31-07-2025,Electronics,Mechanical Keyboard,1,4899.08,12,4899.08,38.74,776.01,5125.94,Cash on Delivery,Delivered,Express,Mobile App,,South,3
83387531,602868,06-11-2024,Home & Kitchen,Water Bottle,2,948.23,16,1896.46,27.07,286.75,1906.85,Debit Card,Delivered,Standard,Marketplace,SAVE20,Central,5
83394719,834029,23-08-2024,Electronics,USB-C Hub,2,2274.25,11,4548.5,0,728.67,4776.83,Wallet,Delivered,Standard,Website,,South,5
83402693,989435,09-09-2025,Home & Kitchen,Non-Stick Cookware Set,3,6078.11,0,18234.32,0,3282.18,21516.5,Credit Card,Shipped,Pickup Point,Mobile App,APPONLY10,North,
83408832,680558,23-04-2024,Grocery,Green Tea,3,453.27,25,1359.82,122.33,50.99,1193.18,UPI,Shipped,Standard,Marketplace,,West,
83417094,136962,15-03-2025,Fashion,Denim Jeans,2,2433.14,10,4866.28,17.52,525.56,4922.73,Net Banking,Delivered,Standard,Mobile App,,South,5
83426544,136962,27-11-2024,Electronics,USB-C Hub,2,2083.28,7,4166.56,6.85,697.48,4579.23,Net Banking,Delivered,Standard,Marketplace,,West,7
83428151,929982,06-06-2025,Fashion,Running Shoes,3,3912.73,16,11738.18,10.4,1183.21,11053.68,Credit Card,Shipped,Standard,Mobile App,WELCOME10,East,
83465960,968559,12-12-2024,Home & Kitchen,Mixer Grinder,2,5736.13,0,11472.25,0,2065,13537.25,UPI,Confirmed,Standard,Website,,South,
83494344,866302,18-11-2024,Home & Kitchen,Electric Kettle,1,2158.54,5,2158.54,192.19,369.11,2611.91,Credit Card,Shipped,Next Day,Website,FREESHIP,North,
83586996,277727,17-12-2024,Fashion,Casual Shirt,2,1941.73,6,3883.47,76.61,438.06,4165.13,UPI,Shipped,Express,Website,,West,
83597505,924729,05-12-2024,Fashion,Backpack,3,2443.05,20,7329.16,8.77,703.6,6575.7,UPI,Delivered,Express,Website,,South,3
83597700,530281,14-08-2024,Books,Business Strategy Book,5,715.3,6,3576.48,35.15,168.09,3565.13,UPI,Delivered,Express,Website,,South,3
83653546,726894,14-09-2024,Sports & Fitness,Sports Shoes,1,3329.29,6,3329.29,16.16,563.32,3709.01,Credit Card,Shipped,Standard,Website,APPONLY10,South,
83668229,523351,28-09-2024,Home & Kitchen,Bedsheet Set,1,1975.5,11,1975.5,126.42,316.48,2201.1,UPI,Delivered,Express,Mobile App,,South,3
83710598,620673,28-04-2024,Home & Kitchen,Table Lamp,1,1358.27,25,1358.27,142.82,183.37,1344.89,UPI,Delivered,Next Day,Marketplace,FESTIVE15,South,3
83713709,446115,09-10-2024,Electronics,Mechanical Keyboard,1,4530.94,2,4530.94,0,799.26,5239.58,Debit Card,Delivered,Standard,Website,FESTIVE15,Central,5
83727726,136962,30-11-2024,Books,Personal Finance Guide,2,732.03,10,1464.06,63.97,65.88,1447.5,Wallet,Delivered,Express,Website,FREESHIP,Central,3
83744963,844808,11-03-2025,Electronics,Power Bank,2,1480.99,11,2961.98,188.96,474.51,3299.63,UPI,Delivered,Next Day,Mobile App,,West,2
83758165,145887,25-02-2025,Books,Business Strategy Book,6,643.14,1,3858.83,83.43,191.01,4094.68,Debit Card,Delivered,Next Day,Website,,North,4
83759976,545331,09-10-2024,Sports & Fitness,Yoga Mat,2,1231.54,18,2463.08,64.57,363.55,2447.85,Credit Card,Returned,Standard,Mobile App,,North,
83766163,684939,04-11-2024,Beauty & Personal Care,Lipstick,3,752.04,15,2256.12,153.52,345.19,2416.41,Credit Card,Delivered,Express,Marketplace,,West,3
83786613,289404,13-03-2024,Fashion,Backpack,1,2513.92,1,2513.92,58.49,298.65,2845.92,Credit Card,Delivered,Standard,Marketplace,,South,5
83841624,754071,26-11-2025,Fashion,Casual Shirt,1,1719.4,21,1719.4,40.5,163,1561.83,Net Banking,Delivered,Standard,Website,,South,5
83844615,521449,06-09-2025,Grocery,Organic Rice 5kg,4,688.67,15,2754.69,60.17,117.07,2518.73,UPI,Delivered,Express,Mobile App,,East,3
83859324,982086,13-06-2024,Books,Personal Finance Guide,6,742.46,6,4454.75,15.89,209.37,4412.72,UPI,Delivered,Standard,Marketplace,LOYALTY5,North,5
83887328,525353,12-12-2025,Fashion,Women’s Kurta,3,1692.57,18,5077.71,16.2,499.65,4679.57,Credit Card,Delivered,Standard,Website,,Central,5
83904838,196350,04-10-2024,Books,Exam Preparation Book,3,1032.73,19,3098.19,142.83,125.48,2777.84,Debit Card,Cancelled,Next Day,Marketplace,,South,
83916392,640870,15-04-2024,Books,Fiction Bestseller,2,613.1,0,1226.19,46.72,61.31,1334.22,Wallet,Delivered,Standard,Mobile App,FREESHIP,North,5
83918326,784248,07-10-2024,Grocery,Protein Cereal,4,636.2,24,2544.78,72.49,96.7,2103.22,Wallet,Delivered,Standard,Mobile App,,North,5
83925496,726894,16-11-2024,Electronics,Noise Cancelling Headphones,1,8848.92,6,8848.92,30.65,1497.24,9845.87,Credit Card,Delivered,Express,Website,,West,3
83925956,459466,08-03-2025,Fashion,Hoodie,1,2230.65,1,2230.65,54.53,265,2527.87,Credit Card,Delivered,Standard,Website,SAVE20,North,7
83936375,891579,28-09-2025,Fashion,Hoodie,2,2187.51,20,4375.01,28.67,420,3948.68,UPI,Delivered,Standard,Website,,North,5
83945559,761245,22-07-2024,Electronics,Noise Cancelling Headphones,4,8777.99,25,35111.95,14.03,4740.11,31088.1,Cash on Delivery,Delivered,Standard,Website,FREESHIP,South,7
83950915,491942,19-07-2024,Fashion,Women’s Kurta,2,1570.11,11,3140.22,78.65,335.38,3208.83,Net Banking,Shipped,Standard,Mobile App,,West,
83952961,901714,05-08-2024,Sports & Fitness,Dumbbell Set,1,3219.63,1,3219.63,79.13,573.74,3840.3,UPI,Cancelled,Express,Marketplace,WELCOME10,East,
83985623,192967,06-09-2024,Fashion,Women’s Kurta,3,1592.13,25,4776.39,0,429.87,4012.16,UPI,Delivered,Standard,Mobile App,,East,6
83990994,228445,09-11-2025,Home & Kitchen,Non-Stick Cookware Set,1,5666.33,5,5666.33,111.04,968.94,6462.99,Credit Card,Delivered,Express,Marketplace,FESTIVE15,South,3
83991948,160754,03-11-2024,Grocery,Organic Rice 5kg,6,676.23,25,4057.36,0,152.15,3195.17,Net Banking,Delivered,Standard,Website,,West,5
83993426,754071,26-04-2024,Sports & Fitness,Sports Shoes,1,3428.82,1,3428.82,84.02,611.02,4089.57,Net Banking,Delivered,Express,Mobile App,SAVE20,West,3
83994633,870085,03-07-2024,Grocery,Green Tea,3,482.66,12,1447.97,31.91,63.71,1369.83,Credit Card,Delivered,Pickup Point,Mobile App,APPONLY10,East,6
83997829,434676,29-07-2024,Electronics,Mechanical Keyboard,2,4265.81,0,8531.61,21.29,1535.69,10088.59,Cash on Delivery,Delivered,Standard,Marketplace,FESTIVE15,South,7
84009905,671302,14-09-2025,Fashion,Cotton T-Shirt,1,861.79,5,861.79,62.73,98.24,979.67,UPI,Delivered,Standard,Website,APPONLY10,East,5
84011983,590308,27-07-2025,Home & Kitchen,Bedsheet Set,1,1866.64,10,1866.64,164.67,302.4,2147.05,Credit Card,Delivered,Next Day,Website,SAVE20,Central,4
84021217,582774,19-06-2024,Home & Kitchen,Water Bottle,2,995.22,5,1990.44,69.67,340.37,2300.96,UPI,Delivered,Standard,Website,,East,5
84037089,698644,25-09-2025,Electronics,Noise Cancelling Headphones,2,9885.63,16,19771.26,32.36,2989.41,19629.63,Credit Card,Delivered,Express,Website,APPONLY10,West,3
84046860,882469,05-09-2024,Beauty & Personal Care,Lipstick,2,747.55,11,1495.09,53.19,239.51,1623.33,Cash on Delivery,Cancelled,Standard,Website,,East,
84063198,215726,12-03-2025,Home & Kitchen,Bedsheet Set,2,1973.94,2,3947.87,69.66,696.4,4634.97,Credit Card,Delivered,Express,Website,APPONLY10,South,4
84075982,562761,20-05-2025,Grocery,Premium Coffee,5,705.62,21,3528.08,77.19,139.36,3003.73,Debit Card,Delivered,Standard,Mobile App,,West,5
84087852,894122,01-11-2025,Home & Kitchen,Storage Organizer,1,904.59,12,904.59,122.51,143.29,1061.84,Debit Card,Delivered,Express,Website,FREESHIP,North,3
84102445,924729,05-12-2024,Books,Data Analytics Handbook,2,901.35,15,1802.71,87.3,76.61,1696.21,Cash on Delivery,Delivered,Standard,Mobile App,,Central,5
84110194,273966,25-09-2024,Sports & Fitness,Yoga Mat,1,1291.74,5,1291.74,23.11,220.89,1471.15,Credit Card,Delivered,Pickup Point,Mobile App,,West,5
84118107,754071,28-04-2024,Fashion,Cotton T-Shirt,2,920.55,11,1841.1,94.49,196.63,1929.7,Debit Card,Delivered,Standard,Website,,West,5
84148016,511294,01-07-2025,Books,Data Analytics Handbook,1,895.21,10,895.21,196.07,40.28,1042.04,Debit Card,Delivered,Next Day,Website,,North,2
84155543,708547,28-01-2025,Home & Kitchen,Bedsheet Set,1,1867.74,16,1867.74,117.17,282.4,1968.47,Credit Card,Delivered,Express,Mobile App,LOYALTY5,East,4
84165829,924729,18-12-2024,Sports & Fitness,Gym Bag,3,1743.51,15,5230.54,55.28,800.27,5301.51,Wallet,Delivered,Standard,Website,SAVE20,South,5
84169054,704565,03-08-2025,Fashion,Hoodie,1,2010.42,10,2010.42,108.12,217.13,2134.63,Cash on Delivery,Delivered,Standard,Mobile App,LOYALTY5,Central,5
84228026,698839,20-10-2024,Electronics,Smartwatch,2,6351.67,25,12703.34,8.29,1714.95,11250.74,Credit Card,Delivered,Standard,Mobile App,,South,5
84236627,704565,20-02-2025,Beauty & Personal Care,Perfume,3,2479.59,5,7438.76,102.94,1272.03,8441.79,Debit Card,Delivered,Express,Mobile App,,South,3
84239558,707613,19-04-2024,Fashion,Hoodie,3,2351.48,16,7054.44,0,711.09,6636.82,Credit Card,Shipped,Standard,Website,WELCOME10,West,
84259294,388158,02-06-2025,Fashion,Hoodie,2,2035.47,26,4070.94,15.68,361.5,3389.68,Wallet,Delivered,Standard,Mobile App,,East,5
84280590,882469,11-10-2024,Grocery,Dry Fruits 500g,3,849.3,3,2547.9,36.57,123.57,2631.6,Credit Card,Delivered,Standard,Website,SAVE20,South,5
84296292,192903,11-04-2024,Grocery,Protein Cereal,6,588.57,16,3531.4,125.86,148.32,3240.56,Credit Card,Shipped,Express,Marketplace,FREESHIP,South,
84329913,290732,13-12-2024,Home & Kitchen,Electric Kettle,1,1899.18,5,1899.18,70.78,324.76,2199.76,Net Banking,Returned,Express,Mobile App,,West,
84330773,529767,01-12-2025,Beauty & Personal Care,Hair Dryer,1,2724.39,3,2724.39,119.38,475.68,3237.72,UPI,Cancelled,Express,Website,,West,
84332943,192903,23-07-2025,Beauty & Personal Care,Hair Dryer,2,2936.44,6,5872.89,0,993.69,6514.21,Net Banking,Delivered,Standard,Mobile App,,South,5
84353005,701235,24-10-2024,Electronics,1080p Webcam,2,3693.23,27,7386.45,87.98,970.58,6450.67,Debit Card,Delivered,Express,Website,,West,4
84400085,915934,04-10-2024,Electronics,Wireless Earbuds,1,2233.85,17,2233.85,103.03,333.74,2290.87,UPI,Shipped,Express,Website,LOYALTY5,West,
84479470,125726,30-11-2025,Books,Personal Finance Guide,2,785.18,20,1570.35,119.22,62.81,1438.31,Cash on Delivery,Delivered,Express,Website,,East,3
84488138,717362,27-05-2025,Grocery,Olive Oil 1L,3,936.73,15,2810.18,74.55,119.43,2582.63,Credit Card,Delivered,Standard,Mobile App,,West,5
84502983,882469,24-02-2025,Sports & Fitness,Yoga Mat,1,1333.69,6,1333.69,125.3,225.66,1604.63,Net Banking,Shipped,Express,Website,SAVE20,West,
84512317,900389,21-06-2024,Grocery,Green Tea,3,432.84,16,1298.52,28.06,54.54,1173.36,Net Banking,Delivered,Pickup Point,Mobile App,,North,5
84517615,614405,18-05-2024,Beauty & Personal Care,Perfume,1,2637.27,1,2637.27,39.51,469.96,3120.37,Net Banking,Delivered,Pickup Point,Mobile App,,South,5
84606609,377152,08-11-2024,Fashion,Running Shoes,3,3821.79,10,11465.37,15.78,1238.26,11572.87,Net Banking,Delivered,Standard,Mobile App,,East,5
84608128,421533,07-10-2024,Grocery,Dry Fruits 500g,3,740.37,8,2221.12,78.15,102.17,2223.75,Net Banking,Delivered,Standard,Marketplace,,North,5
84609984,870085,07-04-2024,Electronics,Bluetooth Speaker,3,3540.79,12,10622.36,144.94,1682.58,11175.2,Credit Card,Delivered,Next Day,Mobile App,LOYALTY5,West,2
84636484,760221,29-04-2024,Books,Cookbook,4,853.04,20,3412.15,150.03,136.49,3016.24,Credit Card,Processin,Express,Website,FESTIVE15,South,
84645174,204535,06-11-2024,Home & Kitchen,Electric Kettle,2,2016.41,6,4032.81,8.83,682.35,4482.02,UPI,Delivered,Standard,Mobile App,,East,5
84716892,694959,28-03-2024,Beauty & Personal Care,Sunscreen SPF 50,2,956.4,26,1912.8,45.02,254.78,1715.27,Debit Card,Shipped,Standard,Mobile App,,East,
84733164,201481,18-04-2024,Books,Business Strategy Book,3,726.81,0,2180.43,88.42,109.02,2377.87,UPI,Delivered,Express,Website,,Central,3
84744357,922983,03-06-2025,Beauty & Personal Care,Shampoo,2,652.34,20,1304.67,240.22,187.87,1471.83,Cash on Delivery,Delivered,Same Day,Mobile App,,South,1
84749715,545331,22-09-2025,Beauty & Personal Care,Shampoo,4,667.38,26,2669.53,39.2,355.58,2370.23,Debit Card,Delivered,Standard,Website,,North,5
84767775,900979,13-05-2025,Books,Personal Finance Guide,2,748.85,16,1497.71,43.36,62.9,1364.34,Net Banking,Shipped,Standard,Website,,North,
84813194,545331,04-12-2024,Sports & Fitness,Cricket Bat,3,4363.24,8,13089.73,50.14,2167.66,14260.35,Credit Card,Delivered,Standard,Marketplace,,South,5
84835910,347406,30-09-2025,Beauty & Personal Care,Lipstick,2,797.16,5,1594.31,57.16,272.63,1844.38,Debit Card,Delivered,Standard,Website,,South,5
84854724,495243,14-06-2025,Grocery,Protein Cereal,4,578.63,6,2314.53,56.13,108.78,2340.57,Credit Card,Delivered,Standard,Website,,South,5
84877487,495243,07-01-2024,Fashion,Casual Shirt,1,1735.44,6,1735.44,81.9,195.76,1908.97,Net Banking,Delivered,Standard,Website,,Central,6
84883491,981552,02-11-2024,Books,Cookbook,1,802.08,3,802.08,46.93,38.9,863.85,Debit Card,Shipped,Standard,Mobile App,FESTIVE15,North,
84891986,615369,05-02-2024,Home & Kitchen,Water Bottle,2,939.28,10,1878.56,110.14,304.33,2105.17,UPI,Delivered,Express,Website,,South,3
84901650,690505,05-11-2024,Sports & Fitness,Dumbbell Set,2,3208.21,3,6416.43,38.27,1120.31,7382.52,Wallet,Delivered,Standard,Website,FREESHIP,North,5
84937087,717362,10-06-2025,Fashion,Women’s Kurta,1,1541.04,15,1541.04,78.78,157.19,1545.85,Wallet,Confirmed,Express,Mobile App,FREESHIP,South,
84950344,972762,24-02-2025,Fashion,Running Shoes,3,3778.82,0,11336.47,2.49,1360.38,12699.34,UPI,Delivered,Standard,Website,LOYALTY5,South,6
84982901,918157,15-06-2024,Sports & Fitness,Yoga Mat,2,1463.57,11,2927.14,121.05,468.93,3195.13,Credit Card,Shipped,Express,Mobile App,,East,
84993761,106421,24-06-2025,Electronics,Noise Cancelling Headphones,3,8865.28,0,26595.84,25.18,4787.25,31408.27,UPI,Delivered,Standard,Website,,North,5
84995854,672034,23-11-2024,Books,Exam Preparation Book,3,1050.51,15,3151.53,60.61,133.94,2873.35,UPI,Shipped,Standard,Website,APPONLY10,West,
85001352,311051,03-07-2025,Electronics,Mechanical Keyboard,2,4330.8,12,8661.6,23.1,1372,9017.31,Cash on Delivery,Processin,Standard,Marketplace,FESTIVE15,Central,
85004552,989435,28-10-2024,Books,Data Analytics Handbook,4,837.64,0,3350.54,31.11,167.53,3549.18,Net Banking,Shipped,Standard,Website,FESTIVE15,South,
85072032,832532,26-07-2024,Grocery,Premium Coffee,4,668.78,21,2675.12,49.4,105.67,2268.41,Net Banking,Delivered,Standard,Mobile App,,West,5
85074711,754071,04-01-2024,Fashion,Sunglasses,4,1297.15,16,5188.61,9.93,523.01,4891.37,Debit Card,Processin,Standard,Website,,Central,
85081471,563963,13-04-2025,Beauty & Personal Care,Shampoo,2,711.39,6,1422.78,117.32,240.73,1695.46,Credit Card,Delivered,Express,Mobile App,LOYALTY5,West,4
85085821,651709,03-03-2024,Books,Exam Preparation Book,1,989.92,21,989.92,115.45,39.1,936.59,Wallet,Delivered,Express,Website,WELCOME10,North,3
85120659,217504,20-07-2025,Books,Fiction Bestseller,3,553.01,26,1659.02,65.12,61.38,1354.17,Net Banking,Delivered,Standard,Mobile App,LOYALTY5,East,5
85155997,231491,19-07-2024,Electronics,Power Bank,1,1543.22,0,1543.22,50.91,277.78,1871.91,Credit Card,Delivered,Standard,Website,FESTIVE15,Central,5
85165822,288257,13-11-2025,Beauty & Personal Care,Perfume,2,2500.38,0,5000.76,0.39,900.14,5901.29,Debit Card,Delivered,Pickup Point,Mobile App,,East,6
85186640,811520,14-11-2024,Fashion,Casual Shirt,3,1938.05,1,5814.14,34.98,690.72,6481.7,Credit Card,Delivered,Standard,Mobile App,,East,6
85285423,772499,28-08-2025,Fashion,Hoodie,4,2367.54,1,9470.17,0,1125.06,10500.53,Cash on Delivery,Delivered,Standard,Website,SAVE20,East,5
85296452,986247,16-10-2025,Fashion,Women’s Kurta,1,1579.51,3,1579.51,113.32,183.85,1829.29,UPI,Shipped,Express,Website,,West,
85302931,333453,14-02-2025,Fashion,Women’s Kurta,3,1667.94,2,5003.82,15.16,588.45,5507.35,UPI,Delivered,Standard,Website,,West,5
85318865,231491,27-08-2025,Sports & Fitness,Sports Shoes,2,3248.76,5,6497.51,35.38,1111.07,7319.08,UPI,Delivered,Express,Website,,South,4
85418213,754071,28-11-2024,Electronics,Power Bank,3,1576,18,4728,6.36,697.85,4581.17,Wallet,Delivered,Pickup Point,Website,,South,5
85424134,634784,30-12-2025,Fashion,Cotton T-Shirt,3,916.85,7,2750.56,43.33,306.96,2908.31,Credit Card,Delivered,Standard,Website,,West,7
85424516,680558,21-11-2024,Sports & Fitness,Fitness Resistance Bands,3,1012.96,15,3038.89,71.32,464.95,3119.33,UPI,Delivered,Express,Website,FREESHIP,South,3
85431861,677141,26-03-2024,Grocery,Protein Cereal,1,627.16,16,627.16,56.78,26.34,609.93,UPI,Delivered,Standard,Marketplace,,West,5
85460973,192285,11-10-2024,Home & Kitchen,Air Fryer,2,7260.1,7,14520.21,4.42,2430.68,15938.9,UPI,Processin,Standard,Website,,North,
85480699,453000,02-02-2025,Fashion,Sunglasses,1,1260.34,1,1260.34,66.25,149.73,1463.72,Credit Card,Delivered,Standard,Mobile App,,West,6
85503534,170738,23-03-2024,Electronics,Wireless Earbuds,3,2376.24,10,7128.71,124.32,1154.85,7695.01,UPI,Delivered,Next Day,Mobile App,LOYALTY5,Central,2
85524519,878665,08-07-2025,Electronics,Bluetooth Speaker,2,3091.7,0,6183.4,0,1113.01,7296.41,Net Banking,Delivered,Standard,Website,,South,5
85540117,545331,03-08-2024,Sports & Fitness,Yoga Mat,1,1308.3,16,1308.3,61.11,197.81,1357.89,Net Banking,Delivered,Standard,Mobile App,WELCOME10,East,5
85616314,870688,03-07-2024,Fashion,Cotton T-Shirt,1,936.68,1,936.68,55.65,111.28,1094.24,Credit Card,Shipped,Standard,Website,,West,
85636413,290732,25-10-2025,Sports & Fitness,Dumbbell Set,3,3650.35,17,10951.06,43.38,1636.09,10768.85,UPI,Delivered,Standard,Mobile App,WELCOME10,South,5
85656906,507481,17-06-2024,Fashion,Women’s Kurta,3,1489.07,16,4467.2,0,450.29,4202.74,Debit Card,Delivered,Standard,Mobile App,,West,5
85664462,170738,22-08-2025,Books,Business Strategy Book,1,700.88,5,700.88,68.96,33.29,768.09,Credit Card,Shipped,Standard,Mobile App,FESTIVE15,South,
85711115,710236,08-05-2024,Fashion,Denim Jeans,3,2624.6,5,7873.79,0,897.61,8377.71,Net Banking,Delivered,Standard,Mobile App,,West,5
85720459,353080,16-08-2024,Beauty & Personal Care,Sunscreen SPF 50,1,898.98,0,898.98,166.32,161.82,1227.12,Cash on Delivery,Delivered,Express,Website,,South,3
85726347,469315,01-03-2025,Home & Kitchen,Bedsheet Set,3,1944.15,1,5832.46,26.63,1039.35,6840.12,Credit Card,Returned,Standard,Marketplace,FESTIVE15,South,
85734205,623103,29-06-2025,Grocery,Green Tea,4,446.21,10,1784.82,52.64,80.32,1739.3,Debit Card,Delivered,Standard,Marketplace,FREESHIP,South,5
85738151,192903,01-10-2025,Fashion,Women’s Kurta,3,1439.11,13,4317.32,79.81,450.73,4286.61,UPI,Delivered,Express,Website,FREESHIP,South,3
85741645,377531,16-06-2024,Home & Kitchen,Bedsheet Set,2,1827.81,16,3655.61,34.01,552.73,3657.45,Credit Card,Delivered,Standard,Website,LOYALTY5,North,5
85753929,939874,27-11-2025,Electronics,Bluetooth Speaker,4,3357.79,5,13431.17,197.77,2296.73,15254.11,Net Banking,Processin,Same Day,Website,,North,
85775626,471386,28-04-2024,Beauty & Personal Care,Moisturizer,2,746.1,1,1492.2,57.32,265.91,1800.51,UPI,Delivered,Standard,Website,LOYALTY5,Central,5
85779736,458160,22-10-2024,Home & Kitchen,Non-Stick Cookware Set,2,5719.03,13,11438.07,11.31,1791.2,11753.63,UPI,Delivered,Pickup Point,Website,,South,5
85820767,848256,10-01-2024,Electronics,Mechanical Keyboard,1,4238.98,15,4238.98,6.38,648.56,4258.07,Credit Card,Delivered,Standard,Mobile App,,East,5
85834339,333453,07-03-2024,Grocery,Snack Assortment,2,499.92,12,999.85,58.49,43.99,982.35,Net Banking,Delivered,Standard,Website,FESTIVE15,West,5
85839823,593494,12-07-2025,Fashion,Denim Jeans,1,2627.7,0,2627.7,65.05,315.32,3008.07,Cash on Delivery,Delivered,Standard,Marketplace,WELCOME10,South,5
85849731,882469,28-06-2024,Electronics,Wireless Earbuds,1,2521.24,1,2521.24,63.95,449.29,3009.27,Cash on Delivery,Delivered,Standard,Marketplace,WELCOME10,Central,7
85850533,640870,21-01-2024,Beauty & Personal Care,Face Serum,4,1367.95,10,5471.8,24.95,886.43,5836,UPI,Delivered,Standard,Mobile App,WELCOME10,West,5
85852230,569791,21-03-2024,Grocery,Premium Coffee,2,706.55,6,1413.1,68.65,66.42,1463.38,Debit Card,Delivered,Express,Mobile App,,North,3
85892412,900979,09-10-2025,Fashion,Women’s Kurta,2,1671.56,3,3343.13,46.41,389.14,3678.39,Net Banking,Delivered,Express,Marketplace,SAVE20,Central,3
85913843,453000,16-11-2024,Home & Kitchen,Mixer Grinder,2,5254.5,13,10509.01,171.15,1645.71,10959.7,Wallet,Delivered,Next Day,Marketplace,LOYALTY5,North,2
86000585,834029,04-02-2024,Electronics,Smartwatch,3,5979.07,26,17937.2,0,2389.24,15662.77,Cash on Delivery,Delivered,Standard,Mobile App,,Central,5
86079801,953964,02-09-2024,Home & Kitchen,Water Bottle,1,1029.59,11,1029.59,40.32,164.94,1121.6,Debit Card,Delivered,Standard,Website,,East,5
86086844,922983,26-05-2025,Fashion,Hoodie,1,2403.98,15,2403.98,291.07,245.21,2579.66,Credit Card,Shipped,Same Day,Mobile App,,North,
86166167,477682,08-09-2025,Beauty & Personal Care,Face Serum,3,1343.15,1,4029.44,68.75,718.05,4775.95,Credit Card,Delivered,Standard,Mobile App,SAVE20,North,6
86239456,403318,26-12-2025,Sports & Fitness,Gym Bag,1,1670.36,6,1670.36,87.03,282.63,1939.8,Wallet,Delivered,Standard,Mobile App,,South,5
86240793,267417,10-04-2025,Fashion,Denim Jeans,4,2556.73,10,10226.93,0,1104.51,10308.75,UPI,Delivered,Standard,Mobile App,,West,7
86243965,216247,26-12-2024,Electronics,USB-C Hub,1,2113.36,11,2113.36,76.59,338.56,2296.04,Credit Card,Delivered,Standard,Website,FREESHIP,South,5
86257138,210506,12-08-2024,Grocery,Organic Rice 5kg,2,721.25,25,1442.51,61.57,54.09,1197.54,Credit Card,Delivered,Standard,Mobile App,APPONLY10,West,7
86262574,517875,23-09-2024,Fashion,Casual Shirt,1,1991.87,10,1991.87,60.19,215.12,2067.99,Debit Card,Delivered,Express,Website,WELCOME10,West,3
86266227,701235,19-10-2025,Home & Kitchen,Air Fryer,2,7686.29,20,15372.58,67.68,2213.65,14579.39,UPI,Delivered,Express,Mobile App,SAVE20,Central,3
86314190,545331,14-08-2025,Electronics,Power Bank,2,1491.2,16,2982.4,38.04,450.94,2994.2,UPI,Delivered,Standard,Marketplace,,West,5
86318585,704565,16-11-2025,Electronics,Wireless Earbuds,1,2608.05,12,2608.05,125.11,413.11,2833.3,Wallet,Delivered,Express,Mobile App,,East,3
86347179,360097,01-09-2024,Electronics,USB-C Hub,1,2169.22,21,2169.22,118.11,308.46,2140.25,Credit Card,Delivered,Express,Marketplace,,North,3
86352033,572156,06-12-2024,Beauty & Personal Care,Shampoo,2,671.45,5,1342.9,92.88,229.64,1598.28,Debit Card,Delivered,Express,Marketplace,,South,4
86357289,388158,12-11-2024,Fashion,Cotton T-Shirt,3,975.49,21,2926.48,44.75,277.43,2634.1,Credit Card,Shipped,Standard,Website,,South,
86361168,377531,28-03-2025,Home & Kitchen,Storage Organizer,1,785.7,16,785.7,20.72,118.8,799.51,UPI,Delivered,Standard,Website,,West,5
86376735,751689,14-05-2024,Home & Kitchen,Non-Stick Cookware Set,1,5745.47,6,5745.47,41.87,972.13,6414.74,Net Banking,Delivered,Standard,Marketplace,FESTIVE15,West,5
86389424,836021,01-10-2025,Electronics,Wireless Earbuds,1,2565.91,6,2565.91,111.94,434.15,2958.05,UPI,Delivered,Express,Website,SAVE20,West,3
86393959,453000,05-02-2025,Fashion,Hoodie,3,2210.86,1,6632.58,56,787.95,7410.2,UPI,Delivered,Express,Website,FESTIVE15,West,5
86396561,738137,24-11-2024,Beauty & Personal Care,Sunscreen SPF 50,1,920.65,30,920.65,89.06,116,849.51,UPI,Delivered,Standard,Mobile App,SAVE20,North,5
86416246,304920,26-03-2025,Home & Kitchen,Mixer Grinder,1,4814.39,11,4814.39,130.16,771.27,5186.24,Debit Card,Shipped,Express,Website,,West,
86416324,408709,07-07-2024,Electronics,Power Bank,4,1497.24,5,5988.98,42.65,1024.12,6756.3,Credit Card,Delivered,Express,Website,LOYALTY5,Central,3
86444932,171842,14-10-2024,Electronics,Mechanical Keyboard,4,4589.79,0,18359.15,81.15,3304.65,21744.95,Debit Card,Shipped,Express,Website,,East,
86447586,289404,30-03-2024,Home & Kitchen,Table Lamp,2,1500.34,1,3000.69,36.62,534.72,3542.02,UPI,Delivered,Pickup Point,Website,,North,5
86459224,497429,09-04-2024,Grocery,Dry Fruits 500g,2,786.22,12,1572.43,50.01,69.19,1502.94,Net Banking,Delivered,Standard,Mobile App,FREESHIP,West,5
86466539,192967,02-12-2025,Beauty & Personal Care,Face Serum,1,1377.63,15,1377.63,66.52,210.78,1448.29,Cash on Delivery,Shipped,Standard,Mobile App,,South,
86477144,754071,08-11-2024,Books,Data Analytics Handbook,1,824.98,13,824.98,27.96,35.89,781.58,Debit Card,Delivered,Pickup Point,Mobile App,,North,5
86493265,647542,20-02-2024,Beauty & Personal Care,Shampoo,4,681.58,25,2726.33,130.18,368.06,2542.99,Credit Card,Delivered,Express,Mobile App,,South,3
86510762,352296,16-08-2025,Beauty & Personal Care,Hair Dryer,1,2877.44,10,2877.44,81.11,466.15,3136.96,Wallet,Shipped,Standard,Website,,South,
86530678,292070,28-12-2024,Grocery,Organic Rice 5kg,3,651.4,3,1954.2,52.54,94.78,2042.89,UPI,Delivered,Standard,Mobile App,,Central,7
86549519,531162,01-11-2025,Electronics,Smartwatch,2,5788.93,6,11577.87,20.38,1958.98,12862.56,Wallet,Delivered,Standard,Mobile App,,East,5
86561666,973551,18-08-2024,Home & Kitchen,Bedsheet Set,1,1927.21,10,1927.21,70.96,312.21,2117.66,UPI,Delivered,Standard,Mobile App,,West,5
86617855,534830,29-10-2025,Home & Kitchen,Electric Kettle,1,1893.73,18,1893.73,68.22,279.51,1900.59,UPI,Returned,Standard,Website,,South,
86631064,919527,17-07-2024,Sports & Fitness,Fitness Resistance Bands,1,974.61,6,974.61,69.43,164.9,1150.46,Cash on Delivery,Delivered,Standard,Marketplace,,Central,5
86642703,726019,06-10-2024,Home & Kitchen,Water Bottle,4,998.66,18,3994.65,0,589.61,3865.22,Cash on Delivery,Delivered,Pickup Point,Website,FESTIVE15,North,5
86648055,477682,23-09-2025,Grocery,Organic Rice 5kg,3,717.27,16,2151.81,76.83,90.38,1974.73,UPI,Delivered,Standard,Website,,Central,5
86649080,491942,20-03-2025,Sports & Fitness,Fitness Resistance Bands,2,901.51,16,1803.02,145.87,272.62,1933.03,Credit Card,Delivered,Express,Mobile App,,South,3
86659204,640870,21-11-2025,Electronics,Wireless Earbuds,2,2392.29,22,4784.57,0,671.75,4403.71,UPI,Confirmed,Standard,Website,,East,
86727052,477682,20-11-2024,Grocery,Premium Coffee,4,621.91,23,2487.62,46.88,95.77,2058.12,UPI,Delivered,Standard,Mobile App,,South,7
86791103,356888,04-03-2025,Fashion,Denim Jeans,2,2671.18,15,5342.37,62.44,544.92,5148.37,UPI,Delivered,Standard,Mobile App,FREESHIP,West,5
86818445,870085,30-04-2024,Fashion,Cotton T-Shirt,3,924.33,22,2772.99,48.93,259.55,2471.41,Wallet,Delivered,Standard,Mobile App,,West,5
86895033,601222,26-04-2025,Fashion,Running Shoes,3,4045.11,0,12135.32,0,1456.24,13591.56,Debit Card,Delivered,Pickup Point,Website,,North,5
86902735,573260,01-10-2025,Electronics,Mechanical Keyboard,1,4871.15,16,4871.15,0,736.52,4828.29,Debit Card,Returned,Pickup Point,Mobile App,,South,
86961417,311051,23-10-2024,Fashion,Women’s Kurta,2,1660.04,2,3320.08,0,390.44,3644.12,Cash on Delivery,Delivered,Standard,Website,WELCOME10,South,5
86962001,350814,03-01-2024,Electronics,Power Bank,2,1438.68,11,2877.36,81.58,460.95,3103.38,UPI,Delivered,Standard,Mobile App,,West,5
86986122,599639,31-01-2025,Beauty & Personal Care,Perfume,1,2421.42,1,2421.42,58.99,431.5,2887.7,Net Banking,Delivered,Standard,Website,,West,5
87020137,525353,21-12-2025,Books,Exam Preparation Book,5,992.34,26,4961.71,0,183.58,3855.25,Net Banking,Delivered,Standard,Mobile App,,West,5
87028818,704565,14-10-2024,Sports & Fitness,Yoga Mat,1,1280.41,0,1280.41,72.1,230.47,1582.98,UPI,Delivered,Standard,Mobile App,,Central,5
87033278,900979,16-12-2024,Grocery,Organic Rice 5kg,3,645.21,1,1935.64,75.16,95.81,2087.25,UPI,Delivered,Express,Mobile App,,South,5
87033460,391078,13-01-2024,Electronics,Wireless Earbuds,1,2639.34,10,2639.34,41.47,427.57,2844.45,Net Banking,Delivered,Standard,Mobile App,FESTIVE15,East,5
87034699,117219,17-12-2025,Sports & Fitness,Sports Shoes,2,3276.96,13,6553.91,0,1026.34,6728.24,UPI,Delivered,Standard,Website,FREESHIP,East,5
87055012,644428,10-01-2025,Sports & Fitness,Gym Bag,2,1813.42,26,3626.84,29.13,483.09,3196.08,Wallet,Delivered,Pickup Point,Mobile App,,West,5
87059937,798962,31-10-2024,Home & Kitchen,Water Bottle,3,1101.5,8,3304.49,31.1,547.22,3618.45,Net Banking,Confirmed,Standard,Website,,South,
87075756,808385,09-09-2025,Books,Personal Finance Guide,3,750.81,25,2252.44,171.57,84.47,1945.37,UPI,Delivered,Next Day,Website,,Central,2
87103505,810253,02-11-2024,Sports & Fitness,Dumbbell Set,2,3320.42,20,6640.83,7.03,956.28,6275.97,UPI,Delivered,Standard,Website,,North,7
87109867,745205,02-09-2025,Home & Kitchen,Air Fryer,4,6537.58,1,26150.33,88,4659.99,30636.82,UPI,Delivered,Next Day,Website,,South,2
87113717,170738,12-01-2025,Fashion,Backpack,2,2527.94,0,5055.87,0,606.7,5662.57,UPI,Shipped,Standard,Website,APPONLY10,South,
87178278,957716,20-04-2024,Fashion,Hoodie,2,2321.14,0,4642.27,0,557.07,5199.34,Credit Card,Processin,Standard,Website,,West,
87189974,897009,04-03-2024,Grocery,Protein Cereal,2,619.02,11,1238.04,137.9,55.09,1294.85,Credit Card,Delivered,Next Day,Marketplace,,North,2
87192912,606957,22-02-2025,Beauty & Personal Care,Face Serum,7,1332.97,1,9330.81,79.04,1662.75,10979.29,Cash on Delivery,Delivered,Express,Website,SAVE20,North,3
87227850,121516,17-01-2024,Home & Kitchen,Bedsheet Set,2,1964.7,6,3929.41,78.13,664.86,4436.64,UPI,Returned,Express,Website,,Central,
87309309,118062,29-11-2025,Fashion,Backpack,2,2345.65,5,4691.3,0,534.81,4991.55,Debit Card,Delivered,Standard,Website,FESTIVE15,Central,5
87312815,670988,15-03-2024,Home & Kitchen,Electric Kettle,4,1942.14,20,7768.56,40.38,1118.67,7373.9,UPI,Delivered,Standard,Mobile App,SAVE20,West,5
87319634,156320,17-06-2024,Grocery,Organic Rice 5kg,2,645.63,15,1291.27,49.05,54.88,1201.51,UPI,Delivered,Standard,Website,,South,6
87325249,360097,13-03-2024,Home & Kitchen,Storage Organizer,1,879.2,11,879.2,56.57,140.85,979.91,Credit Card,Shipped,Standard,Mobile App,,West,
87390693,513727,02-04-2025,Electronics,Smartwatch,1,5856.41,11,5856.41,10,938.2,6160.4,Debit Card,Delivered,Standard,Mobile App,FREESHIP,North,5
87407625,663897,11-05-2024,Home & Kitchen,Bedsheet Set,2,1854.82,5,3709.64,85.36,634.35,4243.87,Debit Card,Confirmed,Express,Marketplace,FESTIVE15,West,
87437060,861740,09-02-2024,Fashion,Denim Jeans,3,2672.77,22,8018.32,114.62,750.51,7119.42,Debit Card,Returned,Next Day,Mobile App,FREESHIP,East,
87443979,870085,08-11-2025,Fashion,Sunglasses,1,1265.33,17,1265.33,234.06,126.03,1410.31,Wallet,Delivered,Next Day,Marketplace,WELCOME10,North,2
87444563,717362,29-12-2024,Home & Kitchen,Air Fryer,2,7776.63,20,15553.25,8.1,2239.67,14690.37,UPI,Confirmed,Pickup Point,Mobile App,,Central,
87446484,760624,25-10-2024,Electronics,Smartwatch,1,6179.5,21,6179.5,1.97,878.72,5762.49,Debit Card,Delivered,Standard,Mobile App,,West,5
87447231,457808,31-03-2025,Sports & Fitness,Gym Bag,2,1755.53,0,3511.06,248.32,631.99,4391.37,Credit Card,Delivered,Same Day,Marketplace,,North,1
87451910,224962,30-06-2024,Books,Business Strategy Book,3,669.07,11,2007.21,142.87,89.32,2018.61,UPI,Delivered,Express,Website,FESTIVE15,West,3
87452895,216247,13-09-2025,Electronics,Power Bank,2,1514.79,11,3029.57,85.36,485.34,3267.02,Credit Card,Delivered,Express,Website,FREESHIP,South,3
87457338,989045,22-08-2024,Beauty & Personal Care,Hair Dryer,3,2816.76,1,8450.28,67.55,1505.84,9939.17,UPI,Delivered,Express,Mobile App,SAVE20,West,3
87462751,684939,30-08-2024,Home & Kitchen,Storage Organizer,2,952.47,20,1904.94,217.96,274.31,2016.22,Wallet,Shipped,Next Day,Mobile App,FREESHIP,Central,
87474471,930111,12-10-2024,Grocery,Premium Coffee,3,626.56,17,1879.69,88.07,78.01,1726.22,Credit Card,Delivered,Standard,Website,WELCOME10,West,7
87475291,453000,06-12-2024,Beauty & Personal Care,Sunscreen SPF 50,2,913.45,16,1826.9,95.84,276.23,1906.67,Credit Card,Delivered,Standard,Marketplace,,South,7
87511221,691791,17-11-2025,Beauty & Personal Care,Lipstick,2,827.84,3,1655.69,79.61,289.08,1974.71,Credit Card,Processin,Standard,Mobile App,,South,
87559960,682946,14-10-2025,Electronics,Wireless Earbuds,2,2659.67,4,5319.34,0,919.18,6025.75,Credit Card,Delivered,Standard,Marketplace,,West,5
87560643,121516,12-01-2025,Electronics,1080p Webcam,3,4154.22,1,12462.65,10.43,2220.84,14569.29,Debit Card,Delivered,Standard,Website,,North,5
87565812,446432,06-02-2025,Books,Fiction Bestseller,3,658.52,6,1975.55,65.6,92.85,2015.47,Debit Card,Delivered,Standard,Website,,West,5
87580799,186360,31-12-2025,Grocery,Premium Coffee,8,636.85,22,5094.79,5.39,198.7,4178.03,UPI,Delivered,Standard,Marketplace,,West,5
87616240,319368,27-12-2025,Fashion,Denim Jeans,2,2593.35,25,5186.69,40.58,466.8,4397.4,UPI,Delivered,Standard,Mobile App,FREESHIP,South,5
87619591,655361,09-06-2025,Home & Kitchen,Air Fryer,3,7479.62,26,22438.85,6.17,2988.86,19599.78,Credit Card,Delivered,Standard,Marketplace,,West,5
87641164,672334,25-07-2024,Fashion,Denim Jeans,2,2531.15,25,5062.31,0,455.61,4252.34,Cash on Delivery,Delivered,Standard,Mobile App,,West,7
87676547,533192,26-11-2025,Sports & Fitness,Yoga Mat,3,1288.04,20,3864.13,0.94,556.43,3648.67,UPI,Delivered,Standard,Mobile App,,East,6
87689181,726019,16-06-2024,Home & Kitchen,Mixer Grinder,4,5025.27,1,20101.08,8.11,3582.01,23490.19,Debit Card,Cancelled,Standard,Mobile App,FESTIVE15,East,
87690255,333453,08-02-2025,Books,Cookbook,3,812.64,17,2437.93,19.5,101.17,2144.15,UPI,Cancelled,Pickup Point,Marketplace,SAVE20,Central,
87700261,717362,09-02-2025,Electronics,Bluetooth Speaker,2,3098.76,0,6197.53,108.73,1115.56,7421.82,UPI,Delivered,Express,Marketplace,,South,3
87719189,985217,28-05-2025,Home & Kitchen,Mixer Grinder,1,4798.52,5,4798.52,22.63,820.55,5401.77,Cash on Delivery,Delivered,Standard,Website,,West,5
87746150,284383,27-05-2024,Home & Kitchen,Air Fryer,3,7880.29,21,23640.86,48.44,3361.73,22086.45,UPI,Delivered,Standard,Website,FREESHIP,North,5
87754262,642321,12-03-2025,Electronics,Smartwatch,2,5896.25,16,11792.5,96.58,1783.03,11785.31,UPI,Delivered,Next Day,Website,,North,2
87770815,735875,30-10-2024,Grocery,Protein Cereal,4,568.71,5,2274.83,69.49,108.05,2338.63,UPI,Returned,Standard,Marketplace,FESTIVE15,East,
87780728,216247,13-12-2025,Books,Personal Finance Guide,2,740.92,30,1481.84,98.63,51.86,1187.78,Debit Card,Delivered,Standard,Mobile App,WELCOME10,East,5
87784774,388095,12-04-2025,Grocery,Premium Coffee,2,575.94,1,1151.88,41.05,57.02,1238.43,Debit Card,Delivered,Pickup Point,Mobile App,FESTIVE15,Central,5
87837267,417948,05-11-2025,Grocery,Premium Coffee,1,608.06,23,608.06,73.08,23.41,564.7,UPI,Delivered,Express,Mobile App,FREESHIP,Central,5
87850417,999413,08-10-2025,Home & Kitchen,Non-Stick Cookware Set,3,6085.35,23,18256.05,8.37,2530.29,16595.82,Wallet,Delivered,Standard,Website,LOYALTY5,South,6
87862153,731007,25-12-2025,Books,Cookbook,1,826.24,26,826.24,83.44,30.57,725.43,Net Banking,Cancelled,Standard,Mobile App,,Central,
87875119,152077,05-06-2024,Fashion,Running Shoes,3,4097.95,10,12293.86,0,1327.74,12392.21,UPI,Delivered,Standard,Mobile App,WELCOME10,South,5
87883574,691791,01-11-2025,Sports & Fitness,Dumbbell Set,1,3542.53,11,3542.53,145.74,567.51,3866.1,UPI,Returned,Next Day,Website,WELCOME10,West,
87887356,487101,28-11-2025,Home & Kitchen,Electric Kettle,1,1915.83,15,1915.83,76.06,293.12,1997.64,Wallet,Delivered,Standard,Mobile App,,East,6
87897403,479554,03-01-2025,Fashion,Backpack,1,2195.79,25,2195.79,57.08,197.62,1901.54,Debit Card,Delivered,Standard,Mobile App,SAVE20,South,5
87910290,766287,12-02-2025,Sports & Fitness,Fitness Resistance Bands,3,1038.35,15,3115.06,68,476.6,3192.4,UPI,Delivered,Standard,Marketplace,,South,5
87919272,698839,16-04-2024,Electronics,Bluetooth Speaker,4,3583.72,10,14334.88,15.97,2322.25,15239.61,Cash on Delivery,Delivered,Express,Website,SAVE20,Central,3
87927677,161294,14-03-2025,Electronics,Power Bank,3,1603.2,22,4809.59,0,675.27,4426.75,Cash on Delivery,Delivered,Pickup Point,Marketplace,,Central,5
87950709,562761,02-01-2025,Grocery,Protein Cereal,2,639.72,16,1279.43,67.14,53.74,1195.6,Credit Card,Delivered,Standard,Website,FESTIVE15,South,5
87959224,453000,22-02-2024,Electronics,Smartwatch,3,5937.22,11,17811.66,0,2853.43,18705.81,Debit Card,Delivered,Standard,Website,,Central,5
87967216,537897,25-12-2025,Electronics,Noise Cancelling Headphones,2,9698.25,17,19396.5,52.05,2897.84,19048.99,UPI,Delivered,Standard,Mobile App,,West,5
87990646,297445,31-07-2024,Electronics,Smartwatch,5,5980.53,11,29902.64,33.13,4790.4,31436.88,Credit Card,Delivered,Standard,Marketplace,,South,5
88005568,201481,21-07-2025,Beauty & Personal Care,Perfume,6,2419.88,25,14519.28,0,1960.1,12849.56,Debit Card,Delivered,Pickup Point,Mobile App,,West,7
88031703,473494,01-06-2024,Electronics,Wireless Earbuds,2,2618.41,10,5236.81,3.38,848.36,5564.87,Cash on Delivery,Processin,Pickup Point,Website,,South,
88071169,457808,24-02-2025,Home & Kitchen,Water Bottle,3,990.86,5,2972.57,140.2,508.31,3472.45,UPI,Processin,Express,Mobile App,SAVE20,East,
88071553,611013,19-11-2025,Fashion,Running Shoes,2,3874.77,0,7749.53,212.47,929.94,8891.94,Credit Card,Delivered,Same Day,Mobile App,,West,1
88079099,726019,06-05-2025,Fashion,Denim Jeans,3,2445.94,1,7337.83,57.03,871.73,8193.21,Net Banking,Delivered,Express,Website,FREESHIP,North,3
88091991,531162,20-02-2025,Home & Kitchen,Non-Stick Cookware Set,2,5388.09,11,10776.19,56.7,1726.35,11373.86,UPI,Shipped,Express,Mobile App,FESTIVE15,South,
88098711,600283,27-10-2024,Beauty & Personal Care,Perfume,4,2402.18,30,9608.72,58.11,1210.7,7994.91,Credit Card,Delivered,Express,Marketplace,,West,3
88123905,192903,14-12-2024,Grocery,Olive Oil 1L,3,845.35,16,2536.05,36.09,106.51,2272.88,UPI,Delivered,Standard,Website,LOYALTY5,South,7
88132782,111331,14-05-2025,Fashion,Casual Shirt,3,1633.78,11,4901.34,0,523.46,4885.65,Cash on Delivery,Delivered,Standard,Marketplace,APPONLY10,North,5
88149562,371899,03-04-2025,Beauty & Personal Care,Sunscreen SPF 50,2,823.23,20,1646.47,83.64,237.09,1637.91,UPI,Shipped,Standard,Website,,West,
88168528,918817,23-10-2025,Electronics,Noise Cancelling Headphones,5,9206.64,21,46033.19,29.66,6545.92,42941.8,Credit Card,Delivered,Standard,Marketplace,LOYALTY5,Central,5
88174935,935007,09-11-2024,Beauty & Personal Care,Moisturizer,1,740.3,6,740.3,111.04,125.26,932.18,Net Banking,Delivered,Express,Marketplace,,South,3
88175876,764466,12-01-2025,Books,Business Strategy Book,2,706.43,5,1412.85,75.55,67.11,1484.87,UPI,Delivered,Standard,Marketplace,,Central,5
88183919,671644,11-08-2024,Grocery,Premium Coffee,3,626.45,17,1879.35,32,77.99,1669.85,UPI,Delivered,Standard,Mobile App,,South,5
88190155,196350,08-08-2025,Beauty & Personal Care,Lipstick,4,806.53,22,3226.14,77.34,452.95,3046.68,Cash on Delivery,Cancelled,Standard,Website,SAVE20,Central,
88191715,183520,14-12-2025,Electronics,Power Bank,3,1568.52,26,4705.55,16.62,626.78,4125.51,Cash on Delivery,Delivered,Standard,Marketplace,,West,5
88194645,577700,05-01-2024,Electronics,USB-C Hub,2,2223.38,0,4446.77,59.63,800.42,5306.82,Debit Card,Delivered,Express,Mobile App,,Central,3
88208137,864641,24-09-2025,Fashion,Casual Shirt,3,1780.95,10,5342.86,58.97,577.03,5444.57,Credit Card,Processin,Standard,Mobile App,LOYALTY5,South,
88217930,156320,24-11-2024,Books,Business Strategy Book,3,667.9,12,2003.69,73.71,88.16,1925.12,Debit Card,Delivered,Standard,Website,,South,5
88247050,796906,27-11-2024,Home & Kitchen,Bedsheet Set,1,1904.94,3,1904.94,73.25,332.6,2253.64,Credit Card,Delivered,Standard,Website,,Central,5
88271373,919527,01-11-2024,Home & Kitchen,Electric Kettle,2,1892.9,21,3785.79,229.5,538.34,3758.61,Wallet,Shipped,Next Day,Website,APPONLY10,South,
88303998,604653,22-03-2024,Home & Kitchen,Storage Organizer,2,830.03,0,1660.07,88.6,298.81,2047.48,Debit Card,Delivered,Standard,Mobile App,FESTIVE15,East,5
88327620,817291,18-01-2024,Grocery,Protein Cereal,3,620.1,21,1860.31,24.15,73.48,1567.27,Wallet,Delivered,Pickup Point,Mobile App,,North,5
88354299,897009,27-10-2024,Electronics,Bluetooth Speaker,1,3389.96,13,3389.96,78.55,530.87,3558.69,Net Banking,Delivered,Standard,Mobile App,APPONLY10,West,6
88391822,671644,30-11-2024,Fashion,Running Shoes,5,4163.35,22,20816.75,32.91,1948.45,18218.42,UPI,Delivered,Standard,Marketplace,WELCOME10,South,5
88412853,869164,10-10-2024,Home & Kitchen,Table Lamp,2,1431.49,19,2862.99,126.38,417.42,2862.82,UPI,Delivered,Express,Mobile App,,North,3
88417758,735116,13-01-2025,Books,Data Analytics Handbook,6,920.67,21,5524.03,104.01,218.2,4686.19,Credit Card,Delivered,Express,Mobile App,,West,5
88431203,674262,05-09-2024,Fashion,Hoodie,4,2187.17,20,8748.7,47.36,839.88,7886.2,Credit Card,Delivered,Standard,Mobile App,,East,5
88456723,981217,18-11-2025,Electronics,Smartwatch,1,5992.95,11,5992.95,22.26,960.07,6316.06,Credit Card,Delivered,Express,Website,FREESHIP,South,5
88461681,569778,16-08-2024,Fashion,Women’s Kurta,3,1558.26,21,4674.77,59.49,443.17,4195.73,Net Banking,Shipped,Standard,Website,,East,
88465606,497188,17-10-2025,Electronics,Noise Cancelling Headphones,3,8422.42,5,25267.25,75.67,4320.7,28400.26,UPI,Delivered,Standard,Mobile App,SAVE20,South,5
88468634,935007,04-01-2025,Grocery,Green Tea,2,451.72,16,903.45,73.77,37.94,870.61,UPI,Delivered,Standard,Website,,West,7
88469388,284383,25-03-2024,Fashion,Casual Shirt,2,1848.4,11,3696.8,45.37,394.82,3730.34,Credit Card,Delivered,Standard,Website,SAVE20,South,5
88499255,108459,14-09-2025,Fashion,Hoodie,2,2283.86,16,4567.73,3.42,460.43,4300.74,UPI,Confirmed,Standard,Mobile App,,West,
88502315,491942,06-05-2025,Home & Kitchen,Air Fryer,3,6718.21,1,20154.63,10.31,3591.55,23554.94,Credit Card,Delivered,Standard,Website,,North,5
88509460,705771,28-02-2025,Electronics,USB-C Hub,1,2122.53,0,2122.53,64.48,382.06,2569.07,Credit Card,Confirmed,Standard,Website,,North,
88511533,459466,05-06-2025,Fashion,Hoodie,1,2304.42,1,2304.42,92.33,273.77,2647.48,Wallet,Delivered,Standard,Website,,Central,5
88519362,119671,10-03-2025,Beauty & Personal Care,Moisturizer,5,771.86,6,3859.31,0,653,4280.75,UPI,Delivered,Standard,Marketplace,,North,5
88567100,311051,19-10-2024,Fashion,Women’s Kurta,1,1664.91,14,1664.91,85.48,171.82,1689.12,Wallet,Delivered,Standard,Mobile App,SAVE20,South,5
88581311,319368,10-04-2024,Beauty & Personal Care,Sunscreen SPF 50,1,887.51,5,887.51,53.95,151.76,1048.84,UPI,Delivered,Standard,Website,LOYALTY5,East,5
88591864,505043,03-11-2024,Fashion,Sunglasses,1,1337.97,2,1337.97,126.43,157.35,1594.99,UPI,Shipped,Express,Mobile App,FREESHIP,West,
88603462,967182,04-05-2024,Grocery,Organic Rice 5kg,2,686.37,16,1372.74,63.65,57.66,1274.41,UPI,Delivered,Standard,Mobile App,,South,5
88631688,784248,18-04-2025,Fashion,Hoodie,5,2166.9,7,10834.49,0,1209.13,11285.21,Net Banking,Delivered,Pickup Point,Website,,South,5
88639847,985217,08-11-2025,Fashion,Running Shoes,3,3960.32,7,11880.96,0,1325.91,12375.2,Cash on Delivery,Delivered,Pickup Point,Website,,East,5
88659149,786341,13-01-2024,Electronics,Mechanical Keyboard,4,4482.19,21,17928.75,0.76,2549.47,16713.94,UPI,Delivered,Standard,Website,,East,6
88679160,595261,03-06-2024,Fashion,Women’s Kurta,2,1557.93,22,3115.85,121.1,291.64,2843.1,UPI,Delivered,Express,Website,LOYALTY5,West,3
88693132,754071,23-06-2024,Electronics,USB-C Hub,3,2099.9,16,6299.69,69.04,952.51,6313.29,Cash on Delivery,Returned,Express,Website,WELCOME10,Central,
88708936,817095,04-02-2024,Books,Cookbook,1,787.54,10,787.54,25.26,35.44,769.49,UPI,Delivered,Standard,Website,,East,5
88712481,685812,21-10-2024,Electronics,Mechanical Keyboard,3,4669.88,6,14009.64,24.29,2370.43,15563.78,UPI,Delivered,Standard,Website,WELCOME10,East,7
88748791,870085,11-04-2025,Beauty & Personal Care,Sunscreen SPF 50,3,862.67,2,2588.02,63.88,456.53,3056.67,Wallet,Cancelled,Standard,Website,SAVE20,West,
88758915,646569,12-01-2025,Grocery,Organic Rice 5kg,3,698.39,0,2095.16,58.14,104.76,2258.06,Credit Card,Delivered,Standard,Website,APPONLY10,North,5
88778167,159779,19-03-2025,Sports & Fitness,Sports Shoes,2,3157.45,25,6314.9,0,852.51,5588.69,UPI,Processin,Standard,Website,,South,
88809594,706997,04-09-2025,Beauty & Personal Care,Moisturizer,5,746.53,1,3732.63,0,665.15,4360.45,Credit Card,Delivered,Pickup Point,Website,FESTIVE15,East,5
88829664,472528,21-05-2024,Fashion,Backpack,2,2352.48,6,4704.96,29.22,530.72,4982.6,UPI,Shipped,Express,Mobile App,,South,
88832713,352296,15-07-2024,Grocery,Olive Oil 1L,5,907.63,20,4538.15,33.09,181.53,3845.14,Credit Card,Delivered,Standard,Website,,Central,5
88878585,333453,30-10-2025,Home & Kitchen,Air Fryer,1,7497.79,19,7497.79,97.47,1093.18,7263.86,Debit Card,Delivered,Next Day,Mobile App,LOYALTY5,North,2
88882280,181485,26-10-2024,Beauty & Personal Care,Hair Dryer,2,2802.28,27,5604.56,0,736.44,4827.77,Credit Card,Delivered,Standard,Mobile App,,South,5
88889219,415392,25-08-2025,Electronics,Wireless Earbuds,2,2588.7,16,5177.39,0,782.82,5131.83,Credit Card,Delivered,Standard,Mobile App,,East,5
88926127,362923,16-11-2025,Fashion,Sunglasses,3,1344.63,2,4033.88,0,474.38,4427.58,UPI,Delivered,Pickup Point,Website,WELCOME10,North,5
88928141,513429,12-08-2025,Electronics,Noise Cancelling Headphones,2,8688.82,16,17377.63,31.57,2627.5,17256.28,UPI,Delivered,Standard,Mobile App,APPONLY10,East,5
88933053,870688,27-06-2025,Beauty & Personal Care,Moisturizer,6,729.52,6,4377.14,16.76,740.61,4871.88,UPI,Delivered,Standard,Website,FESTIVE15,West,5
88936640,382444,07-09-2025,Books,Personal Finance Guide,3,804.64,11,2413.91,78.92,107.42,2334.72,UPI,Confirmed,Standard,Website,,West,
88961144,114374,19-12-2025,Home & Kitchen,Water Bottle,2,1114.15,0,2228.29,69.78,401.09,2699.16,UPI,Delivered,Express,Website,,West,3
89016669,901714,07-10-2024,Sports & Fitness,Yoga Mat,1,1239.87,18,1239.87,136.02,183,1335.71,Credit Card,Confirmed,Express,Mobile App,SAVE20,South,
89035015,615369,27-10-2025,Fashion,Cotton T-Shirt,1,821.5,2,821.5,96.06,96.61,997.74,Net Banking,Delivered,Standard,Mobile App,,East,6
89065776,918157,29-08-2024,Fashion,Cotton T-Shirt,3,826.57,11,2479.72,81.85,264.83,2553.63,Cash on Delivery,Returned,Express,Website,,West,
89079142,796906,01-05-2025,Home & Kitchen,Non-Stick Cookware Set,1,5720.88,11,5720.88,45.46,916.48,6053.52,Credit Card,Delivered,Express,Mobile App,,South,3
89089897,453000,08-12-2025,Home & Kitchen,Bedsheet Set,4,1882.78,11,7531.13,0,1206.49,7909.2,Credit Card,Delivered,Standard,Website,APPONLY10,South,5
89094730,569791,31-05-2025,Beauty & Personal Care,Moisturizer,2,765.78,1,1531.56,61.48,272.92,1850.64,Debit Card,Confirmed,Standard,Website,APPONLY10,South,
89104854,469900,23-07-2025,Grocery,Snack Assortment,5,509.78,21,2548.92,179.44,100.68,2293.77,Credit Card,Shipped,Same Day,Mobile App,,East,
89109437,156320,02-04-2025,Home & Kitchen,Non-Stick Cookware Set,3,5548.13,10,16644.39,5.45,2696.39,17681.79,Credit Card,Shipped,Standard,Website,,Central,
89111451,311051,28-05-2025,Electronics,Power Bank,1,1577.37,2,1577.37,73.79,278.25,1897.86,UPI,Delivered,Standard,Website,LOYALTY5,North,5
89147485,900979,14-09-2024,Fashion,Hoodie,2,2180.06,6,4360.11,30.38,491.82,4620.7,Credit Card,Shipped,Standard,Website,,Central,
89172528,501794,30-07-2025,Electronics,Mechanical Keyboard,1,4799.45,5,4799.45,39.22,820.71,5419.41,Credit Card,Confirmed,Express,Marketplace,WELCOME10,North,
89202412,484328,13-02-2025,Sports & Fitness,Cricket Bat,3,4566.18,1,13698.53,196.38,2441.08,16199,Cash on Delivery,Delivered,Next Day,Website,,West,2
89206661,671644,13-03-2025,Fashion,Hoodie,2,2376.15,17,4752.29,98.66,473.33,4516.39,Credit Card,Delivered,Express,Mobile App,FESTIVE15,East,5
89214979,741739,19-01-2025,Beauty & Personal Care,Sunscreen SPF 50,3,900.18,26,2700.55,75.95,359.71,2434.07,UPI,Delivered,Standard,Marketplace,,Central,5
89221937,192967,25-11-2024,Electronics,1080p Webcam,1,3615.85,12,3615.85,0,572.75,3754.7,Cash on Delivery,Returned,Standard,Marketplace,,West,
89226519,634593,12-02-2024,Fashion,Casual Shirt,1,1791.75,5,1791.75,49.31,204.26,1955.73,Net Banking,Delivered,Standard,Website,,South,5
89242536,217513,26-02-2024,Sports & Fitness,Dumbbell Set,2,3508.92,0,7017.84,14.38,1263.21,8295.43,Wallet,Delivered,Standard,Mobile App,,South,5
89243878,174402,12-05-2025,Beauty & Personal Care,Hair Dryer,2,2930.23,10,5860.46,136.7,949.39,6360.5,Credit Card,Shipped,Next Day,Website,FESTIVE15,West,
89268637,121516,18-03-2025,Home & Kitchen,Non-Stick Cookware Set,2,5670.85,16,11341.69,41.53,1714.86,11283.41,UPI,Delivered,Express,Mobile App,,East,3
89358127,250203,14-03-2024,Home & Kitchen,Water Bottle,2,988.49,6,1976.98,130.76,334.5,2323.62,Wallet,Delivered,Express,Mobile App,SAVE20,Central,3
89378621,744677,18-03-2024,Fashion,Denim Jeans,2,2230.92,1,4461.84,111.47,530.07,5058.76,UPI,Shipped,Next Day,Website,,East,
89382698,603463,23-09-2024,Electronics,Power Bank,2,1497.93,10,2995.86,65.71,485.33,3247.31,Net Banking,Delivered,Standard,Website,,North,5
89390857,531162,21-10-2025,Fashion,Women’s Kurta,2,1594.78,26,3189.56,58.19,283.23,2701.69,Wallet,Delivered,Standard,Marketplace,,South,6
89409797,651709,08-11-2025,Sports & Fitness,Sports Shoes,2,3530.45,16,7060.89,18.6,1067.61,7017.36,Debit Card,Delivered,Standard,Mobile App,WELCOME10,South,5
89424711,732254,17-03-2024,Beauty & Personal Care,Lipstick,5,741.25,10,3706.27,241.17,600.42,4177.23,UPI,Delivered,Same Day,Website,,South,1
89428982,212904,19-02-2025,Electronics,1080p Webcam,2,3825.02,11,7650.05,79.75,1225.54,8113.83,UPI,Delivered,Express,Mobile App,,South,4
89436285,982501,24-07-2025,Electronics,Bluetooth Speaker,1,3117.28,20,3117.28,64.28,448.89,3006.99,UPI,Delivered,Standard,Mobile App,LOYALTY5,East,7
89462473,882469,23-12-2024,Fashion,Backpack,2,2241.64,6,4483.29,139.03,505.71,4859.03,Credit Card,Delivered,Next Day,Website,FESTIVE15,North,2
89571631,691791,09-11-2025,Electronics,1080p Webcam,3,3508.51,8,10525.53,1.73,1743.03,11428.25,UPI,Cancelled,Standard,Website,SAVE20,South,
89578047,239803,15-07-2025,Sports & Fitness,Dumbbell Set,1,3482.21,10,3482.21,37.88,564.12,3735.99,Cash on Delivery,Delivered,Standard,Website,FREESHIP,West,5
89580145,784248,17-04-2025,Electronics,USB-C Hub,2,2359.95,2,4719.9,34.55,832.59,5492.64,UPI,Delivered,Express,Mobile App,SAVE20,Central,5
89593875,250415,13-05-2024,Fashion,Sunglasses,2,1276.26,0,2552.53,48.14,306.3,2906.97,Credit Card,Delivered,Standard,Website,FREESHIP,West,5
89604669,590308,02-10-2025,Beauty & Personal Care,Moisturizer,5,731.27,12,3656.33,215.27,579.16,4012,UPI,Delivered,Same Day,Website,SAVE20,South,1
89661054,732254,02-07-2025,Electronics,Bluetooth Speaker,5,3612.13,5,18060.67,64.35,3088.38,20310.37,Debit Card,Confirmed,Express,Website,,West,
89666427,543688,18-06-2025,Electronics,Smartwatch,2,5967.68,10,11935.36,26.91,1933.53,12702.26,Wallet,Delivered,Standard,Website,,South,5
89794410,446115,14-07-2025,Books,Fiction Bestseller,2,580.51,10,1161.01,146.45,52.25,1243.61,UPI,Delivered,Express,Mobile App,WELCOME10,South,3
89814789,710236,18-09-2025,Home & Kitchen,Bedsheet Set,2,1923.13,0,3846.25,131.24,692.32,4669.81,Net Banking,Cancelled,Same Day,Website,,South,
89826493,908569,01-10-2025,Fashion,Casual Shirt,1,1640.35,13,1640.35,61.12,171.25,1659.47,Credit Card,Delivered,Standard,Website,,Central,5
89847658,654045,24-08-2024,Grocery,Dry Fruits 500g,4,793.28,15,3173.12,31.38,134.86,2863.39,Debit Card,Delivered,Pickup Point,Mobile App,,South,5
89868773,747416,22-04-2024,Fashion,Denim Jeans,3,2497.41,5,7492.23,1.65,854.11,7973.38,Debit Card,Delivered,Standard,Mobile App,,South,5
89915551,349717,07-09-2025,Home & Kitchen,Non-Stick Cookware Set,2,5975.73,20,11951.47,0,1721.01,11282.19,UPI,Confirmed,Pickup Point,Mobile App,LOYALTY5,South,
89922100,684939,02-06-2024,Beauty & Personal Care,Moisturizer,1,749.6,5,749.6,22.28,128.18,862.58,Credit Card,Delivered,Standard,Mobile App,WELCOME10,North,6
89924185,216247,23-07-2025,Books,Personal Finance Guide,3,723.22,16,2169.65,64.43,91.13,1978.07,Credit Card,Delivered,Standard,Mobile App,WELCOME10,Central,5
89936910,674262,28-10-2024,Fashion,Denim Jeans,1,2538.22,5,2538.22,156.54,289.36,2857.21,Credit Card,Delivered,Next Day,Mobile App,WELCOME10,South,2
89943128,388158,08-01-2025,Books,Business Strategy Book,2,727.29,11,1454.58,86.78,64.73,1446.09,Cash on Delivery,Cancelled,Standard,Website,FESTIVE15,South,
89951692,682171,23-07-2024,Fashion,Casual Shirt,2,1856.02,15,3712.04,43.65,378.63,3577.51,UPI,Delivered,Standard,Website,,South,5
89958023,169957,27-12-2025,Home & Kitchen,Non-Stick Cookware Set,3,5853.63,20,17560.88,0,2528.77,16577.47,Debit Card,Confirmed,Standard,Mobile App,APPONLY10,West,
89991208,463141,10-06-2025,Home & Kitchen,Storage Organizer,2,969.82,16,1939.63,76.73,293.27,1999.29,UPI,Shipped,Standard,Mobile App,APPONLY10,East,
89992102,450368,28-10-2024,Home & Kitchen,Bedsheet Set,1,1827.18,7,1827.18,58.97,305.87,2064.12,UPI,Delivered,Standard,Mobile App,,South,5
90015657,446115,27-12-2024,Electronics,Power Bank,4,1569.83,25,6279.33,6.38,847.71,5563.59,UPI,Delivered,Standard,Marketplace,,East,5
90030959,680558,28-03-2024,Electronics,Wireless Earbuds,2,2429.89,0,4859.78,0,874.76,5734.54,UPI,Delivered,Pickup Point,Marketplace,LOYALTY5,East,5
90045521,930111,01-07-2025,Beauty & Personal Care,Hair Dryer,2,2850.18,10,5700.35,105.79,923.46,6159.56,Credit Card,Delivered,Express,Website,SAVE20,North,3
90054854,168648,30-01-2025,Home & Kitchen,Table Lamp,3,1505.48,11,4516.45,14.82,723.54,4758,UPI,Delivered,Standard,Mobile App,FESTIVE15,South,5
90090725,982501,07-05-2025,Fashion,Sunglasses,2,1371.48,5,2742.97,45.25,312.7,2963.77,Debit Card,Delivered,Standard,Website,,South,5
90117624,170738,13-12-2025,Books,Personal Finance Guide,2,780.86,10,1561.73,79.13,70.28,1554.97,UPI,Delivered,Express,Website,WELCOME10,West,3
90127881,215726,14-06-2024,Grocery,Green Tea,3,444.49,27,1333.48,102.3,48.67,1124.41,Debit Card,Delivered,Standard,Website,,North,5
90138451,776421,16-11-2025,Grocery,Dry Fruits 500g,2,835.17,5,1670.35,65.03,79.34,1731.2,UPI,Delivered,Standard,Marketplace,FESTIVE15,Central,5
90160255,161294,25-05-2025,Home & Kitchen,Water Bottle,1,979.66,12,979.66,215.16,155.18,1232.44,Credit Card,Shipped,Next Day,Website,FREESHIP,South,
90162233,170738,04-04-2025,Home & Kitchen,Water Bottle,2,935.02,0,1870.03,83.23,336.61,2289.87,Debit Card,Delivered,Standard,Website,LOYALTY5,North,5
90183252,236875,17-02-2025,Grocery,Organic Rice 5kg,3,705.81,16,2117.43,97.71,88.93,1965.28,UPI,Delivered,Standard,Mobile App,,North,5
90251125,726894,26-05-2024,Fashion,Casual Shirt,2,1768.16,11,3536.33,0,377.68,3525.01,Credit Card,Returned,Pickup Point,Website,FESTIVE15,North,
90262301,707921,17-11-2024,Electronics,Power Bank,2,1580.78,20,3161.56,69.15,455.26,3053.66,Net Banking,Delivered,Standard,Mobile App,APPONLY10,South,5
90274269,900979,23-01-2025,Home & Kitchen,Non-Stick Cookware Set,3,5845.24,16,17535.72,36.92,2651.4,17418.32,Credit Card,Delivered,Express,Website,SAVE20,West,3
90315348,830954,12-02-2024,Electronics,Power Bank,2,1764.33,10,3528.66,0,571.64,3747.43,Credit Card,Shipped,Standard,Website,FREESHIP,North,
90319021,634593,12-11-2025,Fashion,Cotton T-Shirt,1,893.31,27,893.31,109.81,78.25,840.18,Credit Card,Delivered,Express,Marketplace,,West,3
90331916,396652,28-02-2024,Grocery,Green Tea,4,500.89,1,2003.57,46.45,99.18,2129.16,UPI,Delivered,Standard,Mobile App,LOYALTY5,West,5
90334183,338179,14-05-2024,Books,Personal Finance Guide,3,737.65,2,2212.95,79.6,108.43,2356.72,Net Banking,Delivered,Standard,Mobile App,,West,5
90404704,469900,26-03-2025,Sports & Fitness,Cricket Bat,2,4676.09,16,9352.19,12.05,1414.05,9281.94,Debit Card,Delivered,Standard,Website,,East,5
90414953,810253,01-07-2025,Electronics,Noise Cancelling Headphones,3,9425.5,0,28276.49,23.51,5089.77,33389.77,UPI,Confirmed,Standard,Mobile App,SAVE20,Central,
90418095,981217,14-01-2024,Home & Kitchen,Non-Stick Cookware Set,1,5383.05,16,5383.05,65.21,813.92,5400.89,Credit Card,Delivered,Express,Website,,Central,3
90419862,805212,07-04-2025,Fashion,Casual Shirt,2,1765.91,26,3531.83,54.95,313.63,2982.13,Cash on Delivery,Delivered,Standard,Mobile App,FESTIVE15,West,5
90422116,212225,18-02-2024,Fashion,Casual Shirt,2,1759.25,15,3518.51,47.03,358.89,3396.65,UPI,Delivered,Standard,Mobile App,,West,5
90447053,586782,07-09-2024,Fashion,Women’s Kurta,3,1634.08,10,4902.23,84.31,529.44,5025.76,Wallet,Shipped,Express,Mobile App,LOYALTY5,Central,
90463045,870085,24-11-2024,Grocery,Premium Coffee,1,645.86,4,645.86,50.51,31,701.54,Wallet,Shipped,Standard,Marketplace,FESTIVE15,West,
90482258,236731,23-10-2025,Electronics,Power Bank,1,1537.45,3,1537.45,124.03,268.44,1883.8,UPI,Delivered,Express,Mobile App,WELCOME10,East,3
90496184,311051,05-10-2025,Beauty & Personal Care,Perfume,2,2322.93,9,4645.86,39.35,760.99,5028.07,Cash on Delivery,Delivered,Standard,Mobile App,,South,5
90524297,880523,23-09-2025,Beauty & Personal Care,Hair Dryer,1,2782.19,0,2782.19,76.48,500.79,3359.46,UPI,Delivered,Standard,Website,LOYALTY5,West,5
90537657,598862,10-09-2024,Home & Kitchen,Non-Stick Cookware Set,3,6603.64,5,19810.93,66.83,3387.67,22274.88,Wallet,Delivered,Express,Website,,West,3
90551077,549533,08-01-2024,Home & Kitchen,Electric Kettle,2,2126.54,5,4253.07,188.71,727.28,4956.41,UPI,Shipped,Same Day,Website,APPONLY10,East,
90557110,818941,22-03-2024,Books,Business Strategy Book,2,710.78,11,1421.55,60.62,63.26,1389.06,Debit Card,Delivered,Express,Mobile App,,Central,3
90604949,152077,12-03-2025,Grocery,Dry Fruits 500g,3,747.22,10,2241.65,38.04,100.87,2156.4,Credit Card,Delivered,Pickup Point,Mobile App,,North,6
90644749,160754,26-06-2025,Sports & Fitness,Cricket Bat,2,4794.44,15,9588.88,18.36,1467.1,9636.01,UPI,Delivered,Standard,Website,,West,5
90661731,251505,05-12-2025,Beauty & Personal Care,Hair Dryer,3,3251.95,28,9755.85,0,1264.36,8288.57,UPI,Delivered,Standard,Website,,East,5
90680175,284839,28-06-2025,Grocery,Premium Coffee,1,686.33,0,686.33,66.89,34.32,787.54,UPI,Delivered,Standard,Website,,South,5
90682281,766393,30-04-2024,Electronics,Wireless Earbuds,3,2315.4,10,6946.19,11.9,1125.28,7388.75,UPI,Delivered,Standard,Mobile App,,South,5
90706556,698839,18-10-2024,Books,Personal Finance Guide,1,755.53,5,755.53,68.99,35.89,822.63,Cash on Delivery,Delivered,Standard,Mobile App,,West,5
90708254,277727,13-11-2024,Home & Kitchen,Electric Kettle,3,1988.1,11,5964.31,27.41,955.48,6291.13,Cash on Delivery,Shipped,Next Day,Marketplace,LOYALTY5,North,
90708904,250203,11-11-2025,Beauty & Personal Care,Face Serum,2,1405.55,18,2811.1,84,414.92,2804.02,UPI,Delivered,Standard,Website,,South,6
90713831,564068,30-04-2025,Home & Kitchen,Table Lamp,1,1543.85,1,1543.85,76.18,275.11,1879.7,UPI,Delivered,Standard,Website,,South,5
90728927,377531,10-01-2025,Books,Personal Finance Guide,5,756.96,6,3784.82,36.59,177.89,3772.21,Debit Card,Delivered,Express,Mobile App,,South,3
90747021,495243,08-04-2024,Home & Kitchen,Electric Kettle,1,1954.29,11,1954.29,60.64,313.08,2113.04,Cash on Delivery,Delivered,Standard,Website,,South,5
90784587,108459,08-06-2025,Home & Kitchen,Non-Stick Cookware Set,3,6498,11,19493.99,67.05,3122.94,20539.64,UPI,Shipped,Express,Mobile App,,East,
90791883,224377,27-03-2024,Fashion,Cotton T-Shirt,3,884.4,21,2653.19,212.09,251.52,2559.63,Debit Card,Delivered,Same Day,Website,,Central,1
90798005,754071,25-10-2025,Books,Fiction Bestseller,3,710.14,1,2130.41,296.08,105.46,2510.65,Credit Card,Delivered,Same Day,Mobile App,APPONLY10,South,1
90807187,901714,02-11-2025,Electronics,Smartwatch,2,6573.05,23,13146.11,45.6,1822.05,11990.15,Net Banking,Processin,Standard,Mobile App,FESTIVE15,West,
90808474,402445,31-10-2025,Sports & Fitness,Gym Bag,2,1671.45,1,3342.91,214.58,595.71,4119.77,UPI,Delivered,Next Day,Mobile App,WELCOME10,North,2
90855488,848924,18-05-2024,Fashion,Sunglasses,2,1307.67,1,2615.33,69.15,310.7,2969.03,UPI,Shipped,Standard,Mobile App,WELCOME10,North,
90877845,810253,25-09-2025,Grocery,Snack Assortment,5,502.26,5,2511.28,91.65,119.29,2596.66,Net Banking,Delivered,Express,Website,APPONLY10,North,3
90887956,505043,13-08-2024,Electronics,USB-C Hub,2,2510.77,15,5021.54,172.69,768.3,5209.3,Net Banking,Cancelled,Same Day,Mobile App,,West,
90898327,986247,17-06-2024,Electronics,1080p Webcam,3,3848.53,6,11545.58,8.4,1953.51,12814.76,Net Banking,Returned,Standard,Website,,North,
90900507,123983,18-06-2024,Home & Kitchen,Non-Stick Cookware Set,1,6328.17,1,6328.17,2.55,1127.68,7395.12,UPI,Delivered,Standard,Website,FESTIVE15,West,5
90926795,477682,26-04-2024,Beauty & Personal Care,Sunscreen SPF 50,2,901.47,16,1802.93,53.96,272.6,1841.02,Net Banking,Delivered,Standard,Mobile App,FREESHIP,South,5
90955795,830489,22-04-2025,Grocery,Organic Rice 5kg,4,641.92,16,2567.69,123.26,107.84,2387.96,Credit Card,Returned,Express,Mobile App,,Central,
91016441,971703,17-08-2024,Fashion,Denim Jeans,2,2522.85,0,5045.7,29.81,605.48,5680.99,UPI,Delivered,Standard,Website,,West,5
91077221,232711,19-08-2024,Sports & Fitness,Yoga Mat,3,1352.73,11,4058.18,0,650.12,4261.9,Cash on Delivery,Shipped,Pickup Point,Mobile App,,North,
91117790,350080,27-10-2025,Fashion,Cotton T-Shirt,4,903.8,21,3615.22,33.24,342.72,3231.98,Cash on Delivery,Delivered,Standard,Website,,West,5
91128353,447552,16-11-2024,Fashion,Casual Shirt,3,1791.22,21,5373.67,41.09,509.42,4795.71,Net Banking,Delivered,Next Day,Website,,North,2
91142702,468547,30-12-2025,Grocery,Snack Assortment,1,471.29,10,471.29,78.68,21.21,524.05,Credit Card,Shipped,Express,Website,WELCOME10,South,
91151021,412789,09-12-2025,Fashion,Cotton T-Shirt,2,867.05,25,1734.11,62.43,156.07,1519.08,UPI,Delivered,Standard,Mobile App,,West,5
91185410,491942,23-07-2024,Grocery,Organic Rice 5kg,1,666.31,21,666.31,66.03,26.32,618.73,Net Banking,Delivered,Standard,Website,,South,5
91211501,646569,06-02-2024,Home & Kitchen,Non-Stick Cookware Set,2,5820.04,20,11640.08,29.94,1676.17,11018.17,Cash on Delivery,Delivered,Standard,Website,,North,6
91222408,333453,16-04-2024,Home & Kitchen,Water Bottle,1,976.65,2,976.65,207.01,172.28,1336.41,Debit Card,Shipped,Next Day,Mobile App,,East,
91228090,754071,14-07-2024,Beauty & Personal Care,Shampoo,2,665.89,11,1331.77,92.33,213.35,1490.96,Credit Card,Delivered,Express,Mobile App,,West,3
91228933,146800,07-11-2024,Beauty & Personal Care,Face Serum,4,1312.75,20,5251.02,65.88,756.15,5022.85,Wallet,Delivered,Express,Mobile App,,West,4
91287752,214736,17-12-2024,Electronics,Noise Cancelling Headphones,1,9459.58,17,9459.58,138.04,1413.26,9402.75,Wallet,Delivered,Next Day,Website,,North,2
91329899,701235,13-07-2025,Fashion,Sunglasses,1,1247.5,10,1247.5,215.5,134.73,1472.98,Net Banking,Delivered,Next Day,Website,,South,2
91343608,529767,04-07-2024,Fashion,Casual Shirt,3,1921.8,1,5765.41,48.36,684.93,6441.05,Cash on Delivery,Delivered,Standard,Website,FESTIVE15,East,5
91365604,940044,09-05-2025,Fashion,Women’s Kurta,1,1660.6,10,1660.6,191.69,179.34,1865.57,Credit Card,Delivered,Same Day,Website,WELCOME10,Central,1
91373444,694959,05-12-2024,Books,Personal Finance Guide,2,705.85,13,1411.7,45.7,61.41,1335.29,Credit Card,Delivered,Standard,Website,FESTIVE15,North,5
91377653,453000,04-07-2024,Home & Kitchen,Storage Organizer,2,848.84,6,1697.68,88.52,287.25,1971.59,UPI,Delivered,Standard,Mobile App,FESTIVE15,West,5
91400782,870085,17-12-2024,Electronics,Wireless Earbuds,3,2521.4,4,7564.21,32.03,1307.1,8600.77,Credit Card,Delivered,Express,Website,,South,3
91412187,156356,16-07-2025,Books,Personal Finance Guide,2,776.54,16,1553.08,59.78,65.23,1429.6,Credit Card,Delivered,Standard,Website,,South,5
91425922,435017,07-07-2025,Electronics,Smartwatch,3,6490.93,6,19472.78,14.11,3294.79,21613.31,UPI,Confirmed,Standard,Website,,West,
91429052,577700,10-12-2025,Electronics,Wireless Earbuds,1,2385.5,7,2385.5,70.64,399.33,2688.49,Debit Card,Delivered,Standard,Marketplace,LOYALTY5,South,5
91435074,691791,06-03-2024,Fashion,Backpack,1,2293.16,6,2293.16,138.84,258.67,2553.08,UPI,Shipped,Express,Website,WELCOME10,East,
91451292,949856,06-07-2025,Sports & Fitness,Yoga Mat,1,1367.21,11,1367.21,57.35,219.03,1493.2,Net Banking,Shipped,Standard,Marketplace,,South,
91489215,477682,21-06-2024,Electronics,USB-C Hub,2,2289.03,1,4578.06,47.39,815.81,5395.48,UPI,Cancelled,Express,Website,FREESHIP,South,
91511749,382444,10-07-2025,Fashion,Women’s Kurta,1,1541.07,6,1541.07,33.19,173.83,1655.63,Credit Card,Delivered,Pickup Point,Mobile App,FESTIVE15,South,5
91524223,966122,11-02-2024,Beauty & Personal Care,Perfume,4,2651.96,26,10607.85,14.56,1412.97,9277.34,Debit Card,Delivered,Standard,Website,FREESHIP,South,5
91543245,815282,29-11-2024,Sports & Fitness,Gym Bag,1,1830.27,10,1830.27,133.28,296.5,2077.02,UPI,Delivered,Express,Website,,West,3
91581040,311051,09-11-2024,Electronics,1080p Webcam,4,3910.97,24,15643.89,14.97,2140.08,14044.41,UPI,Returned,Standard,Mobile App,FREESHIP,West,
91597601,192967,19-03-2024,Beauty & Personal Care,Sunscreen SPF 50,4,830.45,15,3321.82,31.72,508.24,3363.51,Debit Card,Delivered,Pickup Point,Website,,West,5
91598963,531162,18-05-2024,Books,Business Strategy Book,1,641.92,6,641.92,50.74,30.17,684.31,UPI,Delivered,Standard,Marketplace,,South,5
91605274,930111,15-01-2025,Grocery,Premium Coffee,4,587.06,15,2348.23,73.16,99.8,2168.96,UPI,Delivered,Standard,Website,WELCOME10,West,5
91664470,306269,27-06-2025,Home & Kitchen,Mixer Grinder,1,4622,10,4622,32.78,748.76,4941.34,UPI,Delivered,Standard,Mobile App,,East,5
91673966,986247,10-03-2024,Fashion,Cotton T-Shirt,2,949.69,16,1899.39,70.48,191.46,1857.43,Net Banking,Delivered,Standard,Marketplace,,West,5
91754495,191926,10-08-2024,Sports & Fitness,Sports Shoes,1,3352.25,10,3352.25,25.02,543.07,3585.12,UPI,Delivered,Express,Mobile App,FREESHIP,North,3
91767900,918817,16-07-2024,Books,Exam Preparation Book,2,994.27,11,1988.53,72.06,88.49,1930.34,Debit Card,Delivered,Standard,Website,,West,5
91919368,192903,21-12-2025,Sports & Fitness,Dumbbell Set,1,3723.14,16,3723.14,50.26,562.94,3740.64,UPI,Delivered,Standard,Marketplace,WELCOME10,West,6
91956660,517432,07-09-2024,Fashion,Denim Jeans,1,2306.48,20,2306.48,41.3,221.42,2107.9,Cash on Delivery,Delivered,Pickup Point,Mobile App,,South,5
91964284,568630,24-12-2024,Home & Kitchen,Electric Kettle,3,2108.01,26,6324.03,41.25,842.36,5563.39,UPI,Delivered,Next Day,Website,,South,2
91964521,927867,30-01-2025,Beauty & Personal Care,Hair Dryer,3,2660.39,16,7981.17,16.66,1206.75,7927.59,UPI,Processin,Standard,Website,SAVE20,East,
91967005,744677,25-12-2025,Fashion,Women’s Kurta,1,1612.71,18,1612.71,62.21,158.69,1543.32,UPI,Delivered,Standard,Website,,West,5
91967536,131624,25-09-2025,Home & Kitchen,Table Lamp,2,1434.75,5,2869.51,85.2,490.69,3301.92,Credit Card,Delivered,Standard,Website,,Central,5
91985659,507481,02-11-2024,Grocery,Dry Fruits 500g,3,829.09,3,2487.28,93.8,120.63,2627.09,Credit Card,Delivered,Express,Mobile App,,West,3
91998461,892256,06-10-2024,Fashion,Women’s Kurta,2,1669.17,21,3338.35,41.98,316.48,2995.76,Net Banking,Delivered,Standard,Website,,West,6
92028157,869164,15-01-2025,Beauty & Personal Care,Moisturizer,3,757.93,12,2273.78,90.13,360.17,2451.23,Credit Card,Delivered,Express,Mobile App,SAVE20,South,3
92034082,843601,23-12-2025,Home & Kitchen,Air Fryer,2,7823.9,15,15647.79,23.78,2394.11,15718.51,UPI,Delivered,Standard,Website,,West,6
92043264,159779,23-08-2024,Books,Fiction Bestseller,3,585.59,5,1756.78,172.57,83.45,1924.96,Credit Card,Delivered,Next Day,Website,,East,2
92073845,870085,14-08-2025,Home & Kitchen,Water Bottle,3,952.78,12,2858.35,56.97,452.76,3025.08,UPI,Delivered,Standard,Website,APPONLY10,Central,5
92111311,674262,04-08-2024,Grocery,Organic Rice 5kg,4,721.52,25,2886.09,49.78,108.23,2322.58,UPI,Delivered,Standard,Marketplace,,East,5
92125480,107212,29-08-2025,Sports & Fitness,Sports Shoes,2,3796.88,20,7593.77,20.59,1093.5,7189.11,Credit Card,Delivered,Standard,Website,,South,5
92152667,311051,12-03-2025,Grocery,Organic Rice 5kg,1,667.87,2,667.87,40.81,32.73,728.05,Debit Card,Delivered,Standard,Marketplace,SAVE20,West,6
92225827,136962,28-07-2025,Electronics,Noise Cancelling Headphones,2,9693.69,20,19387.38,58.76,2791.78,18360.44,UPI,Delivered,Express,Website,,North,5
92240633,501794,13-11-2025,Beauty & Personal Care,Lipstick,3,766.75,15,2300.25,64.75,351.94,2371.9,UPI,Delivered,Standard,Website,FREESHIP,Central,5
92248474,122717,08-01-2025,Fashion,Denim Jeans,5,2672.91,21,13364.57,96.53,1266.96,11921.5,UPI,Delivered,Express,Marketplace,FESTIVE15,South,3
92253344,674262,06-11-2025,Books,Cookbook,7,782.18,7,5475.26,39.61,254.6,5386.2,Wallet,Delivered,Standard,Mobile App,,North,5
92284704,453000,25-05-2025,Sports & Fitness,Yoga Mat,2,1272.31,6,2544.63,43.1,430.55,2865.6,UPI,Delivered,Standard,Marketplace,FESTIVE15,North,5
92294655,360097,13-12-2024,Beauty & Personal Care,Face Serum,1,1178.01,21,1178.01,162.42,167.51,1260.56,UPI,Delivered,Express,Marketplace,,North,3
92295694,160754,20-09-2025,Grocery,Premium Coffee,3,675.29,15,2025.88,62.46,86.1,1870.56,UPI,Cancelled,Standard,Marketplace,,South,
92304220,338179,22-01-2025,Fashion,Casual Shirt,1,1726.14,17,1726.14,69.96,171.92,1674.58,UPI,Delivered,Standard,Website,,South,7
92311605,754071,06-09-2024,Electronics,Bluetooth Speaker,3,3478.08,11,10434.25,20.86,1671.57,10978.91,Debit Card,Delivered,Standard,Website,,North,6
92317515,706997,16-08-2025,Grocery,Organic Rice 5kg,5,702.53,6,3512.64,0,165.09,3466.97,Debit Card,Delivered,Standard,Website,LOYALTY5,West,5
92334562,631627,01-01-2025,Electronics,Bluetooth Speaker,1,3438.43,6,3438.43,112.49,581.78,3926.39,UPI,Delivered,Express,Marketplace,SAVE20,South,3
92362635,473494,02-01-2024,Electronics,Bluetooth Speaker,2,3190.63,15,6381.26,42.12,976.33,6442.52,UPI,Shipped,Express,Website,,Central,
92381810,901714,10-07-2024,Fashion,Hoodie,2,2186.36,16,4372.72,15.16,440.77,4129.01,Debit Card,Delivered,Standard,Website,,North,5
92387251,114374,10-12-2024,Electronics,1080p Webcam,2,3932.42,17,7864.84,0,1175.01,7702.83,Credit Card,Delivered,Pickup Point,Marketplace,,West,5
92394738,684770,12-12-2024,Fashion,Hoodie,3,2029.77,7,6089.31,20.95,679.57,6363.58,Credit Card,Delivered,Standard,Mobile App,FESTIVE15,West,5
92404880,981217,04-09-2025,Beauty & Personal Care,Shampoo,2,685.09,1,1370.19,73.08,244.17,1673.74,UPI,Delivered,Standard,Website,,North,6
92406678,967182,14-05-2025,Fashion,Casual Shirt,4,1717.91,21,6871.63,27.9,651.43,6107.92,UPI,Confirmed,Standard,Website,,North,
92485123,338179,03-07-2024,Sports & Fitness,Cricket Bat,1,4396.85,2,4396.85,35.73,775.6,5120.24,Debit Card,Delivered,Express,Mobile App,,North,3
92488293,333453,20-09-2024,Grocery,Green Tea,6,447.56,17,2685.34,58.31,111.44,2398.58,Credit Card,Confirmed,Standard,Website,,West,
92510346,793473,09-11-2024,Books,Cookbook,1,752.88,12,752.88,62.34,33.13,758,Credit Card,Delivered,Standard,Mobile App,,North,5
92516620,349717,21-02-2025,Electronics,Smartwatch,3,6552.65,0,19657.95,90.67,3538.43,23287.05,Debit Card,Delivered,Express,Mobile App,,West,3
92527349,689987,16-06-2024,Books,Exam Preparation Book,2,932.3,21,1864.6,51.06,73.65,1597.74,Net Banking,Delivered,Standard,Website,,Central,5
92534003,694959,10-05-2025,Beauty & Personal Care,Face Serum,2,1321.68,6,2643.36,31.49,447.26,2963.51,Credit Card,Shipped,Pickup Point,Mobile App,LOYALTY5,South,
92548238,761245,12-02-2025,Electronics,Smartwatch,1,5594.86,5,5594.86,15.27,956.72,6287.11,Net Banking,Shipped,Standard,Mobile App,,South,
92560085,315098,02-01-2025,Grocery,Snack Assortment,2,491.47,15,982.94,110.8,41.78,988.08,UPI,Delivered,Express,Marketplace,,Central,3
92579009,953964,28-10-2025,Books,Business Strategy Book,2,663.25,1,1326.51,258.91,65.66,1637.81,Debit Card,Delivered,Same Day,Mobile App,APPONLY10,East,1
92605531,918157,01-06-2024,Books,Personal Finance Guide,2,837.69,26,1675.38,35.33,61.99,1337.1,Credit Card,Shipped,Pickup Point,Marketplace,,South,
92629402,477682,22-09-2025,Electronics,Power Bank,2,1466.22,16,2932.45,128.37,443.39,3035.02,Debit Card,Confirmed,Express,Mobile App,WELCOME10,South,
92630262,170738,12-09-2024,Books,Cookbook,3,760.2,10,2280.6,53.16,102.63,2208.33,Credit Card,Delivered,Standard,Website,,South,5
92641415,361664,12-05-2024,Grocery,Green Tea,4,455.74,6,1822.97,99.02,85.68,1898.29,Credit Card,Delivered,Express,Mobile App,,North,3
92656098,327245,07-09-2024,Grocery,Organic Rice 5kg,4,735.83,11,2943.31,66.36,130.98,2816.89,UPI,Delivered,Standard,Website,,South,5
92667055,691791,27-07-2024,Electronics,Bluetooth Speaker,2,3184.86,6,6369.71,109.28,1077.76,7174.57,UPI,Delivered,Express,Mobile App,FREESHIP,West,3
92667216,315856,31-07-2024,Beauty & Personal Care,Shampoo,2,762.01,0,1524.01,105.41,274.32,1903.74,UPI,Shipped,Standard,Website,,South,
92681279,442761,15-02-2024,Home & Kitchen,Storage Organizer,3,922.05,10,2766.16,124.13,448.12,3061.79,Wallet,Delivered,Express,Marketplace,SAVE20,Central,3
92706247,937798,06-06-2024,Grocery,Olive Oil 1L,2,862.85,11,1725.71,106.87,76.79,1719.54,Wallet,Returned,Express,Website,,Central,
92716224,108459,16-11-2024,Electronics,USB-C Hub,1,2181.21,11,2181.21,72.55,349.43,2363.26,Credit Card,Delivered,Standard,Mobile App,FREESHIP,Central,5
92718292,218174,12-04-2024,Fashion,Running Shoes,2,3581.47,11,7162.94,6.33,765,7146.35,Debit Card,Delivered,Standard,Mobile App,,North,5
92721172,191926,12-01-2024,Books,Business Strategy Book,4,686.96,5,2747.84,71.23,130.52,2812.2,Wallet,Delivered,Standard,Mobile App,,South,5
92795637,614046,14-09-2025,Grocery,Green Tea,6,501.54,1,3009.22,72.9,148.96,3200.99,UPI,Delivered,Standard,Website,FREESHIP,West,5
92801904,391078,10-04-2024,Home & Kitchen,Non-Stick Cookware Set,3,6099.43,0,18298.3,31.59,3293.69,21623.58,Credit Card,Delivered,Standard,Mobile App,FREESHIP,North,5
92856351,696890,08-09-2024,Fashion,Cotton T-Shirt,1,1001.66,20,1001.66,80.51,96.16,978,Credit Card,Confirmed,Standard,Website,,North,
92873308,333453,03-11-2025,Sports & Fitness,Yoga Mat,2,1242.13,4,2484.25,66.51,429.28,2880.67,Credit Card,Delivered,Standard,Marketplace,,West,5
92903476,735875,16-07-2024,Home & Kitchen,Storage Organizer,1,882.49,0,882.49,57.84,158.85,1099.18,UPI,Delivered,Standard,Website,FESTIVE15,West,5
92905831,701235,28-07-2025,Fashion,Sunglasses,5,1293.99,20,6469.96,24.31,621.12,5821.4,Cash on Delivery,Delivered,Standard,Marketplace,LOYALTY5,North,5
92906314,684939,20-04-2025,Fashion,Cotton T-Shirt,2,878.85,5,1757.7,52.98,200.38,1923.18,Credit Card,Shipped,Next Day,Marketplace,FESTIVE15,South,
92912406,156320,02-11-2024,Beauty & Personal Care,Hair Dryer,1,3063.58,12,3063.58,100.66,485.27,3281.88,Debit Card,Delivered,Express,Website,,West,5
92956969,459182,26-06-2024,Sports & Fitness,Fitness Resistance Bands,1,981.64,5,981.64,110.85,167.86,1211.27,UPI,Delivered,Express,Website,,East,3
92957704,250415,11-09-2025,Beauty & Personal Care,Moisturizer,2,779.36,5,1558.72,70.24,266.54,1817.56,UPI,Delivered,Standard,Website,,South,5
92973144,382444,29-11-2025,Beauty & Personal Care,Face Serum,1,1369.57,3,1369.57,98.3,239.13,1665.91,Debit Card,Delivered,Express,Mobile App,,Central,4
93001654,726894,04-11-2024,Fashion,Backpack,3,2512.34,8,7537.01,138.23,832.09,7904.37,Credit Card,Processin,Same Day,Mobile App,,West,
93029306,756384,27-12-2025,Electronics,Bluetooth Speaker,1,3162.45,6,3162.45,9.8,535.09,3517.59,Wallet,Shipped,Standard,Mobile App,FESTIVE15,East,
93041919,954862,16-11-2024,Electronics,USB-C Hub,2,2326.74,3,4653.48,40.56,812.5,5366.94,UPI,Delivered,Standard,Website,FREESHIP,Central,6
93092288,651709,28-02-2024,Home & Kitchen,Table Lamp,2,1583.36,1,3166.72,78.53,564.31,3777.89,Credit Card,Delivered,Next Day,Mobile App,APPONLY10,West,2
93094645,999413,04-10-2025,Beauty & Personal Care,Perfume,2,2578.54,11,5157.08,0,826.16,5415.96,UPI,Delivered,Standard,Mobile App,FREESHIP,Central,6
93174296,495243,01-08-2024,Fashion,Hoodie,3,2194.88,21,6584.64,25.59,624.22,5851.68,Debit Card,Delivered,Standard,Marketplace,APPONLY10,North,5
93180745,615369,25-02-2024,Home & Kitchen,Storage Organizer,4,903,10,3612,88.76,585.14,3924.7,Debit Card,Delivered,Express,Website,LOYALTY5,South,3
93194983,236875,09-11-2024,Home & Kitchen,Mixer Grinder,3,4989.2,1,14967.59,32.95,2667.22,17518.08,Debit Card,Delivered,Express,Mobile App,LOYALTY5,South,4
93196182,973551,19-10-2024,Electronics,Bluetooth Speaker,3,3298.34,20,9895.02,128.72,1424.88,9469.62,Debit Card,Delivered,Next Day,Website,,West,2
93202936,217513,24-12-2024,Fashion,Running Shoes,4,3744.49,15,14977.98,26.24,1527.75,14285.27,UPI,Shipped,Standard,Mobile App,,West,
93208448,785070,02-11-2024,Fashion,Backpack,3,2436.21,5,7308.62,216.13,833.18,7992.5,Credit Card,Delivered,Same Day,Marketplace,,West,1
93220197,196350,24-08-2024,Home & Kitchen,Air Fryer,3,7194.94,12,21584.82,15.61,3419.04,22429.29,Credit Card,Delivered,Standard,Marketplace,LOYALTY5,Central,5
93233162,531162,13-06-2024,Home & Kitchen,Table Lamp,1,1536.53,1,1536.53,45.98,273.81,1840.95,UPI,Delivered,Standard,Mobile App,,West,5
93252713,726894,08-11-2024,Grocery,Premium Coffee,5,706.07,21,3530.34,81.57,139.45,3009.99,Debit Card,Processin,Standard,Marketplace,,West,
93256290,726894,25-08-2024,Home & Kitchen,Non-Stick Cookware Set,1,5785.43,26,5785.43,0,770.62,5051.84,UPI,Delivered,Standard,Website,,West,5
93290016,478805,10-12-2024,Sports & Fitness,Dumbbell Set,7,3576.62,15,25036.36,0,3830.56,25111.47,UPI,Delivered,Standard,Website,LOYALTY5,Central,5
93325881,506330,25-12-2024,Fashion,Backpack,2,2265.94,30,4531.87,175.76,380.68,3728.75,Wallet,Delivered,Same Day,Mobile App,,East,1
93345333,146800,15-09-2024,Books,Cookbook,2,784.66,15,1569.32,60.44,66.7,1461.06,Net Banking,Delivered,Standard,Mobile App,FREESHIP,West,5
93354242,795823,19-02-2025,Electronics,USB-C Hub,2,2116.01,10,4232.02,21.54,685.59,4515.95,Net Banking,Returned,Standard,Website,FREESHIP,South,
93368195,479554,02-04-2025,Grocery,Olive Oil 1L,3,815.81,15,2447.43,67.81,104.02,2252.15,Credit Card,Delivered,Standard,Marketplace,WELCOME10,South,5
93377529,196770,04-10-2024,Electronics,Power Bank,1,1552.16,2,1552.16,43.57,273.8,1838.49,UPI,Delivered,Standard,Marketplace,FREESHIP,North,5
93397573,216247,06-04-2025,Fashion,Cotton T-Shirt,3,931.56,6,2794.69,62.27,315.24,3004.52,UPI,Processin,Express,Mobile App,,East,
93411039,210014,30-07-2025,Electronics,USB-C Hub,1,2328.25,0,2328.25,48.9,419.08,2796.23,UPI,Delivered,Standard,Mobile App,,North,5
93417410,784248,24-05-2025,Fashion,Cotton T-Shirt,3,918.19,2,2754.57,64.38,323.94,3087.8,Credit Card,Delivered,Standard,Mobile App,APPONLY10,Central,5
93426136,146800,17-05-2025,Fashion,Sunglasses,3,1265.55,0,3796.64,6.5,455.6,4258.74,Cash on Delivery,Returned,Standard,Website,FREESHIP,North,
93428459,924729,03-02-2025,Home & Kitchen,Table Lamp,2,1484.86,10,2969.72,41.91,481.1,3195.76,Credit Card,Delivered,Standard,Marketplace,FESTIVE15,South,5
93464358,663897,04-11-2025,Grocery,Green Tea,2,431.56,2,863.12,22.64,42.29,910.79,Debit Card,Delivered,Standard,Mobile App,LOYALTY5,South,5
93472203,760624,27-01-2025,Electronics,Noise Cancelling Headphones,1,8330.95,21,8330.95,71.13,1184.66,7837.24,UPI,Processin,Express,Mobile App,FESTIVE15,Central,
93472404,446849,15-10-2025,Electronics,1080p Webcam,3,3943.95,12,11831.86,0,1874.17,12286.21,Wallet,Delivered,Standard,Website,LOYALTY5,South,5
93495698,870688,11-04-2025,Home & Kitchen,Storage Organizer,5,824.41,11,4122.03,19.08,660.35,4348.04,UPI,Delivered,Standard,Mobile App,WELCOME10,North,6
93556579,319368,28-06-2024,Books,Data Analytics Handbook,2,843.96,15,1687.91,103.68,71.74,1610.14,Net Banking,Delivered,Express,Mobile App,SAVE20,South,3
93625985,386106,12-10-2024,Books,Exam Preparation Book,2,1017.85,17,2035.7,103.08,84.48,1877.19,Credit Card,Processin,Standard,Mobile App,SAVE20,North,
93630074,393562,05-05-2025,Beauty & Personal Care,Shampoo,3,739.77,15,2219.32,36.57,339.56,2262.55,Wallet,Delivered,Pickup Point,Website,,South,5
93662215,446115,22-07-2024,Electronics,Wireless Earbuds,1,2255.94,10,2255.94,98.17,365.46,2493.98,Credit Card,Delivered,Express,Marketplace,FESTIVE15,South,3
93687430,196350,11-08-2024,Home & Kitchen,Mixer Grinder,3,4924.56,12,14773.68,38.06,2340.15,15379.05,UPI,Shipped,Standard,Website,,South,
93694122,754071,02-04-2025,Sports & Fitness,Dumbbell Set,3,3288.49,16,9865.47,43.09,1491.66,9821.74,UPI,Delivered,Standard,Mobile App,,West,6
93704979,939766,20-11-2025,Electronics,Noise Cancelling Headphones,1,9704.08,8,9704.08,129,1607,10663.75,UPI,Delivered,Next Day,Mobile App,FESTIVE15,South,2
93712995,469900,17-08-2024,Fashion,Denim Jeans,4,2479.36,11,9917.43,0,1059.18,9885.69,UPI,Delivered,Standard,Website,,North,5
93713136,158692,28-09-2024,Grocery,Dry Fruits 500g,1,801.93,0,801.93,41.44,40.1,883.47,Debit Card,Delivered,Pickup Point,Mobile App,,South,5
93722597,915934,09-04-2024,Grocery,Olive Oil 1L,3,968.14,20,2904.41,50.05,116.18,2489.76,UPI,Delivered,Standard,Website,,South,5
93740619,740145,13-11-2025,Beauty & Personal Care,Hair Dryer,1,2839.7,1,2839.7,75.77,506.03,3393.1,UPI,Delivered,Standard,Website,FESTIVE15,South,5
93749296,204535,22-02-2025,Sports & Fitness,Yoga Mat,2,1307.69,6,2615.37,80.47,442.52,2981.44,Credit Card,Delivered,Express,Mobile App,APPONLY10,East,3
93749523,248381,09-07-2024,Sports & Fitness,Cricket Bat,1,4341.91,1,4341.91,36.17,773.73,5108.39,UPI,Delivered,Express,Mobile App,,South,4
93754268,682946,21-06-2024,Home & Kitchen,Water Bottle,4,983.16,2,3932.66,23.94,693.72,4571.67,Wallet,Returned,Standard,Mobile App,APPONLY10,Central,
93777300,267781,01-02-2024,Grocery,Organic Rice 5kg,5,716.16,11,3580.82,53.34,159.35,3399.62,Debit Card,Delivered,Standard,Mobile App,,South,5
93814103,501794,11-10-2024,Fashion,Backpack,4,2388.91,17,9555.63,15.34,951.74,8898.25,Net Banking,Delivered,Standard,Website,,North,5
93853607,974498,09-04-2024,Electronics,Noise Cancelling Headphones,2,9207.21,11,18414.41,62.97,2949.99,19401.78,Cash on Delivery,Delivered,Standard,Marketplace,,South,5
93857366,266892,20-01-2025,Beauty & Personal Care,Lipstick,3,812.43,10,2437.29,72.93,394.84,2661.33,Debit Card,Delivered,Standard,Marketplace,FESTIVE15,North,5
93860852,606265,24-07-2024,Fashion,Cotton T-Shirt,2,850.39,0,1700.78,83.42,204.09,1988.29,Credit Card,Delivered,Standard,Website,FESTIVE15,Central,5
93881003,288257,04-05-2025,Electronics,Noise Cancelling Headphones,1,9481.01,0,9481.01,24.39,1706.58,11211.98,Wallet,Cancelled,Standard,Mobile App,FREESHIP,South,
93896458,655361,18-10-2025,Beauty & Personal Care,Lipstick,3,753.88,6,2261.65,36.62,382.67,2545.24,UPI,Delivered,Standard,Website,,West,5
93917985,390210,29-12-2024,Sports & Fitness,Dumbbell Set,1,3415,6,3415,33.94,577.82,3821.86,Net Banking,Delivered,Express,Mobile App,,Central,4
93960602,985217,20-11-2025,Books,Exam Preparation Book,4,978.66,0,3914.63,0,195.73,4110.36,Net Banking,Delivered,Standard,Mobile App,APPONLY10,South,5
93995252,495243,30-10-2025,Electronics,1080p Webcam,1,4024.02,23,4024.02,38.69,557.73,3694.92,Debit Card,Delivered,Standard,Mobile App,WELCOME10,East,5
94002649,682946,10-07-2024,Home & Kitchen,Non-Stick Cookware Set,4,6032.44,17,24129.75,48.32,3604.98,23680.99,UPI,Delivered,Express,Mobile App,,South,3
94008812,459466,14-12-2025,Fashion,Women’s Kurta,1,1613.18,3,1613.18,140.1,187.77,1892.65,Debit Card,Delivered,Express,Website,FREESHIP,West,3
94015851,968559,21-01-2024,Electronics,Bluetooth Speaker,4,3288.42,20,13153.7,19.81,1894.13,12436.9,Net Banking,Delivered,Express,Mobile App,,South,3
94039481,756384,25-02-2024,Sports & Fitness,Yoga Mat,2,1217.31,16,2434.63,52.7,368.12,2465.91,Cash on Delivery,Delivered,Standard,Website,,Central,5
94051880,311051,24-12-2025,Grocery,Green Tea,3,439.22,17,1317.67,191.94,54.68,1340.29,Cash on Delivery,Cancelled,Next Day,Mobile App,FESTIVE15,South,
94131771,918157,26-01-2025,Beauty & Personal Care,Perfume,2,2356.17,21,4712.33,80.77,670.09,4473.6,UPI,Delivered,Express,Website,,West,4
94132471,870085,04-07-2025,Beauty & Personal Care,Hair Dryer,1,2899.19,7,2899.19,100.54,485.32,3282.11,Credit Card,Delivered,Express,Website,,North,3
94133179,930111,11-05-2025,Fashion,Backpack,2,2257.1,0,4514.21,45.46,541.71,5101.38,Net Banking,Confirmed,Standard,Marketplace,,South,
94192904,170738,30-10-2025,Electronics,1080p Webcam,1,3669.86,0,3669.86,0,660.57,4330.43,Credit Card,Delivered,Standard,Website,,South,5
94202619,602650,14-11-2025,Electronics,Noise Cancelling Headphones,2,8520.06,21,17040.12,0,2423.1,15884.79,Net Banking,Delivered,Standard,Website,WELCOME10,West,5
94217936,212225,09-09-2025,Home & Kitchen,Electric Kettle,2,2117.27,0,4234.53,57.27,762.22,5054.02,Debit Card,Delivered,Express,Mobile App,,East,3
94219338,181485,04-04-2024,Home & Kitchen,Bedsheet Set,3,2061.09,5,6183.27,141.46,1057.34,7072.91,UPI,Delivered,Next Day,Mobile App,FREESHIP,West,2
94283780,684939,06-10-2025,Electronics,Bluetooth Speaker,2,3051.98,22,6103.96,44.09,857,5662.18,UPI,Delivered,Standard,Mobile App,,West,6
94287065,744677,17-07-2024,Sports & Fitness,Yoga Mat,2,1292.82,6,2585.64,44.88,437.49,2912.87,UPI,Delivered,Pickup Point,Mobile App,,North,5
94305684,572156,04-05-2025,Home & Kitchen,Non-Stick Cookware Set,2,5836.14,25,11672.27,257.42,1575.76,10587.38,Cash on Delivery,Delivered,Same Day,Website,,South,1
94310258,360097,28-08-2025,Fashion,Casual Shirt,2,1976.88,21,3953.76,0,374.82,3498.29,UPI,Delivered,Standard,Mobile App,FREESHIP,North,5
94366161,702085,02-03-2025,Electronics,Bluetooth Speaker,3,3165.11,0,9495.34,0,1709.16,11204.5,UPI,Delivered,Standard,Mobile App,,North,5
94369353,918817,22-09-2024,Books,Business Strategy Book,3,647.99,1,1943.98,45.9,96.23,2066.67,UPI,Delivered,Standard,Mobile App,FESTIVE15,West,5
94383530,744677,27-08-2024,Grocery,Snack Assortment,2,496.96,16,993.92,76.39,41.74,953.02,Cash on Delivery,Delivered,Standard,Website,APPONLY10,Central,5
94390426,636319,22-07-2025,Sports & Fitness,Gym Bag,3,1873.1,1,5619.3,236.25,1001.36,6800.72,Debit Card,Returned,Same Day,Mobile App,LOYALTY5,East,
94405148,216247,01-05-2025,Fashion,Hoodie,2,2345.71,26,4691.42,25.88,416.6,3914.13,Credit Card,Delivered,Standard,Mobile App,,West,5
94422556,538513,07-12-2025,Sports & Fitness,Dumbbell Set,3,3755.52,3,11266.56,19.72,1967.14,12915.42,Credit Card,Shipped,Standard,Mobile App,,South,
94433360,272201,03-08-2025,Fashion,Casual Shirt,2,1573.64,6,3147.29,63.62,355.01,3377.08,Debit Card,Delivered,Standard,Mobile App,,South,5
94461575,870085,25-07-2024,Books,Business Strategy Book,3,706.16,2,2118.47,44.54,103.8,2224.44,UPI,Delivered,Standard,Mobile App,,East,5
94510036,361664,13-10-2024,Fashion,Hoodie,2,2226.17,23,4452.34,133.72,411.4,3973.42,Credit Card,Delivered,Next Day,Mobile App,FREESHIP,Central,2
94520122,918157,21-04-2024,Beauty & Personal Care,Perfume,1,2393.12,6,2393.12,47.15,404.92,2701.6,Credit Card,Processin,Standard,Mobile App,,North,
94541449,691791,26-05-2024,Fashion,Running Shoes,3,3989.44,1,11968.32,105.68,1421.84,13376.16,Debit Card,Delivered,Express,Mobile App,FREESHIP,Central,3
94551900,870085,15-01-2025,Books,Data Analytics Handbook,4,904.41,17,3617.65,43.26,150.13,3196.04,UPI,Delivered,Standard,Marketplace,SAVE20,Central,5
94568741,192903,05-05-2024,Fashion,Hoodie,2,2353.25,1,4706.5,11.09,559.13,5229.66,Debit Card,Delivered,Standard,Website,,South,5
94576581,216247,04-02-2024,Electronics,Noise Cancelling Headphones,1,8408.15,11,8408.15,27.41,1346.98,8857.64,Credit Card,Delivered,Standard,Mobile App,FREESHIP,Central,5
94577555,644492,03-01-2024,Fashion,Denim Jeans,3,2318.29,11,6954.87,63.45,742.78,6996.06,Debit Card,Delivered,Next Day,Website,FREESHIP,East,2
94585339,967182,26-06-2024,Fashion,Cotton T-Shirt,3,946.43,1,2839.29,56.38,337.31,3204.59,UPI,Delivered,Standard,Mobile App,,Central,5
94597336,268660,13-12-2024,Sports & Fitness,Fitness Resistance Bands,3,1019.19,15,3057.56,243.48,467.81,3310.22,Credit Card,Shipped,Next Day,Mobile App,SAVE20,Central,
94644016,832532,09-11-2025,Grocery,Green Tea,2,434.82,11,869.65,91.08,38.7,903.77,Debit Card,Delivered,Standard,Mobile App,LOYALTY5,South,5
94663450,349911,23-11-2024,Grocery,Protein Cereal,6,593.95,18,3563.7,57.69,146.11,3126.03,Cash on Delivery,Cancelled,Standard,Mobile App,,West,
94664221,111331,08-02-2024,Fashion,Denim Jeans,3,2466.99,11,7400.96,0,790.42,7377.27,Debit Card,Delivered,Standard,Mobile App,,West,5
94689065,950849,04-12-2025,Electronics,Smartwatch,1,5625.07,13,5625.07,42.59,880.89,5817.29,Credit Card,Delivered,Standard,Marketplace,FESTIVE15,East,5
94735648,555489,14-02-2025,Home & Kitchen,Electric Kettle,3,1981.02,1,5943.06,31.51,1059.05,6974.19,Wallet,Confirmed,Express,Mobile App,,North,
94796233,248381,25-08-2025,Books,Cookbook,2,832.17,1,1664.34,50.12,82.38,1780.2,UPI,Delivered,Standard,Website,,West,5
94816083,453000,15-07-2025,Beauty & Personal Care,Sunscreen SPF 50,3,850.76,11,2552.29,193.36,408.88,2873.78,Cash on Delivery,Delivered,Next Day,Mobile App,APPONLY10,South,2
94826863,479554,15-07-2025,Beauty & Personal Care,Lipstick,2,778.5,10,1556.99,45.66,252.23,1699.18,Net Banking,Delivered,Pickup Point,Website,SAVE20,West,5
94829841,361664,19-12-2025,Beauty & Personal Care,Hair Dryer,1,2884.83,23,2884.83,69.73,399.84,2690.89,UPI,Delivered,Standard,Mobile App,FREESHIP,East,7
94830573,167529,26-01-2025,Electronics,Noise Cancelling Headphones,5,8407.16,10,42035.8,93,6809.8,44735.02,Debit Card,Delivered,Next Day,Website,,Central,3
94834427,487208,13-04-2025,Fashion,Women’s Kurta,1,1487.83,5,1487.83,308.57,169.61,1891.62,Cash on Delivery,Delivered,Same Day,Website,FREESHIP,Central,1
94853554,459182,10-09-2024,Beauty & Personal Care,Lipstick,2,838.99,5,1677.97,61.19,286.93,1942.19,Credit Card,Shipped,Standard,Mobile App,FESTIVE15,Central,
94864734,291943,23-02-2024,Grocery,Green Tea,5,427.38,11,2136.88,102.48,95.09,2099.39,UPI,Delivered,Next Day,Mobile App,,North,3
94887641,882469,30-03-2024,Beauty & Personal Care,Lipstick,7,755.32,1,5287.25,69.36,942.19,6245.93,Credit Card,Processin,Express,Marketplace,FREESHIP,South,
94893976,505043,27-02-2024,Fashion,Women’s Kurta,1,1648.58,0,1648.58,104.82,197.83,1951.23,Credit Card,Delivered,Express,Marketplace,,South,3
94895748,457808,13-10-2024,Sports & Fitness,Yoga Mat,3,1291.27,10,3873.8,43.29,627.56,4157.27,Wallet,Delivered,Standard,Marketplace,,West,5
94909074,950849,25-11-2025,Beauty & Personal Care,Hair Dryer,2,3003.75,16,6007.49,63.42,908.33,6018.04,UPI,Shipped,Express,Mobile App,,Central,
94924734,141597,17-07-2024,Fashion,Sunglasses,1,1302.2,1,1302.2,72.33,154.7,1516.21,Debit Card,Confirmed,Standard,Website,,South,
94949525,511294,21-03-2024,Fashion,Cotton T-Shirt,3,897.05,25,2691.16,45.47,242.2,2306.04,UPI,Delivered,Pickup Point,Mobile App,,West,5
94949579,915219,13-09-2025,Electronics,Mechanical Keyboard,1,4342.15,0,4342.15,87.91,781.59,5211.65,Credit Card,Shipped,Express,Mobile App,,West,
94991454,459466,19-06-2025,Grocery,Olive Oil 1L,4,855.24,16,3420.95,49.9,143.68,3067.18,UPI,Delivered,Standard,Mobile App,,South,5
94994979,104998,28-12-2024,Books,Data Analytics Handbook,2,944.37,1,1888.74,90.69,93.49,2054.03,Cash on Delivery,Delivered,Standard,Marketplace,,West,7
95024140,473494,29-03-2024,Beauty & Personal Care,Shampoo,3,700.87,25,2102.61,235.73,283.85,2096.54,Credit Card,Delivered,Same Day,Website,SAVE20,West,2
95026282,834029,04-04-2024,Fashion,Women’s Kurta,2,1576.47,16,3152.93,39.21,317.82,3005.49,UPI,Delivered,Standard,Website,,West,5
95043400,196770,26-11-2025,Electronics,Bluetooth Speaker,2,3333.81,2,6667.62,68.14,1176.17,7778.58,Credit Card,Delivered,Express,Website,,East,3
95045688,603568,28-02-2024,Grocery,Olive Oil 1L,3,883.81,11,2651.43,105.71,117.99,2583.47,Cash on Delivery,Delivered,Express,Website,FESTIVE15,Central,3
95054245,491942,13-02-2025,Electronics,Mechanical Keyboard,1,4292.29,6,4292.29,5.66,726.26,4766.67,Net Banking,Delivered,Standard,Website,FESTIVE15,North,5
95077510,104998,29-12-2024,Home & Kitchen,Mixer Grinder,3,5052.98,6,15158.95,143.49,2564.89,16957.79,Credit Card,Shipped,Next Day,Website,,Central,
95111482,460686,30-11-2024,Fashion,Hoodie,4,2249.01,22,8996.06,0,842.03,7858.96,Debit Card,Shipped,Standard,Marketplace,,North,
95131805,810253,13-08-2025,Books,Exam Preparation Book,2,977.55,10,1955.1,54.46,87.98,1902.03,Net Banking,Delivered,Standard,Mobile App,,South,7
95182927,937798,08-12-2024,Fashion,Hoodie,1,2272.75,11,2272.75,137.91,242.73,2403.39,Cash on Delivery,Delivered,Express,Website,LOYALTY5,South,3
95207167,784248,14-06-2024,Electronics,1080p Webcam,2,4186.5,22,8373.01,0,1175.57,7706.52,Cash on Delivery,Confirmed,Standard,Website,,North,
95218121,324969,09-03-2024,Grocery,Organic Rice 5kg,1,711.01,6,711.01,57.74,33.42,759.51,Debit Card,Confirmed,Standard,Mobile App,,North,
95231069,270432,31-05-2025,Fashion,Running Shoes,1,4114.88,16,4114.88,1.54,414.78,3872.82,Debit Card,Delivered,Standard,Website,FESTIVE15,South,6
95234981,966122,24-10-2024,Books,Exam Preparation Book,3,933.83,6,2801.5,74.86,131.67,2839.94,UPI,Delivered,Express,Website,,West,3
95247086,192285,23-11-2024,Electronics,Wireless Earbuds,2,2413.78,5,4827.55,0,825.51,5411.68,Cash on Delivery,Delivered,Standard,Mobile App,,North,7
95250962,569778,12-12-2024,Grocery,Organic Rice 5kg,2,762.74,11,1525.48,46.53,67.88,1472.09,UPI,Delivered,Standard,Website,APPONLY10,Central,5
95281280,682946,08-12-2025,Beauty & Personal Care,Sunscreen SPF 50,2,812.54,2,1625.08,148.31,286.66,2027.55,UPI,Delivered,Next Day,Mobile App,,East,3
95284516,812288,07-11-2025,Sports & Fitness,Dumbbell Set,2,3526.77,6,7053.55,9.94,1193.46,7833.74,UPI,Delivered,Standard,Mobile App,,North,5
95288045,248381,12-10-2025,Beauty & Personal Care,Perfume,2,2614,30,5228.01,279.5,658.73,4597.84,Debit Card,Delivered,Same Day,Website,FESTIVE15,Central,1
95373698,270432,20-11-2025,Electronics,Smartwatch,1,6229.23,8,6229.23,22.02,1031.56,6784.47,UPI,Delivered,Standard,Mobile App,,South,5
95402583,798628,10-01-2025,Home & Kitchen,Mixer Grinder,2,4990.11,1,9980.23,64.89,1778.48,11723.8,Debit Card,Delivered,Express,Mobile App,LOYALTY5,West,3
95403374,787686,11-09-2025,Home & Kitchen,Water Bottle,1,1038.32,6,1038.32,213.04,175.68,1364.74,UPI,Shipped,Next Day,Mobile App,APPONLY10,West,
95439153,804133,22-03-2025,Grocery,Dry Fruits 500g,3,803.31,15,2409.93,56.47,102.42,2207.33,UPI,Delivered,Standard,Website,WELCOME10,Central,5
95442539,195312,18-01-2025,Grocery,Dry Fruits 500g,4,797.41,1,3189.64,24.52,157.89,3340.15,Credit Card,Delivered,Standard,Mobile App,,Central,5
95462073,694959,28-06-2025,Sports & Fitness,Fitness Resistance Bands,1,954.47,1,954.47,92.64,170.09,1207.66,Cash on Delivery,Delivered,Standard,Mobile App,LOYALTY5,East,5
95502157,111790,15-03-2025,Electronics,Smartwatch,2,6485.13,10,12970.25,0,2101.18,13774.4,Cash on Delivery,Delivered,Pickup Point,Mobile App,,South,5
95513230,107212,17-05-2024,Fashion,Casual Shirt,3,1729,0,5187.01,50.16,622.44,5859.61,Debit Card,Processin,Standard,Website,WELCOME10,South,
95521415,403318,07-10-2024,Fashion,Denim Jeans,2,2692.36,16,5384.73,17.19,542.78,5083.14,UPI,Delivered,Standard,Mobile App,,West,5
95533903,468547,02-06-2024,Fashion,Denim Jeans,1,2560.82,15,2560.82,46.14,261.2,2484.04,Credit Card,Delivered,Standard,Mobile App,,South,5
95559592,937798,17-02-2025,Home & Kitchen,Mixer Grinder,1,5203.16,16,5203.16,11.33,786.72,5168.7,Credit Card,Delivered,Standard,Website,,South,5
95569239,106421,06-07-2025,Fashion,Sunglasses,2,1391.31,10,2782.61,85.28,300.52,2890.15,Credit Card,Delivered,Standard,Mobile App,LOYALTY5,East,5
95639743,811596,20-08-2024,Sports & Fitness,Fitness Resistance Bands,1,1076.37,0,1076.37,53.86,193.75,1323.98,Credit Card,Delivered,Standard,Marketplace,LOYALTY5,West,5
95658057,870085,28-03-2024,Beauty & Personal Care,Lipstick,1,794.26,22,794.26,289.57,111.51,1020.6,UPI,Delivered,Same Day,Website,FREESHIP,West,1
95703360,936924,18-11-2024,Fashion,Denim Jeans,1,2271.64,13,2271.64,58.5,237.16,2271.99,Credit Card,Shipped,Standard,Mobile App,FESTIVE15,Central,
95707923,455847,23-12-2024,Beauty & Personal Care,Face Serum,2,1163.12,10,2326.23,67.56,376.85,2538.02,Cash on Delivery,Delivered,Standard,Mobile App,FREESHIP,West,7
95728422,554476,25-04-2025,Fashion,Women’s Kurta,2,1643.74,16,3287.49,29.6,331.38,3122.47,UPI,Delivered,Pickup Point,Mobile App,FESTIVE15,North,5
95728836,532465,13-08-2025,Electronics,1080p Webcam,2,3580.53,20,7161.06,15.16,1031.19,6775.2,Net Banking,Delivered,Standard,Website,,West,5
95742903,212225,26-01-2025,Grocery,Protein Cereal,1,620.26,10,620.26,233.59,27.91,819.73,UPI,Delivered,Next Day,Website,,South,2
95743408,477682,08-08-2025,Fashion,Sunglasses,1,1301.76,26,1301.76,21.88,115.6,1100.78,Credit Card,Shipped,Standard,Mobile App,,East,
95750972,747416,25-04-2024,Grocery,Dry Fruits 500g,1,873.54,5,873.54,93.86,41.49,965.21,Cash on Delivery,Delivered,Standard,Mobile App,,West,5
95763318,907468,23-08-2024,Sports & Fitness,Fitness Resistance Bands,1,930.85,15,930.85,125.53,142.42,1059.17,Wallet,Delivered,Express,Mobile App,,South,3
95783546,517375,05-05-2024,Home & Kitchen,Storage Organizer,2,795.2,15,1590.4,106.26,243.33,1701.43,Wallet,Delivered,Express,Website,FESTIVE15,Central,3
95807173,117219,02-07-2024,Books,Exam Preparation Book,4,997.93,16,3991.74,0,167.65,3520.71,UPI,Delivered,Pickup Point,Mobile App,LOYALTY5,Central,5
95842677,495243,13-12-2025,Home & Kitchen,Air Fryer,1,6997.77,28,6997.77,18.39,906.91,5963.69,Cash on Delivery,Delivered,Standard,Mobile App,LOYALTY5,West,5
95873430,216247,21-09-2025,Home & Kitchen,Mixer Grinder,2,5154.66,6,10309.33,30.72,1744.34,11465.83,Wallet,Confirmed,Express,Mobile App,LOYALTY5,Central,
95875754,593595,05-11-2024,Sports & Fitness,Cricket Bat,2,4885.98,12,9771.96,44.1,1547.88,10191.3,Credit Card,Delivered,Express,Mobile App,WELCOME10,North,3
95879476,784248,07-02-2024,Grocery,Olive Oil 1L,4,857.5,12,3430.02,0,150.92,3169.34,Cash on Delivery,Shipped,Pickup Point,Mobile App,,Central,
95909559,663897,17-11-2024,Grocery,Organic Rice 5kg,3,744.87,2,2234.6,77.98,109.5,2377.39,Net Banking,Returned,Express,Marketplace,,South,
95915591,453000,05-12-2025,Fashion,Cotton T-Shirt,3,870.78,16,2612.35,290.81,263.32,2748.5,Credit Card,Delivered,Same Day,Mobile App,LOYALTY5,North,1
95963093,797674,11-07-2024,Fashion,Hoodie,2,2259.13,1,4518.26,0,536.77,5009.85,UPI,Delivered,Standard,Marketplace,,West,5
95994613,529767,30-07-2024,Beauty & Personal Care,Face Serum,3,1270.38,16,3811.13,16.84,576.24,3794.43,UPI,Delivered,Express,Website,,West,3
96008689,985217,15-06-2024,Sports & Fitness,Dumbbell Set,2,3254.98,0,6509.96,31.3,1171.79,7713.05,Debit Card,Delivered,Standard,Mobile App,,South,5
96020668,339186,17-02-2025,Electronics,Mechanical Keyboard,2,4324.98,1,8649.96,114.36,1541.42,10219.24,Debit Card,Confirmed,Express,Website,,West,
96027763,196350,25-12-2025,Books,Exam Preparation Book,1,908.24,9,908.24,54.33,41.32,922.15,Credit Card,Delivered,Standard,Mobile App,SAVE20,West,5
96038738,495243,16-05-2025,Fashion,Sunglasses,1,1351.24,16,1351.24,54.92,136.2,1326.16,Debit Card,Delivered,Standard,Mobile App,,East,5
96052063,800216,28-03-2025,Home & Kitchen,Non-Stick Cookware Set,3,5704.76,11,17114.27,106.78,2741.71,18080.19,Debit Card,Delivered,Express,Mobile App,LOYALTY5,South,3
96055212,663897,23-03-2025,Home & Kitchen,Non-Stick Cookware Set,1,5723.66,15,5723.66,78.96,875.72,5819.79,Debit Card,Delivered,Next Day,Website,,West,2
96092271,484201,07-10-2024,Home & Kitchen,Non-Stick Cookware Set,2,5929.72,17,11859.45,69.45,1771.8,11684.59,UPI,Delivered,Standard,Marketplace,,East,5
96100013,545331,08-10-2025,Home & Kitchen,Air Fryer,4,7431.42,11,29725.69,18.39,4762.05,31236.3,Credit Card,Confirmed,Standard,Website,FESTIVE15,East,
96107922,171842,28-05-2024,Grocery,Olive Oil 1L,2,860.81,25,1721.61,103.27,64.56,1459.04,Net Banking,Cancelled,Standard,Website,,East,
96114388,459182,21-12-2025,Electronics,Wireless Earbuds,1,2409.85,25,2409.85,77.42,325.33,2210.14,Wallet,Delivered,Standard,Website,WELCOME10,Central,5
96116133,908569,13-08-2024,Sports & Fitness,Sports Shoes,2,3346.39,11,6692.79,31.94,1072.18,7060.7,Net Banking,Delivered,Standard,Mobile App,FESTIVE15,West,5
96162489,459466,03-02-2025,Electronics,Bluetooth Speaker,2,3341.33,11,6682.66,0,1070.56,7018.13,Credit Card,Delivered,Standard,Website,,South,5
96177368,601222,11-09-2025,Electronics,Mechanical Keyboard,1,4196.99,10,4196.99,34.65,679.91,4491.85,Credit Card,Delivered,Standard,Mobile App,SAVE20,North,5
96178402,717362,19-08-2025,Fashion,Sunglasses,1,1268.62,10,1268.62,37.16,137.01,1315.93,UPI,Shipped,Standard,Marketplace,,Central,
96193188,967182,05-05-2024,Grocery,Dry Fruits 500g,4,817.95,6,3271.81,173.57,153.78,3402.85,Cash on Delivery,Delivered,Next Day,Website,,South,2
96248500,603463,31-07-2025,Sports & Fitness,Gym Bag,1,1731.88,0,1731.88,151.03,311.74,2194.65,Credit Card,Returned,Express,Marketplace,,South,
96320568,507481,20-11-2024,Books,Fiction Bestseller,5,614.86,16,3074.32,36.24,129.12,2747.79,Debit Card,Delivered,Standard,Mobile App,,West,5
96329905,924729,23-03-2024,Books,Data Analytics Handbook,3,910.3,15,2730.89,64.6,116.06,2501.92,UPI,Delivered,Standard,Website,APPONLY10,Central,5
96334836,403318,08-11-2025,Electronics,1080p Webcam,1,3813.1,18,3813.1,0,562.81,3689.55,UPI,Delivered,Standard,Mobile App,WELCOME10,North,5
96338356,273970,02-04-2024,Home & Kitchen,Air Fryer,1,6901.89,0,6901.89,0,1242.34,8144.23,Cash on Delivery,Delivered,Standard,Mobile App,APPONLY10,North,5
96437660,798628,23-12-2025,Electronics,Smartwatch,2,5958.82,16,11917.63,51.08,1801.95,11863.84,Credit Card,Delivered,Express,Website,FREESHIP,East,3
96467828,611808,17-08-2025,Beauty & Personal Care,Moisturizer,1,784.52,5,784.52,82.89,134.15,962.33,Cash on Delivery,Delivered,Standard,Marketplace,LOYALTY5,North,5
96525556,798962,13-04-2024,Beauty & Personal Care,Hair Dryer,3,2775.55,6,8326.64,78.74,1408.87,9314.65,Credit Card,Cancelled,Express,Mobile App,LOYALTY5,East,
96532991,106711,07-04-2024,Beauty & Personal Care,Perfume,3,2552.14,10,7656.43,34.76,1240.34,8165.89,UPI,Delivered,Express,Website,,East,4
96548394,307597,18-08-2024,Fashion,Sunglasses,4,1200.49,15,4801.94,44.53,489.8,4615.98,UPI,Shipped,Standard,Mobile App,APPONLY10,South,
96604932,735116,08-10-2025,Beauty & Personal Care,Lipstick,3,810.12,3,2430.37,117.43,424.34,2899.23,Debit Card,Shipped,Express,Website,,South,
96663913,870085,06-11-2024,Electronics,Smartwatch,1,5711.53,22,5711.53,14.22,801.9,5271.11,UPI,Delivered,Standard,Mobile App,,South,5
96676784,836088,29-06-2024,Electronics,Smartwatch,2,6072.39,0,12144.77,26.79,2186.06,14357.62,Wallet,Delivered,Standard,Mobile App,SAVE20,East,5
96695459,228445,19-08-2024,Beauty & Personal Care,Hair Dryer,1,2818.28,0,2818.28,71.94,507.29,3397.51,Cash on Delivery,Delivered,Standard,Website,SAVE20,South,6
96706070,648746,14-12-2024,Beauty & Personal Care,Lipstick,2,757.37,22,1514.74,26.98,212.67,1421.15,UPI,Processin,Pickup Point,Mobile App,LOYALTY5,West,
96718445,468547,11-02-2024,Fashion,Running Shoes,5,3995.41,10,19977.07,51.6,2157.52,20188.48,UPI,Cancelled,Express,Mobile App,,North,
96722026,644492,18-06-2024,Sports & Fitness,Gym Bag,2,1849.45,11,3698.91,61.77,592.57,3946.37,Credit Card,Delivered,Express,Mobile App,,West,3
96727364,250415,11-05-2025,Electronics,Bluetooth Speaker,3,3260.99,20,9782.97,0.09,1408.75,9235.22,UPI,Delivered,Standard,Website,WELCOME10,West,5
96750481,125726,16-04-2024,Grocery,Protein Cereal,3,644.08,5,1932.25,108.47,91.78,2035.89,UPI,Processin,Express,Website,,West,
96752447,506330,20-10-2024,Electronics,Bluetooth Speaker,4,3451.06,18,13804.25,8.35,2037.51,13365.35,Net Banking,Shipped,Standard,Website,,West,
96770772,870085,18-11-2025,Home & Kitchen,Storage Organizer,3,952.62,17,2857.85,93.15,426.96,2892.13,UPI,Delivered,Express,Marketplace,,North,4
96788676,523351,31-03-2025,Fashion,Denim Jeans,1,2686.86,26,2686.86,161.65,238.59,2388.52,Debit Card,Delivered,Next Day,Website,SAVE20,Central,2
96795258,756384,22-06-2025,Sports & Fitness,Dumbbell Set,1,3492.39,16,3492.39,61.49,528.05,3523.15,Credit Card,Delivered,Standard,Mobile App,,South,7
96807273,870085,08-06-2025,Beauty & Personal Care,Sunscreen SPF 50,3,933.78,17,2801.34,57.36,418.52,2800.99,Debit Card,Returned,Standard,Website,,West,
96854905,810253,23-05-2024,Electronics,Wireless Earbuds,2,2355.21,10,4710.43,0,763.09,5002.48,Net Banking,Delivered,Pickup Point,Mobile App,,South,6
96873221,469900,19-02-2024,Sports & Fitness,Dumbbell Set,1,3567.85,11,3567.85,2.65,571.57,3749.61,Credit Card,Delivered,Standard,Mobile App,,Central,5
96897506,408709,13-07-2024,Books,Fiction Bestseller,2,639.86,15,1279.72,152.53,54.39,1294.68,Debit Card,Shipped,Next Day,Mobile App,,North,
97039119,599639,22-05-2024,Home & Kitchen,Electric Kettle,2,1894.3,16,3788.6,84.58,572.84,3839.84,UPI,Processin,Express,Mobile App,WELCOME10,North,
97050880,530281,24-11-2025,Grocery,Premium Coffee,5,645.97,18,3229.83,208.76,132.42,2989.64,Net Banking,Delivered,Next Day,Website,,South,2
97094933,530556,25-09-2025,Sports & Fitness,Fitness Resistance Bands,3,1045.24,0,3135.72,145.55,564.43,3845.7,Credit Card,Shipped,Next Day,Mobile App,,South,
97111994,446115,02-06-2024,Fashion,Running Shoes,2,3886.62,0,7773.25,18.29,932.79,8724.33,Cash on Delivery,Delivered,Standard,Mobile App,APPONLY10,West,5
97133126,318678,19-11-2025,Grocery,Premium Coffee,4,662.44,17,2649.76,107.42,109.97,2416.69,UPI,Delivered,Express,Website,,West,3
97144663,295820,05-11-2024,Fashion,Hoodie,4,2143.96,7,8575.85,139.27,957.06,9071.87,Credit Card,Delivered,Next Day,Website,FESTIVE15,West,2
97148791,542719,09-06-2025,Fashion,Women’s Kurta,1,1530.77,10,1530.77,50.61,165.32,1593.62,Credit Card,Delivered,Standard,Mobile App,SAVE20,Central,5
97164093,611013,13-01-2025,Fashion,Casual Shirt,2,1925.36,10,3850.72,15.84,415.88,3897.37,Credit Card,Shipped,Standard,Website,,West,
97169990,350814,07-03-2025,Grocery,Snack Assortment,4,494.27,16,1977.07,57.29,83.04,1801.07,Credit Card,Delivered,Standard,Mobile App,,West,5
97201670,594362,13-11-2025,Books,Personal Finance Guide,5,739.22,20,3696.08,99.97,147.84,3204.67,UPI,Delivered,Express,Marketplace,,East,4
97230797,511294,15-05-2024,Books,Exam Preparation Book,2,1012.82,20,2025.63,64.24,81.03,1765.77,Credit Card,Delivered,Standard,Website,,South,7
97251435,517875,08-05-2024,Home & Kitchen,Storage Organizer,1,972.61,5,972.61,131.95,166.32,1222.25,Credit Card,Delivered,Express,Mobile App,,West,3
97273369,398690,12-10-2024,Fashion,Hoodie,1,2086.46,8,2086.46,199.36,230.34,2349.24,Cash on Delivery,Shipped,Next Day,Mobile App,APPONLY10,North,
97283520,646569,20-08-2024,Grocery,Olive Oil 1L,4,983.23,15,3932.91,50.53,167.15,3560.65,UPI,Delivered,Standard,Website,,North,5
97306312,859409,19-11-2025,Books,Fiction Bestseller,1,615,16,615,66.05,25.83,608.48,Net Banking,Delivered,Standard,Mobile App,,South,6
97325474,277727,13-11-2025,Home & Kitchen,Mixer Grinder,1,5343.09,8,5343.09,6.77,884.82,5807.23,UPI,Delivered,Standard,Website,FREESHIP,South,5
97326831,457808,14-11-2025,Fashion,Sunglasses,2,1149.3,2,2298.6,18.54,270.32,2541.49,Debit Card,Processin,Pickup Point,Website,,South,
97356225,333453,15-06-2025,Sports & Fitness,Dumbbell Set,2,3816.63,12,7633.26,10.56,1209.11,7936.94,Credit Card,Delivered,Standard,Mobile App,,East,5
97392345,889358,02-08-2024,Electronics,Bluetooth Speaker,2,3408.96,15,6817.93,8.11,1043.14,6846.49,UPI,Shipped,Standard,Mobile App,,North,
97402846,683367,10-07-2025,Electronics,1080p Webcam,3,4039.63,1,12118.9,18.35,2159.59,14175.65,UPI,Delivered,Standard,Mobile App,,West,5
97410740,260355,09-11-2024,Beauty & Personal Care,Lipstick,2,718.27,10,1436.53,51.93,232.72,1577.53,Net Banking,Cancelled,Standard,Mobile App,,West,
97428202,325460,19-11-2024,Sports & Fitness,Sports Shoes,2,3218.05,6,6436.1,11.97,1088.99,7150.89,Net Banking,Delivered,Standard,Website,,South,5
97431855,682171,22-07-2025,Grocery,Green Tea,2,423.64,10,847.28,55.47,38.13,856.15,Cash on Delivery,Delivered,Standard,Marketplace,,West,5
97441762,513429,24-01-2024,Books,Business Strategy Book,3,675.32,11,2025.96,64.43,90.16,1957.69,UPI,Returned,Express,Website,,West,
97444983,192285,27-10-2024,Electronics,Noise Cancelling Headphones,1,9838.52,15,9838.52,7.99,1505.29,9876.02,Credit Card,Delivered,Standard,Mobile App,,West,5
97464817,284849,02-11-2025,Home & Kitchen,Table Lamp,2,1482.56,17,2965.13,55.61,442.99,2959.66,UPI,Confirmed,Standard,Mobile App,,North,
97471332,949521,22-08-2025,Grocery,Dry Fruits 500g,1,853.36,1,853.36,252.22,42.24,1139.29,Credit Card,Shipped,Same Day,Website,,South,
97478579,631627,12-06-2024,Home & Kitchen,Bedsheet Set,4,1958.71,11,7834.85,68.59,1255.14,8296.75,Wallet,Delivered,Express,Marketplace,,East,3
97492963,103683,28-11-2025,Home & Kitchen,Storage Organizer,1,868.32,0,868.32,28.58,156.3,1053.2,Wallet,Shipped,Standard,Website,,Central,
97539467,880523,25-05-2025,Books,Data Analytics Handbook,1,897.91,5,897.91,67.17,42.65,962.83,Credit Card,Shipped,Standard,Marketplace,LOYALTY5,East,
97558490,121516,27-10-2024,Fashion,Casual Shirt,1,1741.81,21,1741.81,140.59,165.12,1681.74,Credit Card,Delivered,Express,Mobile App,,East,3
97583513,761245,27-11-2025,Books,Business Strategy Book,3,728.17,10,2184.5,54.88,98.3,2119.23,Cash on Delivery,Confirmed,Standard,Marketplace,,West,
97586698,816237,26-11-2024,Fashion,Women’s Kurta,1,1610.55,22,1610.55,40.38,150.75,1447.36,Credit Card,Delivered,Standard,Website,LOYALTY5,North,5
97595841,398690,25-06-2024,Grocery,Dry Fruits 500g,5,791.07,16,3955.36,46.66,166.12,3535.28,Debit Card,Delivered,Express,Website,FREESHIP,Central,3
97604592,704565,08-06-2024,Home & Kitchen,Non-Stick Cookware Set,2,5993.11,0,11986.22,63.82,2157.52,14207.56,Credit Card,Shipped,Express,Mobile App,,West,
97625101,446115,03-04-2024,Fashion,Denim Jeans,1,2590.49,10,2590.49,46.69,279.77,2657.9,UPI,Returned,Standard,Marketplace,,West,
97649419,882469,05-03-2024,Home & Kitchen,Electric Kettle,2,1977.42,6,3954.83,30.32,669.16,4417.02,Net Banking,Shipped,Standard,Website,,Central,
97667213,398690,11-11-2025,Electronics,USB-C Hub,1,2369.03,1,2369.03,46.06,422.16,2813.56,UPI,Delivered,Standard,Website,FESTIVE15,South,7
97671651,325495,27-02-2024,Electronics,Mechanical Keyboard,2,4725.45,5,9450.91,0,1616.1,10594.46,UPI,Delivered,Pickup Point,Website,,North,6
97686760,192903,11-08-2024,Sports & Fitness,Fitness Resistance Bands,2,1023.74,6,2047.49,82.07,346.44,2353.15,UPI,Delivered,Standard,Mobile App,,North,5
97725295,549533,15-11-2025,Electronics,USB-C Hub,4,1965.07,5,7860.29,85.17,1344.11,8896.56,Credit Card,Confirmed,Express,Mobile App,FREESHIP,South,
97727605,870085,21-06-2025,Fashion,Denim Jeans,1,2624.67,27,2624.67,72.19,229.92,2218.12,Wallet,Delivered,Standard,Mobile App,WELCOME10,South,5
97753317,682946,03-04-2024,Sports & Fitness,Gym Bag,1,1771.98,7,1771.98,128.24,296.63,2072.81,UPI,Cancelled,Express,Mobile App,WELCOME10,West,
97760678,696890,10-07-2025,Home & Kitchen,Air Fryer,1,6798.98,0,6798.98,45.75,1223.82,8068.55,UPI,Delivered,Express,Mobile App,,South,5
97769979,939874,21-01-2025,Sports & Fitness,Cricket Bat,2,4281.08,10,8562.16,24.18,1387.07,9117.19,Credit Card,Delivered,Express,Marketplace,LOYALTY5,East,3
97773569,966122,08-10-2025,Beauty & Personal Care,Sunscreen SPF 50,3,887.44,11,2662.33,54.01,426.5,2849.98,Net Banking,Delivered,Standard,Mobile App,LOYALTY5,North,5
97783884,738812,05-08-2024,Home & Kitchen,Storage Organizer,1,854.38,6,854.38,50.17,144.56,997.85,Cash on Delivery,Delivered,Standard,Mobile App,,Central,5
97800513,908569,04-12-2024,Sports & Fitness,Dumbbell Set,1,3404.99,6,3404.99,59.02,576.12,3835.83,UPI,Processin,Express,Website,,South,
97814798,531162,05-05-2025,Fashion,Casual Shirt,5,1753.87,11,8769.37,29.38,936.57,8770.69,UPI,Confirmed,Express,Mobile App,,South,
97830321,642670,05-03-2025,Electronics,Mechanical Keyboard,2,4672.94,0,9345.88,16.47,1682.26,11044.61,UPI,Delivered,Standard,Website,FESTIVE15,West,5
97853674,774535,08-06-2024,Home & Kitchen,Non-Stick Cookware Set,3,5526.11,25,16578.34,31.98,2238.08,14703.82,Credit Card,Delivered,Express,Mobile App,WELCOME10,West,3
97860270,285228,23-11-2024,Books,Exam Preparation Book,2,982.82,11,1965.64,83.25,87.47,1920.14,Cash on Delivery,Delivered,Express,Mobile App,,West,3
97861574,907468,25-07-2025,Beauty & Personal Care,Shampoo,2,698.3,10,1396.61,128.18,226.25,1611.38,Wallet,Delivered,Express,Website,APPONLY10,South,3
97864650,900979,11-07-2024,Home & Kitchen,Air Fryer,1,6940.27,6,6940.27,220.88,1174.29,7919.02,Credit Card,Delivered,Next Day,Website,FESTIVE15,East,2
97916731,784248,09-12-2025,Grocery,Premium Coffee,1,651.32,7,651.32,24.53,30.29,660.55,Credit Card,Cancelled,Pickup Point,Website,,Central,
97953413,377152,12-04-2025,Grocery,Green Tea,5,487.32,15,2436.58,43.5,103.55,2218.14,Cash on Delivery,Shipped,Standard,Mobile App,,South,
97968470,377152,06-06-2024,Beauty & Personal Care,Lipstick,3,771.95,0,2315.84,108.34,416.85,2841.03,Net Banking,Delivered,Express,Mobile App,,West,3
97968886,347406,24-08-2025,Fashion,Casual Shirt,1,1755.15,15,1755.15,99.64,179.03,1770.55,Credit Card,Delivered,Standard,Website,,South,5
97996010,744677,30-06-2024,Fashion,Running Shoes,2,4051.8,16,8103.6,10.24,816.84,7634.1,UPI,Delivered,Standard,Mobile App,,North,5
97998588,242174,22-02-2024,Electronics,Noise Cancelling Headphones,4,8940.75,20,35762.98,13.62,5149.87,33773.87,Cash on Delivery,Processin,Express,Mobile App,,South,
98001643,640753,12-01-2025,Home & Kitchen,Mixer Grinder,1,4846.24,10,4846.24,5.84,785.09,5152.55,Net Banking,Delivered,Express,Marketplace,FREESHIP,West,3
98005253,170875,04-02-2024,Home & Kitchen,Storage Organizer,3,869.4,17,2608.19,65.76,389.66,2620.22,UPI,Delivered,Standard,Mobile App,,West,5
98022016,701235,26-01-2025,Electronics,Power Bank,2,1572.48,0,3144.96,114.44,566.09,3825.49,UPI,Delivered,Next Day,Mobile App,FREESHIP,South,2
98029789,872600,25-11-2024,Grocery,Olive Oil 1L,3,886.76,5,2660.28,58.85,126.36,2712.48,UPI,Delivered,Standard,Marketplace,SAVE20,West,5
98050500,900979,18-08-2025,Sports & Fitness,Fitness Resistance Bands,4,959.1,1,3836.4,115.65,683.65,4597.34,Credit Card,Delivered,Express,Website,,North,3
98069229,726894,16-07-2025,Beauty & Personal Care,Face Serum,2,1360.56,11,2721.12,62.97,435.92,2920.69,Net Banking,Delivered,Standard,Website,FESTIVE15,East,5
98088702,192903,30-12-2024,Electronics,Wireless Earbuds,4,2458.04,8,9832.15,39.9,1628.2,10713.68,UPI,Delivered,Standard,Website,FESTIVE15,Central,5
98100244,554476,21-04-2024,Beauty & Personal Care,Face Serum,2,1259.91,26,2519.82,44.62,335.64,2244.93,UPI,Shipped,Standard,Website,,North,
98148460,212225,04-09-2024,Home & Kitchen,Table Lamp,2,1478.66,10,2957.33,69.19,479.09,3209.88,UPI,Delivered,Standard,Mobile App,,North,5
98158166,710236,31-10-2024,Beauty & Personal Care,Moisturizer,3,781.84,22,2345.52,55.94,329.31,2214.76,UPI,Delivered,Standard,Website,,North,5
98178996,360097,16-05-2024,Fashion,Women’s Kurta,2,1737.75,11,3475.5,0,371.18,3464.38,Cash on Delivery,Delivered,Standard,Mobile App,WELCOME10,West,5
98204355,694959,21-09-2024,Beauty & Personal Care,Perfume,1,2779.46,11,2779.46,33.64,445.27,2952.63,UPI,Delivered,Pickup Point,Website,WELCOME10,South,5
98237015,156356,31-10-2024,Beauty & Personal Care,Lipstick,1,812.23,3,812.23,96.44,141.81,1026.11,Credit Card,Delivered,Standard,Website,APPONLY10,West,5
98264927,192903,22-09-2024,Home & Kitchen,Table Lamp,3,1471.52,11,4414.57,40.5,707.21,4676.68,UPI,Delivered,Standard,Website,APPONLY10,Central,5
98265128,119671,23-08-2025,Fashion,Running Shoes,4,3923.1,6,15692.41,4.83,1770.1,16525.8,Credit Card,Delivered,Standard,Mobile App,,West,6
98275093,810253,19-11-2025,Electronics,Power Bank,2,1615.15,17,3230.31,39.35,482.61,3203.12,Cash on Delivery,Delivered,Standard,Mobile App,FREESHIP,West,5
98286241,479554,13-02-2024,Home & Kitchen,Non-Stick Cookware Set,1,5826.23,20,5826.23,126.34,838.98,5626.3,UPI,Delivered,Express,Website,,Central,3
98315286,810253,18-12-2024,Electronics,Wireless Earbuds,2,2609.32,2,5218.63,48.41,920.57,6083.24,Net Banking,Delivered,Standard,Website,FREESHIP,West,5
98332069,694959,14-02-2024,Sports & Fitness,Dumbbell Set,3,3333.31,16,9999.94,24.54,1511.99,9936.48,UPI,Delivered,Standard,Mobile App,FESTIVE15,North,5
98342961,479554,13-02-2024,Grocery,Premium Coffee,6,632.36,10,3794.15,26.46,170.74,3611.93,Credit Card,Returned,Standard,Mobile App,SAVE20,West,
98383192,908569,11-03-2024,Electronics,Smartwatch,3,6089.63,6,18268.9,34.22,3091.1,20298.09,Cash on Delivery,Delivered,Standard,Website,FESTIVE15,West,5
98417110,834029,22-12-2025,Fashion,Cotton T-Shirt,3,887.28,3,2661.85,64.78,309.84,2956.61,UPI,Delivered,Standard,Website,,South,5
98435919,890771,12-07-2025,Grocery,Snack Assortment,2,486.76,0,973.52,214.19,48.68,1236.39,Credit Card,Processin,Next Day,Marketplace,FREESHIP,North,
98444656,930111,21-05-2024,Beauty & Personal Care,Sunscreen SPF 50,2,829.01,20,1658.02,64.34,238.76,1629.52,UPI,Delivered,Express,Mobile App,,West,3
98467310,210506,02-03-2024,Fashion,Casual Shirt,2,1747.8,5,3495.59,193.12,398.5,3912.43,UPI,Delivered,Next Day,Mobile App,,East,2
98473878,798962,23-07-2025,Books,Data Analytics Handbook,3,878.82,21,2636.47,39.25,104.14,2226.2,Credit Card,Delivered,Pickup Point,Website,APPONLY10,South,5
98474532,505043,06-12-2025,Home & Kitchen,Electric Kettle,2,1925.45,22,3850.89,21.89,540.66,3566.24,UPI,Delivered,Standard,Website,,South,5
98514790,731007,01-02-2024,Fashion,Cotton T-Shirt,6,869.38,16,5216.28,125.12,525.8,5032.6,Wallet,Delivered,Same Day,Website,APPONLY10,Central,1
98639262,119671,16-08-2024,Sports & Fitness,Dumbbell Set,3,3774.19,6,11322.58,14.35,1915.78,12573.36,Cash on Delivery,Delivered,Express,Website,APPONLY10,West,5
98667880,985217,01-03-2025,Fashion,Running Shoes,3,4099.09,10,12297.27,10.96,1328.1,12406.6,UPI,Delivered,Standard,Website,FESTIVE15,East,5
98670746,333453,27-06-2024,Sports & Fitness,Cricket Bat,2,5013.66,12,10027.32,0,1588.33,10412.37,Wallet,Delivered,Standard,Mobile App,FREESHIP,South,5
98694841,151852,16-11-2024,Fashion,Sunglasses,2,1459.83,15,2919.66,100.77,297.81,2880.29,UPI,Delivered,Standard,Website,FREESHIP,Central,5
98727421,268660,25-07-2024,Fashion,Women’s Kurta,2,1680.17,20,3360.34,82.36,322.59,3093.22,UPI,Returned,Standard,Marketplace,LOYALTY5,West,
98746813,169957,19-12-2024,Home & Kitchen,Electric Kettle,2,2012.67,17,4025.34,115.17,601.39,4057.59,Credit Card,Delivered,Express,Mobile App,WELCOME10,Central,3
98750442,640870,03-11-2024,Beauty & Personal Care,Lipstick,2,821.89,5,1643.78,65.69,281.09,1908.37,UPI,Delivered,Standard,Website,WELCOME10,South,5
98777401,682946,20-12-2025,Home & Kitchen,Mixer Grinder,2,4355.21,12,8710.43,15.23,1379.73,9060.14,Credit Card,Delivered,Standard,Website,APPONLY10,West,5
98801995,820962,24-02-2024,Electronics,Noise Cancelling Headphones,2,8616.05,1,17232.1,94.48,3070.76,20225.02,Credit Card,Delivered,Next Day,Mobile App,FREESHIP,West,2
98813810,870688,07-11-2024,Electronics,Wireless Earbuds,1,2335.16,13,2335.16,116.39,365.69,2513.67,UPI,Returned,Express,Marketplace,SAVE20,South,
98816059,717362,19-06-2025,Books,Fiction Bestseller,1,635.04,25,635.04,129.31,23.81,629.4,Cash on Delivery,Cancelled,Express,Marketplace,FREESHIP,North,
98821101,844820,05-11-2025,Fashion,Running Shoes,1,4186.04,3,4186.04,174.4,487.26,4722.12,Net Banking,Delivered,Next Day,Marketplace,,North,2
98841353,156356,26-09-2025,Books,Personal Finance Guide,3,840.32,26,2520.95,46.13,93.28,2004.91,UPI,Delivered,Standard,Website,,South,5
98843691,811596,26-01-2024,Home & Kitchen,Storage Organizer,2,897.6,10,1795.19,100.17,290.82,2006.66,Debit Card,Delivered,Express,Mobile App,,South,3
98854919,429729,19-11-2025,Home & Kitchen,Non-Stick Cookware Set,2,6219.32,11,12438.64,25.37,1992.67,13088.43,Net Banking,Delivered,Standard,Marketplace,,North,5
98867521,810253,08-10-2024,Fashion,Sunglasses,1,1271.32,12,1271.32,111.89,134.25,1364.9,UPI,Returned,Express,Website,,North,
98879889,338179,11-10-2025,Electronics,Noise Cancelling Headphones,3,8005.77,4,24017.31,53.98,4150.19,27260.79,Credit Card,Delivered,Standard,Website,,South,5
98887623,810253,23-09-2024,Grocery,Green Tea,5,445.21,5,2226.03,112.61,105.74,2333.08,Net Banking,Delivered,Express,Website,,North,3
98903431,353080,03-07-2025,Fashion,Denim Jeans,1,2305.96,20,2305.96,59.75,221.37,2125.89,Credit Card,Delivered,Standard,Mobile App,FREESHIP,South,5
98917255,398690,04-11-2025,Electronics,Smartwatch,1,6679.96,16,6679.96,68.65,1010.01,6689.83,Debit Card,Delivered,Express,Website,SAVE20,South,3
98946269,921050,27-02-2025,Home & Kitchen,Electric Kettle,1,1792.13,6,1792.13,82.01,303.23,2069.84,Wallet,Delivered,Standard,Mobile App,,North,5
98954842,360097,22-11-2025,Fashion,Hoodie,1,2195.57,3,2195.57,127.01,255.56,2512.27,Credit Card,Delivered,Express,Marketplace,FREESHIP,North,4
98998056,754071,30-10-2024,Sports & Fitness,Dumbbell Set,4,3596.22,16,14384.88,28.04,2174.99,14286.33,UPI,Delivered,Standard,Mobile App,LOYALTY5,West,7
99040410,168648,10-11-2025,Grocery,Protein Cereal,3,594.08,26,1782.24,45.07,65.94,1429.87,Debit Card,Processin,Standard,Website,,East,
99057505,377531,17-04-2025,Fashion,Hoodie,3,1998.01,11,5994.03,237.87,640.16,6212.72,Credit Card,Returned,Same Day,Mobile App,,South,
99064329,569778,15-05-2025,Home & Kitchen,Electric Kettle,2,2010.46,6,4020.92,190.11,680.34,4650.11,Net Banking,Delivered,Same Day,Mobile App,,West,3
99076002,901714,17-08-2025,Sports & Fitness,Gym Bag,4,1824.54,11,7298.16,36.15,1169.16,7700.67,UPI,Delivered,Standard,Website,APPONLY10,South,6
99109166,950849,27-05-2025,Home & Kitchen,Mixer Grinder,3,5378.71,1,16136.13,0.17,2875.46,18850.4,Debit Card,Delivered,Standard,Marketplace,FESTIVE15,North,5
99121221,298508,23-02-2024,Grocery,Olive Oil 1L,4,955.49,11,3821.94,0,170.08,3571.61,Credit Card,Delivered,Pickup Point,Mobile App,,Central,5
99147827,810253,20-08-2025,Electronics,Smartwatch,2,6127.37,5,12254.75,3.03,2095.56,13740.6,UPI,Delivered,Standard,Website,,West,7
99157883,717362,12-01-2024,Sports & Fitness,Sports Shoes,1,3213.15,20,3213.15,186.94,462.69,3220.15,Debit Card,Processin,Next Day,Mobile App,SAVE20,South,
99200271,569791,22-10-2024,Fashion,Denim Jeans,4,2536.2,13,10144.81,10.93,1059.12,9896.03,Credit Card,Delivered,Standard,Marketplace,FESTIVE15,South,6
99221751,391078,06-10-2025,Fashion,Casual Shirt,4,1930.97,22,7723.86,12.73,722.95,6760.29,Net Banking,Delivered,Standard,Website,,South,5
99224859,648250,23-10-2024,Fashion,Running Shoes,1,3798.22,10,3798.22,251.38,410.21,4079.99,Wallet,Delivered,Same Day,Marketplace,FESTIVE15,Central,3
99228808,950712,30-01-2025,Home & Kitchen,Air Fryer,2,7031.4,11,14062.8,0,2252.86,14768.75,UPI,Delivered,Pickup Point,Mobile App,,South,5
99235842,434516,07-11-2025,Electronics,Mechanical Keyboard,6,4493.28,11,26959.66,39.69,4318.94,28352.73,UPI,Delivered,Express,Website,FREESHIP,South,3
99238756,811520,22-11-2025,Grocery,Green Tea,2,456.11,16,912.23,106.02,38.31,910.6,Credit Card,Shipped,Express,Website,FESTIVE15,South,
99242973,950849,28-12-2024,Home & Kitchen,Water Bottle,1,1038.12,3,1038.12,77.99,181.26,1266.23,Cash on Delivery,Shipped,Standard,Website,,North,
99259246,477682,26-06-2025,Home & Kitchen,Storage Organizer,5,996.01,26,4980.07,55.51,663.34,4404.1,Cash on Delivery,Delivered,Express,Website,,East,5
99319737,774535,07-11-2025,Beauty & Personal Care,Perfume,2,2921.93,17,5843.86,38.53,873.07,5762,Credit Card,Delivered,Standard,Marketplace,,West,5
99339546,766287,31-03-2025,Home & Kitchen,Storage Organizer,2,921.12,25,1842.25,96.75,248.7,1727.14,Net Banking,Delivered,Express,Mobile App,,East,3
99341517,160754,01-10-2025,Books,Exam Preparation Book,3,1056.9,7,3170.69,91.73,147.44,3187.91,Debit Card,Delivered,Express,Mobile App,WELCOME10,South,3
99346048,156356,16-03-2025,Electronics,Mechanical Keyboard,1,4037.58,1,4037.58,83.49,719.5,4800.19,Credit Card,Delivered,Next Day,Website,,South,2
99379908,732254,21-02-2025,Fashion,Backpack,4,2388.91,5,9555.64,110.4,1089.34,10277.6,Credit Card,Delivered,Next Day,Website,WELCOME10,East,2
99390310,543715,10-07-2024,Beauty & Personal Care,Face Serum,3,1326.4,11,3979.19,113.56,637.47,4292.51,Debit Card,Delivered,Express,Website,,North,3
99402590,784248,13-06-2025,Electronics,1080p Webcam,1,4051.86,17,4051.86,23.26,605.35,3991.65,UPI,Delivered,Standard,Mobile App,,South,6
99415818,603694,27-09-2025,Fashion,Hoodie,1,2103.95,21,2103.95,212.22,199.45,2073.79,Credit Card,Processin,Next Day,Website,,South,
99432575,918157,07-08-2025,Fashion,Sunglasses,1,1316.29,1,1316.29,51.87,156.38,1511.38,UPI,Delivered,Standard,Marketplace,WELCOME10,North,5
99441487,950712,18-08-2024,Electronics,1080p Webcam,3,3638.95,11,10916.85,341.69,1748.88,11806.57,UPI,Returned,Same Day,Mobile App,FESTIVE15,North,
99454472,624815,24-02-2025,Grocery,Dry Fruits 500g,3,856.48,6,2569.45,55.39,120.76,2591.43,Wallet,Delivered,Standard,Website,,South,5
99476695,311051,24-05-2024,Fashion,Hoodie,2,2158.53,7,4317.07,21.57,481.79,4518.24,Cash on Delivery,Delivered,Standard,Website,,Central,5
99485917,192285,02-06-2025,Home & Kitchen,Storage Organizer,2,919.98,5,1839.96,113.16,314.63,2175.75,Net Banking,Delivered,Express,Website,FREESHIP,East,4
99490446,311051,07-05-2025,Beauty & Personal Care,Shampoo,2,719.92,7,1439.84,70.19,241.03,1650.27,Wallet,Delivered,Standard,Marketplace,FESTIVE15,Central,5
99507991,706997,14-10-2024,Fashion,Denim Jeans,1,2496.72,21,2496.72,88.35,236.69,2297.45,Credit Card,Shipped,Standard,Marketplace,FESTIVE15,South,
99513685,564068,20-02-2024,Electronics,USB-C Hub,2,2391.34,1,4782.68,0,852.27,5587.12,Net Banking,Delivered,Standard,Mobile App,,South,6
99530951,933312,29-10-2025,Fashion,Casual Shirt,1,1957.99,0,1957.99,73.31,234.96,2266.26,Cash on Delivery,Delivered,Standard,Marketplace,,East,6
99560770,843601,13-02-2024,Fashion,Sunglasses,1,1423.71,0,1423.71,56.5,170.85,1651.06,UPI,Shipped,Standard,Website,,East,
99647428,712679,25-12-2025,Sports & Fitness,Fitness Resistance Bands,1,906.72,11,906.72,177.57,145.26,1129.81,UPI,Delivered,Next Day,Website,,West,2
99699130,915934,08-09-2025,Electronics,Power Bank,2,1661.76,10,3323.51,86.38,538.41,3615.95,UPI,Delivered,Standard,Website,,South,5
99727962,114374,01-10-2025,Sports & Fitness,Gym Bag,2,1757.1,25,3514.21,67.23,474.42,3177.31,Debit Card,Shipped,Standard,Mobile App,,South,
99746515,918157,05-04-2025,Fashion,Casual Shirt,2,1783.5,6,3567,26.44,402.36,3781.78,Debit Card,Shipped,Express,Website,FREESHIP,East,
99774350,121516,18-11-2025,Electronics,Noise Cancelling Headphones,4,10191.79,3,40767.17,0,7117.95,46662.1,Credit Card,Confirmed,Standard,Website,,South,
99774383,121516,17-04-2025,Home & Kitchen,Storage Organizer,1,922.01,21,922.01,43.19,131.11,902.69,Cash on Delivery,Delivered,Standard,Mobile App,,West,5
99774569,159779,22-10-2024,Fashion,Sunglasses,3,1278.05,2,3834.16,37.77,450.9,4246.15,Debit Card,Delivered,Express,Website,,North,4
99784342,192903,29-02-2024,Sports & Fitness,Dumbbell Set,2,3445.44,1,6890.87,25.29,1227.95,8075.2,UPI,Delivered,Express,Website,LOYALTY5,Central,3
99803155,727149,26-03-2025,Home & Kitchen,Air Fryer,2,6530.57,0,13061.13,116.83,2351,15528.96,UPI,Cancelled,Next Day,Website,,South,
99804624,145945,02-10-2024,Grocery,Dry Fruits 500g,3,771.59,11,2314.76,83.7,103.01,2246.85,UPI,Delivered,Standard,Website,,West,5
99825531,145887,14-10-2024,Beauty & Personal Care,Perfume,1,2392.77,13,2392.77,172.3,374.71,2628.72,Cash on Delivery,Shipped,Next Day,Mobile App,,North,
99826936,797674,16-11-2025,Grocery,Protein Cereal,3,550.97,6,1652.9,98.8,77.69,1730.22,Credit Card,Returned,Express,Mobile App,,East,
99832351,469315,22-08-2024,Books,Exam Preparation Book,2,1045.16,11,2090.33,222.69,93.02,2176.1,UPI,Processin,Next Day,Website,,South,
99882151,717362,15-07-2024,Grocery,Dry Fruits 500g,3,768.18,15,2304.54,110.98,97.94,2167.78,UPI,Delivered,Express,Mobile App,,East,3
99927585,744824,15-04-2025,Electronics,USB-C Hub,2,2056.55,10,4113.1,0,666.32,4368.11,Credit Card,Shipped,Standard,Mobile App,LOYALTY5,North,
99931169,420820,21-11-2025,Home & Kitchen,Table Lamp,2,1536.78,5,3073.57,119.82,525.58,3565.29,UPI,Confirmed,Express,Website,,Central,
99942012,949856,10-05-2024,Home & Kitchen,Mixer Grinder,1,4685.07,16,4685.07,16.6,708.38,4660.44,Credit Card,Delivered,Standard,Mobile App,,North,5
99952811,950849,26-06-2024,Fashion,Cotton T-Shirt,3,889.26,11,2667.77,154.63,284.92,2813.87,Cash on Delivery,Delivered,Next Day,Website,,South,2
99956492,905420,11-10-2025,Fashion,Backpack,4,2281.66,28,9126.63,20.94,788.54,7380.65,Debit Card,Cancelled,Standard,Website,LOYALTY5,South,
99967129,121516,14-11-2025,Beauty & Personal Care,Moisturizer,2,800.36,3,1600.72,80.08,279.49,1912.27,UPI,Delivered,Standard,Website,,South,5
99971716,315327,06-05-2025,Books,Data Analytics Handbook,2,971.46,5,1942.93,241.62,92.29,2179.69,Credit Card,Delivered,Same Day,Mobile App,SAVE20,West,2
